archive,source_partition,source_image_name,source_index,sample_id,inclusion_status,exclusion_reason,selection_rule,cytoplasm_instance_index,nucleus_instance_index,nucleus_area_px,whole_cell_area_px,raw_whole_cell_fraction_at_128,nucleus_to_whole_cell_fraction,n_candidate_nuclei_in_normalized_crop,crowding_group,normalized_crop_side_px,target_whole_cell_fraction,outcome_blind,scale_shift_tertile,nucleus_occupancy_tertile
Cx22-Pair.zip,Pair,00000,0,Cx22-Pair:000001,included,,largest_matched_cytoplasm_instance,0,0,484,18771,0.07171630859375,0.02578445474402003,1,not_crowded,193,0.5057373046875,True,high,middle
Cx22-Pair.zip,Pair,00000,1,Cx22-Pair:000002,included,,largest_matched_cytoplasm_instance,0,0,384,6941,0.0264892578125,0.05532344042645152,1,not_crowded,118,0.5057373046875,True,low,high
Cx22-Pair.zip,Pair,00001,2,Cx22-Pair:000003,included,,largest_matched_cytoplasm_instance,1,0,509,17176,0.06597900390625,0.02963437354448067,2,crowded,185,0.5057373046875,True,middle,high
Cx22-Pair.zip,Pair,00001,3,Cx22-Pair:000004,included,,largest_matched_cytoplasm_instance,1,1,512,20820,0.079345703125,0.024591738712776177,1,not_crowded,203,0.5057373046875,True,high,middle
Cx22-Pair.zip,Pair,00002,4,Cx22-Pair:000005,included,,largest_matched_cytoplasm_instance,1,0,2317,62553,0.23712158203125,0.03704058958003613,2,crowded,352,0.5057373046875,True,high,high
Cx22-Pair.zip,Pair,00002,5,Cx22-Pair:000006,included,,largest_matched_cytoplasm_instance,1,1,1272,24172,0.0931396484375,0.05262286943571074,1,not_crowded,220,0.5057373046875,True,high,high
Cx22-Pair.zip,Pair,00002,6,Cx22-Pair:000007,included,,largest_matched_cytoplasm_instance,0,0,939,32702,0.12451171875,0.02871384013210201,2,crowded,256,0.5057373046875,True,high,middle
Cx22-Pair.zip,Pair,00004,7,Cx22-Pair:000008,included,,largest_matched_cytoplasm_instance,1,0,529,9162,0.03466796875,0.057738485046932984,2,crowded,135,0.5057373046875,True,low,high
Cx22-Pair.zip,Pair,00004,8,Cx22-Pair:000009,included,,largest_matched_cytoplasm_instance,0,0,223,10196,0.0386962890625,0.021871322087092977,2,crowded,142,0.5057373046875,True,low,middle
Cx22-Pair.zip,Pair,00004,9,Cx22-Pair:000010,included,,largest_matched_cytoplasm_instance,0,1,283,15354,0.0584716796875,0.01843167904129217,2,crowded,175,0.5057373046875,True,middle,middle
Cx22-Pair.zip,Pair,00005,10,Cx22-Pair:000011,included,,largest_matched_cytoplasm_instance,0,1,302,12694,0.0484619140625,0.023790767291633843,1,not_crowded,162,0.5057373046875,True,middle,middle
Cx22-Pair.zip,Pair,00006,11,Cx22-Pair:000012,included,,largest_matched_cytoplasm_instance,1,1,103,3914,0.0147705078125,0.02631578947368421,2,crowded,88,0.5057373046875,True,low,middle
Cx22-Pair.zip,Pair,00006,12,Cx22-Pair:000013,included,,largest_matched_cytoplasm_instance,0,0,178,12561,0.04766845703125,0.014170846270201418,2,crowded,168,0.5057373046875,True,middle,low
Cx22-Pair.zip,Pair,00008,13,Cx22-Pair:000014,included,,largest_matched_cytoplasm_instance,1,0,455,9777,0.03704833984375,0.046537792778971056,2,crowded,167,0.5057373046875,True,low,high
Cx22-Pair.zip,Pair,00008,14,Cx22-Pair:000015,included,,largest_matched_cytoplasm_instance,0,1,366,12619,0.04766845703125,0.02900388303352088,2,crowded,176,0.5057373046875,True,middle,middle
Cx22-Pair.zip,Pair,00009,15,Cx22-Pair:000016,included,,largest_matched_cytoplasm_instance,1,1,566,29930,0.11334228515625,0.018910791847644503,2,crowded,244,0.5057373046875,True,high,middle
Cx22-Pair.zip,Pair,00009,16,Cx22-Pair:000017,included,,largest_matched_cytoplasm_instance,0,1,302,5309,0.02032470703125,0.05688453569410435,2,crowded,103,0.5057373046875,True,low,high
Cx22-Pair.zip,Pair,00010,17,Cx22-Pair:000018,included,,largest_matched_cytoplasm_instance,0,0,201,11143,0.04229736328125,0.018038230279098986,2,crowded,152,0.5057373046875,True,low,middle
Cx22-Pair.zip,Pair,00011,18,Cx22-Pair:000019,included,,largest_matched_cytoplasm_instance,0,0,320,16050,0.061279296875,0.019937694704049845,2,crowded,179,0.5057373046875,True,middle,middle
Cx22-Pair.zip,Pair,00011,19,Cx22-Pair:000020,included,,largest_matched_cytoplasm_instance,1,1,316,24552,0.0938720703125,0.012870641902899967,1,not_crowded,221,0.5057373046875,True,high,low
Cx22-Pair.zip,Pair,00012,20,Cx22-Pair:000021,included,,largest_matched_cytoplasm_instance,0,0,181,6648,0.02545166015625,0.027226233453670277,2,crowded,149,0.5057373046875,True,low,middle
Cx22-Pair.zip,Pair,00012,21,Cx22-Pair:000022,included,,largest_matched_cytoplasm_instance,1,1,267,11176,0.042724609375,0.023890479599141017,2,crowded,163,0.5057373046875,True,low,middle
Cx22-Pair.zip,Pair,00012,22,Cx22-Pair:000023,included,,largest_matched_cytoplasm_instance,0,0,351,8795,0.03375244140625,0.03990903922683343,1,not_crowded,139,0.5057373046875,True,low,high
Cx22-Pair.zip,Pair,00013,23,Cx22-Pair:000024,included,,largest_matched_cytoplasm_instance,1,0,250,13014,0.0498046875,0.01921008145074535,2,crowded,161,0.5057373046875,True,middle,middle
Cx22-Pair.zip,Pair,00013,24,Cx22-Pair:000025,included,,largest_matched_cytoplasm_instance,1,1,595,11399,0.04327392578125,0.05219756118957803,2,crowded,151,0.5057373046875,True,low,high
Cx22-Pair.zip,Pair,00014,25,Cx22-Pair:000026,included,,largest_matched_cytoplasm_instance,1,0,225,15008,0.05706787109375,0.014992004264392324,2,crowded,173,0.5057373046875,True,middle,low
Cx22-Pair.zip,Pair,00014,26,Cx22-Pair:000027,included,,largest_matched_cytoplasm_instance,1,1,299,9510,0.036376953125,0.03144058885383807,2,crowded,138,0.5057373046875,True,low,high
Cx22-Pair.zip,Pair,00016,27,Cx22-Pair:000028,included,,largest_matched_cytoplasm_instance,0,0,222,19671,0.0750732421875,0.011285648924813176,2,crowded,198,0.5057373046875,True,high,low
Cx22-Pair.zip,Pair,00017,28,Cx22-Pair:000029,included,,largest_matched_cytoplasm_instance,0,0,333,22385,0.0853271484375,0.01487603305785124,1,not_crowded,211,0.5057373046875,True,high,low
Cx22-Pair.zip,Pair,00017,29,Cx22-Pair:000030,included,,largest_matched_cytoplasm_instance,0,0,563,13040,0.05010986328125,0.04317484662576687,1,not_crowded,161,0.5057373046875,True,middle,high
Cx22-Pair.zip,Pair,00017,30,Cx22-Pair:000031,included,,largest_matched_cytoplasm_instance,1,1,746,19933,0.07574462890625,0.03742537500627101,2,crowded,199,0.5057373046875,True,high,high
Cx22-Pair.zip,Pair,00019,31,Cx22-Pair:000032,included,,largest_matched_cytoplasm_instance,1,1,432,24473,0.09326171875,0.017652106402974706,1,not_crowded,220,0.5057373046875,True,high,low
Cx22-Pair.zip,Pair,00019,32,Cx22-Pair:000033,included,,largest_matched_cytoplasm_instance,0,0,496,27887,0.10626220703125,0.017786065191666367,2,crowded,235,0.5057373046875,True,high,low
Cx22-Pair.zip,Pair,00020,33,Cx22-Pair:000034,included,,largest_matched_cytoplasm_instance,1,1,477,27002,0.10284423828125,0.017665358121620622,2,crowded,232,0.5057373046875,True,high,low
Cx22-Pair.zip,Pair,00020,34,Cx22-Pair:000035,included,,largest_matched_cytoplasm_instance,0,1,327,23769,0.09063720703125,0.013757415120535152,1,not_crowded,217,0.5057373046875,True,high,low
Cx22-Pair.zip,Pair,00021,35,Cx22-Pair:000036,included,,largest_matched_cytoplasm_instance,1,1,510,13326,0.05072021484375,0.038271049076992344,2,crowded,163,0.5057373046875,True,middle,high
Cx22-Pair.zip,Pair,00023,36,Cx22-Pair:000037,included,,largest_matched_cytoplasm_instance,1,1,226,12509,0.04754638671875,0.01806699176592853,2,crowded,158,0.5057373046875,True,middle,middle
Cx22-Pair.zip,Pair,00024,37,Cx22-Pair:000038,included,,largest_matched_cytoplasm_instance,0,0,302,18501,0.070556640625,0.0163234419761094,2,crowded,192,0.5057373046875,True,high,low
Cx22-Pair.zip,Pair,00026,38,Cx22-Pair:000039,included,,largest_matched_cytoplasm_instance,1,1,464,16930,0.06402587890625,0.027406969875959836,2,crowded,183,0.5057373046875,True,middle,middle
Cx22-Pair.zip,Pair,00026,39,Cx22-Pair:000040,included,,largest_matched_cytoplasm_instance,1,0,761,19296,0.0733642578125,0.039438225538971805,1,not_crowded,196,0.5057373046875,True,high,high
Cx22-Pair.zip,Pair,00027,40,Cx22-Pair:000041,included,,largest_matched_cytoplasm_instance,0,1,208,23778,0.0909423828125,0.00874758179830095,1,not_crowded,217,0.5057373046875,True,high,low
Cx22-Pair.zip,Pair,00028,41,Cx22-Pair:000042,included,,largest_matched_cytoplasm_instance,1,0,515,9891,0.0379638671875,0.052067536143969265,2,crowded,140,0.5057373046875,True,low,high
Cx22-Pair.zip,Pair,00028,42,Cx22-Pair:000043,included,,largest_matched_cytoplasm_instance,1,1,615,20347,0.07769775390625,0.030225586081486216,2,crowded,201,0.5057373046875,True,high,high
Cx22-Pair.zip,Pair,00028,43,Cx22-Pair:000044,included,,largest_matched_cytoplasm_instance,0,0,294,15780,0.06024169921875,0.018631178707224333,1,not_crowded,177,0.5057373046875,True,middle,middle
Cx22-Pair.zip,Pair,00032,44,Cx22-Pair:000045,included,,largest_matched_cytoplasm_instance,0,0,339,15453,0.05926513671875,0.0219374878664337,2,crowded,180,0.5057373046875,True,middle,middle
Cx22-Pair.zip,Pair,00032,45,Cx22-Pair:000046,included,,largest_matched_cytoplasm_instance,0,0,652,19760,0.0753173828125,0.03299595141700405,2,crowded,198,0.5057373046875,True,high,high
Cx22-Pair.zip,Pair,00032,46,Cx22-Pair:000047,included,,largest_matched_cytoplasm_instance,0,0,624,17676,0.06787109375,0.035302104548540394,2,crowded,191,0.5057373046875,True,middle,high
Cx22-Pair.zip,Pair,00033,47,Cx22-Pair:000048,included,,largest_matched_cytoplasm_instance,1,1,546,14684,0.05584716796875,0.03718332879324435,2,crowded,171,0.5057373046875,True,middle,high
Cx22-Pair.zip,Pair,00034,48,Cx22-Pair:000049,included,,largest_matched_cytoplasm_instance,0,0,239,19670,0.07501220703125,0.012150482968988307,2,crowded,198,0.5057373046875,True,high,low
Cx22-Pair.zip,Pair,00036,49,Cx22-Pair:000050,included,,largest_matched_cytoplasm_instance,0,0,485,18341,0.06976318359375,0.02644348726896025,1,not_crowded,191,0.5057373046875,True,high,middle
Cx22-Pair.zip,Pair,00036,50,Cx22-Pair:000051,included,,largest_matched_cytoplasm_instance,0,0,651,12132,0.04595947265625,0.05365974282888229,2,crowded,155,0.5057373046875,True,middle,high
Cx22-Pair.zip,Pair,00039,51,Cx22-Pair:000052,included,,largest_matched_cytoplasm_instance,0,1,601,13216,0.05023193359375,0.04547518159806296,1,not_crowded,165,0.5057373046875,True,middle,high
Cx22-Pair.zip,Pair,00039,52,Cx22-Pair:000053,included,,largest_matched_cytoplasm_instance,0,0,418,8657,0.03314208984375,0.048284625158831,2,crowded,131,0.5057373046875,True,low,high
Cx22-Pair.zip,Pair,00040,53,Cx22-Pair:000054,included,,largest_matched_cytoplasm_instance,1,1,287,20979,0.08001708984375,0.013680347013680347,1,not_crowded,204,0.5057373046875,True,high,low
Cx22-Pair.zip,Pair,00040,54,Cx22-Pair:000055,included,,largest_matched_cytoplasm_instance,0,0,358,18294,0.0699462890625,0.019569257680113698,1,not_crowded,191,0.5057373046875,True,high,middle
Cx22-Pair.zip,Pair,00040,55,Cx22-Pair:000056,included,,largest_matched_cytoplasm_instance,1,1,429,19681,0.07513427734375,0.021797672882475486,1,not_crowded,198,0.5057373046875,True,high,middle
Cx22-Pair.zip,Pair,00041,56,Cx22-Pair:000057,included,,largest_matched_cytoplasm_instance,0,1,481,10013,0.03790283203125,0.0480375511834615,2,crowded,141,0.5057373046875,True,low,high
Cx22-Pair.zip,Pair,00046,57,Cx22-Pair:000058,included,,largest_matched_cytoplasm_instance,1,0,472,12684,0.04833984375,0.03721223588773258,1,not_crowded,159,0.5057373046875,True,middle,high
Cx22-Pair.zip,Pair,00049,58,Cx22-Pair:000059,included,,largest_matched_cytoplasm_instance,0,1,240,8932,0.03399658203125,0.026869682042095836,1,not_crowded,133,0.5057373046875,True,low,middle
Cx22-Pair.zip,Pair,00050,59,Cx22-Pair:000060,included,,largest_matched_cytoplasm_instance,0,0,564,19437,0.07373046875,0.0290168235838864,1,not_crowded,197,0.5057373046875,True,high,middle
Cx22-Pair.zip,Pair,00050,60,Cx22-Pair:000061,included,,largest_matched_cytoplasm_instance,1,1,442,10700,0.04052734375,0.041308411214953274,1,not_crowded,151,0.5057373046875,True,low,high
Cx22-Pair.zip,Pair,00051,61,Cx22-Pair:000062,included,,largest_matched_cytoplasm_instance,0,1,376,19168,0.0728759765625,0.01961602671118531,1,not_crowded,195,0.5057373046875,True,high,middle
Cx22-Pair.zip,Pair,00053,62,Cx22-Pair:000063,included,,largest_matched_cytoplasm_instance,0,1,379,4930,0.0189208984375,0.07687626774847871,1,not_crowded,99,0.5057373046875,True,low,high
Cx22-Pair.zip,Pair,00054,63,Cx22-Pair:000064,included,,largest_matched_cytoplasm_instance,0,1,243,21152,0.08038330078125,0.011488275340393343,1,not_crowded,205,0.5057373046875,True,high,low
Cx22-Pair.zip,Pair,00056,64,Cx22-Pair:000065,included,,largest_matched_cytoplasm_instance,1,0,468,26884,0.10247802734375,0.017408123791102514,1,not_crowded,231,0.5057373046875,True,high,low
Cx22-Pair.zip,Pair,00056,65,Cx22-Pair:000066,included,,largest_matched_cytoplasm_instance,1,0,436,16851,0.06414794921875,0.025873835380689575,1,not_crowded,183,0.5057373046875,True,middle,middle
Cx22-Pair.zip,Pair,00057,66,Cx22-Pair:000067,included,,largest_matched_cytoplasm_instance,1,1,298,16138,0.06182861328125,0.018465733052422852,1,not_crowded,179,0.5057373046875,True,middle,middle
Cx22-Pair.zip,Pair,00058,67,Cx22-Pair:000068,included,,largest_matched_cytoplasm_instance,1,1,526,27244,0.10443115234375,0.019307003376890324,2,crowded,233,0.5057373046875,True,high,middle
Cx22-Pair.zip,Pair,00059,68,Cx22-Pair:000069,included,,largest_matched_cytoplasm_instance,0,0,171,9309,0.03570556640625,0.018369320012890752,1,not_crowded,139,0.5057373046875,True,low,middle
Cx22-Pair.zip,Pair,00060,69,Cx22-Pair:000070,included,,largest_matched_cytoplasm_instance,0,0,307,15724,0.06005859375,0.019524294072755025,1,not_crowded,177,0.5057373046875,True,middle,middle
Cx22-Pair.zip,Pair,00061,70,Cx22-Pair:000071,included,,largest_matched_cytoplasm_instance,1,0,246,10509,0.04022216796875,0.023408506994005138,1,not_crowded,145,0.5057373046875,True,low,middle
Cx22-Pair.zip,Pair,00061,71,Cx22-Pair:000072,included,,largest_matched_cytoplasm_instance,0,0,294,9632,0.036865234375,0.030523255813953487,1,not_crowded,152,0.5057373046875,True,low,high
Cx22-Pair.zip,Pair,00062,72,Cx22-Pair:000073,included,,largest_matched_cytoplasm_instance,1,1,683,20186,0.07666015625,0.03383533141781433,2,crowded,200,0.5057373046875,True,high,high
Cx22-Pair.zip,Pair,00065,73,Cx22-Pair:000074,included,,largest_matched_cytoplasm_instance,1,1,283,13326,0.05078125,0.021236680174095753,2,crowded,163,0.5057373046875,True,middle,middle
Cx22-Pair.zip,Pair,00068,74,Cx22-Pair:000075,included,,largest_matched_cytoplasm_instance,0,0,450,23758,0.09075927734375,0.01894098829867834,2,crowded,217,0.5057373046875,True,high,middle
Cx22-Pair.zip,Pair,00068,75,Cx22-Pair:000076,included,,largest_matched_cytoplasm_instance,1,1,345,15011,0.05706787109375,0.02298314569315835,2,crowded,173,0.5057373046875,True,middle,middle
Cx22-Pair.zip,Pair,00068,76,Cx22-Pair:000077,included,,largest_matched_cytoplasm_instance,0,1,343,5582,0.02142333984375,0.06144750985309925,2,crowded,106,0.5057373046875,True,low,high
Cx22-Pair.zip,Pair,00068,77,Cx22-Pair:000078,included,,largest_matched_cytoplasm_instance,1,1,177,19247,0.072998046875,0.00919623837481166,2,crowded,196,0.5057373046875,True,high,low
Cx22-Pair.zip,Pair,00068,78,Cx22-Pair:000079,included,,largest_matched_cytoplasm_instance,0,0,420,25860,0.09857177734375,0.016241299303944315,2,crowded,227,0.5057373046875,True,high,low
Cx22-Pair.zip,Pair,00068,79,Cx22-Pair:000080,included,,largest_matched_cytoplasm_instance,0,0,436,22294,0.08514404296875,0.01955683143446667,1,not_crowded,210,0.5057373046875,True,high,middle
Cx22-Pair.zip,Pair,00068,80,Cx22-Pair:000081,included,,largest_matched_cytoplasm_instance,1,1,378,13036,0.04974365234375,0.028996624731512734,2,crowded,164,0.5057373046875,True,middle,middle
Cx22-Pair.zip,Pair,00070,81,Cx22-Pair:000082,included,,largest_matched_cytoplasm_instance,1,1,376,18011,0.068359375,0.02087613125312309,2,crowded,189,0.5057373046875,True,high,middle
Cx22-Pair.zip,Pair,00070,82,Cx22-Pair:000083,included,,largest_matched_cytoplasm_instance,1,1,284,14454,0.05523681640625,0.019648540196485403,1,not_crowded,170,0.5057373046875,True,middle,middle
Cx22-Pair.zip,Pair,00072,83,Cx22-Pair:000084,included,,largest_matched_cytoplasm_instance,0,0,683,14508,0.0550537109375,0.047077474496829336,1,not_crowded,170,0.5057373046875,True,middle,high
Cx22-Pair.zip,Pair,00074,84,Cx22-Pair:000085,included,,largest_matched_cytoplasm_instance,0,0,738,31450,0.11981201171875,0.02346581875993641,2,crowded,250,0.5057373046875,True,high,middle
Cx22-Pair.zip,Pair,00074,85,Cx22-Pair:000086,included,,largest_matched_cytoplasm_instance,1,0,564,22851,0.0877685546875,0.024681633188919524,2,crowded,213,0.5057373046875,True,high,middle
Cx22-Pair.zip,Pair,00074,86,Cx22-Pair:000087,included,,largest_matched_cytoplasm_instance,1,1,392,16019,0.0611572265625,0.024470940757850054,2,crowded,178,0.5057373046875,True,middle,middle
Cx22-Pair.zip,Pair,00074,87,Cx22-Pair:000088,included,,largest_matched_cytoplasm_instance,1,1,751,35411,0.13458251953125,0.021208099178221456,1,not_crowded,265,0.5057373046875,True,high,middle
Cx22-Pair.zip,Pair,00075,88,Cx22-Pair:000089,included,,largest_matched_cytoplasm_instance,0,0,343,29750,0.11370849609375,0.011529411764705882,2,crowded,243,0.5057373046875,True,high,low
Cx22-Pair.zip,Pair,00077,89,Cx22-Pair:000090,included,,largest_matched_cytoplasm_instance,1,1,244,9780,0.037109375,0.024948875255623722,2,crowded,169,0.5057373046875,True,low,middle
Cx22-Pair.zip,Pair,00077,90,Cx22-Pair:000091,included,,largest_matched_cytoplasm_instance,1,1,373,13566,0.051513671875,0.027495208609759694,2,crowded,172,0.5057373046875,True,middle,middle
Cx22-Pair.zip,Pair,00078,91,Cx22-Pair:000092,included,,largest_matched_cytoplasm_instance,1,1,801,16805,0.06427001953125,0.04766438559952395,2,crowded,183,0.5057373046875,True,middle,high
Cx22-Pair.zip,Pair,00078,92,Cx22-Pair:000093,included,,largest_matched_cytoplasm_instance,0,1,194,14693,0.05609130859375,0.013203566324099912,2,crowded,171,0.5057373046875,True,middle,low
Cx22-Pair.zip,Pair,00078,93,Cx22-Pair:000094,included,,largest_matched_cytoplasm_instance,1,0,734,8243,0.03106689453125,0.08904525051558898,1,not_crowded,128,0.5057373046875,True,low,high
Cx22-Pair.zip,Pair,00078,94,Cx22-Pair:000095,included,,largest_matched_cytoplasm_instance,0,1,585,12326,0.04705810546875,0.047460652279733895,2,crowded,163,0.5057373046875,True,middle,high
Cx22-Pair.zip,Pair,00078,95,Cx22-Pair:000096,included,,largest_matched_cytoplasm_instance,1,1,277,10036,0.03814697265625,0.027600637704264647,1,not_crowded,141,0.5057373046875,True,low,middle
Cx22-Pair.zip,Pair,00078,96,Cx22-Pair:000097,included,,largest_matched_cytoplasm_instance,1,0,118,11238,0.042724609375,0.010500088983804947,2,crowded,178,0.5057373046875,True,low,low
Cx22-Pair.zip,Pair,00079,97,Cx22-Pair:000098,included,,largest_matched_cytoplasm_instance,1,0,458,10797,0.0411376953125,0.04241919051588404,2,crowded,147,0.5057373046875,True,low,high
Cx22-Pair.zip,Pair,00079,98,Cx22-Pair:000099,included,,largest_matched_cytoplasm_instance,1,0,427,15357,0.05859375,0.02780490981311454,2,crowded,175,0.5057373046875,True,middle,middle
Cx22-Pair.zip,Pair,00080,99,Cx22-Pair:000100,included,,largest_matched_cytoplasm_instance,0,0,199,12649,0.048095703125,0.01573246896987904,2,crowded,159,0.5057373046875,True,middle,low
Cx22-Pair.zip,Pair,00082,100,Cx22-Pair:000101,included,,largest_matched_cytoplasm_instance,0,0,529,16283,0.062255859375,0.03248787078548179,1,not_crowded,180,0.5057373046875,True,middle,high
Cx22-Pair.zip,Pair,00083,101,Cx22-Pair:000102,included,,largest_matched_cytoplasm_instance,0,1,403,16728,0.063720703125,0.024091343854615015,1,not_crowded,182,0.5057373046875,True,middle,middle
Cx22-Pair.zip,Pair,00084,102,Cx22-Pair:000103,included,,largest_matched_cytoplasm_instance,0,0,350,20481,0.07781982421875,0.01708900932571652,1,not_crowded,202,0.5057373046875,True,high,low
Cx22-Pair.zip,Pair,00085,103,Cx22-Pair:000104,included,,largest_matched_cytoplasm_instance,0,0,445,15281,0.058349609375,0.02912113081604607,1,not_crowded,174,0.5057373046875,True,middle,middle
Cx22-Pair.zip,Pair,00086,104,Cx22-Pair:000105,included,,largest_matched_cytoplasm_instance,0,0,674,15546,0.05914306640625,0.04335520391097388,1,not_crowded,176,0.5057373046875,True,middle,high
Cx22-Pair.zip,Pair,00087,105,Cx22-Pair:000106,included,,largest_matched_cytoplasm_instance,1,1,1041,18892,0.07220458984375,0.05510268896887571,2,crowded,194,0.5057373046875,True,high,high
Cx22-Pair.zip,Pair,00090,106,Cx22-Pair:000107,included,,largest_matched_cytoplasm_instance,1,1,727,19484,0.07391357421875,0.037312666803531104,1,not_crowded,203,0.5057373046875,True,high,high
Cx22-Pair.zip,Pair,00090,107,Cx22-Pair:000108,included,,largest_matched_cytoplasm_instance,1,1,465,20575,0.07843017578125,0.022600243013365735,1,not_crowded,202,0.5057373046875,True,high,middle
Cx22-Pair.zip,Pair,00095,108,Cx22-Pair:000109,included,,largest_matched_cytoplasm_instance,1,1,343,14378,0.0545654296875,0.02385589094449854,2,crowded,169,0.5057373046875,True,middle,middle
Cx22-Pair.zip,Pair,00095,109,Cx22-Pair:000110,included,,largest_matched_cytoplasm_instance,0,0,417,8744,0.03338623046875,0.047689844464775845,2,crowded,132,0.5057373046875,True,low,high
Cx22-Pair.zip,Pair,00097,110,Cx22-Pair:000111,included,,largest_matched_cytoplasm_instance,1,1,218,13732,0.0528564453125,0.015875327701718612,2,crowded,165,0.5057373046875,True,middle,low
Cx22-Pair.zip,Pair,00100,111,Cx22-Pair:000112,included,,largest_matched_cytoplasm_instance,0,0,948,30740,0.117431640625,0.03083929733246584,2,crowded,247,0.5057373046875,True,high,high
Cx22-Pair.zip,Pair,00101,112,Cx22-Pair:000113,included,,largest_matched_cytoplasm_instance,0,0,231,7487,0.02850341796875,0.030853479364231336,2,crowded,122,0.5057373046875,True,low,high
Cx22-Pair.zip,Pair,00102,113,Cx22-Pair:000114,included,,largest_matched_cytoplasm_instance,0,0,671,28111,0.1075439453125,0.023869659563871794,2,crowded,236,0.5057373046875,True,high,middle
Cx22-Pair.zip,Pair,00102,114,Cx22-Pair:000115,included,,largest_matched_cytoplasm_instance,0,0,621,9741,0.03704833984375,0.06375115491222667,2,crowded,140,0.5057373046875,True,low,high
Cx22-Pair.zip,Pair,00103,115,Cx22-Pair:000116,included,,largest_matched_cytoplasm_instance,1,0,506,16455,0.06256103515625,0.030750531753266485,2,crowded,181,0.5057373046875,True,middle,high
Cx22-Pair.zip,Pair,00103,116,Cx22-Pair:000117,included,,largest_matched_cytoplasm_instance,1,1,871,16067,0.06103515625,0.05421049355822493,1,not_crowded,191,0.5057373046875,True,middle,high
Cx22-Pair.zip,Pair,00104,117,Cx22-Pair:000118,included,,largest_matched_cytoplasm_instance,1,1,486,14028,0.05340576171875,0.034644995722840036,2,crowded,167,0.5057373046875,True,middle,high
Cx22-Pair.zip,Pair,00106,118,Cx22-Pair:000119,included,,largest_matched_cytoplasm_instance,0,0,546,19031,0.07269287109375,0.028690032052966212,2,crowded,194,0.5057373046875,True,high,middle
Cx22-Pair.zip,Pair,00106,119,Cx22-Pair:000120,included,,largest_matched_cytoplasm_instance,1,1,728,15232,0.05828857421875,0.04779411764705882,2,crowded,174,0.5057373046875,True,middle,high
Cx22-Pair.zip,Pair,00107,120,Cx22-Pair:000121,included,,largest_matched_cytoplasm_instance,1,0,925,18418,0.0704345703125,0.050222608317949835,1,not_crowded,191,0.5057373046875,True,high,high
Cx22-Pair.zip,Pair,00107,121,Cx22-Pair:000122,included,,largest_matched_cytoplasm_instance,1,1,516,20523,0.0784912109375,0.02514252302294986,1,not_crowded,202,0.5057373046875,True,high,middle
Cx22-Pair.zip,Pair,00108,122,Cx22-Pair:000123,included,,largest_matched_cytoplasm_instance,1,0,432,13320,0.0506591796875,0.032432432432432434,1,not_crowded,163,0.5057373046875,True,middle,high
Cx22-Pair.zip,Pair,00108,123,Cx22-Pair:000124,included,,largest_matched_cytoplasm_instance,1,1,650,20161,0.0771484375,0.032240464262685384,2,crowded,200,0.5057373046875,True,high,high
Cx22-Pair.zip,Pair,00110,124,Cx22-Pair:000125,included,,largest_matched_cytoplasm_instance,0,0,258,14573,0.05511474609375,0.017703973100940094,2,crowded,191,0.5057373046875,True,middle,low
Cx22-Pair.zip,Pair,00110,125,Cx22-Pair:000126,included,,largest_matched_cytoplasm_instance,1,1,208,18738,0.07135009765625,0.011100437613405912,1,not_crowded,193,0.5057373046875,True,high,low
Cx22-Pair.zip,Pair,00111,126,Cx22-Pair:000127,included,,largest_matched_cytoplasm_instance,0,0,266,10539,0.04010009765625,0.025239586298510294,2,crowded,145,0.5057373046875,True,low,middle
Cx22-Pair.zip,Pair,00112,127,Cx22-Pair:000128,included,,largest_matched_cytoplasm_instance,0,0,476,17395,0.06634521484375,0.027364185110663984,1,not_crowded,187,0.5057373046875,True,middle,middle
Cx22-Pair.zip,Pair,00112,128,Cx22-Pair:000129,included,,largest_matched_cytoplasm_instance,0,0,166,14300,0.05438232421875,0.011608391608391609,1,not_crowded,169,0.5057373046875,True,middle,low
Cx22-Pair.zip,Pair,00112,129,Cx22-Pair:000130,included,,largest_matched_cytoplasm_instance,0,0,154,7411,0.02783203125,0.02077992173795709,2,crowded,129,0.5057373046875,True,low,middle
Cx22-Pair.zip,Pair,00113,130,Cx22-Pair:000131,included,,largest_matched_cytoplasm_instance,0,1,1171,21343,0.0811767578125,0.054865763950709835,2,crowded,250,0.5057373046875,True,high,high
Cx22-Pair.zip,Pair,00113,131,Cx22-Pair:000132,included,,largest_matched_cytoplasm_instance,1,0,750,9693,0.03692626953125,0.0773754255648406,2,crowded,139,0.5057373046875,True,low,high
Cx22-Pair.zip,Pair,00114,132,Cx22-Pair:000133,included,,largest_matched_cytoplasm_instance,0,1,409,26208,0.0999755859375,0.015605921855921856,2,crowded,228,0.5057373046875,True,high,low
Cx22-Pair.zip,Pair,00114,133,Cx22-Pair:000134,included,,largest_matched_cytoplasm_instance,0,0,433,20797,0.0794677734375,0.020820310621724288,2,crowded,203,0.5057373046875,True,high,middle
Cx22-Pair.zip,Pair,00114,134,Cx22-Pair:000135,included,,largest_matched_cytoplasm_instance,1,1,849,14444,0.0546875,0.05877873165328164,2,crowded,169,0.5057373046875,True,middle,high
Cx22-Pair.zip,Pair,00114,135,Cx22-Pair:000136,included,,largest_matched_cytoplasm_instance,0,0,391,23987,0.09185791015625,0.01630049610205528,2,crowded,218,0.5057373046875,True,high,low
Cx22-Pair.zip,Pair,00114,136,Cx22-Pair:000137,included,,largest_matched_cytoplasm_instance,0,0,511,19609,0.0748291015625,0.02605946249171299,1,not_crowded,197,0.5057373046875,True,high,middle
Cx22-Pair.zip,Pair,00117,137,Cx22-Pair:000138,included,,largest_matched_cytoplasm_instance,1,0,361,17042,0.06488037109375,0.021182959746508627,2,crowded,201,0.5057373046875,True,middle,middle
Cx22-Pair.zip,Pair,00117,138,Cx22-Pair:000139,included,,largest_matched_cytoplasm_instance,1,1,687,22114,0.0845947265625,0.031066292846160803,2,crowded,210,0.5057373046875,True,high,high
Cx22-Pair.zip,Pair,00119,139,Cx22-Pair:000140,included,,largest_matched_cytoplasm_instance,0,0,521,11286,0.0430908203125,0.04616338826865143,2,crowded,150,0.5057373046875,True,low,high
Cx22-Pair.zip,Pair,00120,140,Cx22-Pair:000141,included,,largest_matched_cytoplasm_instance,0,1,318,20254,0.07745361328125,0.015700602350153057,2,crowded,201,0.5057373046875,True,high,low
Cx22-Pair.zip,Pair,00120,141,Cx22-Pair:000142,included,,largest_matched_cytoplasm_instance,1,1,347,15969,0.0606689453125,0.021729601102135388,1,not_crowded,178,0.5057373046875,True,middle,middle
Cx22-Pair.zip,Pair,00121,142,Cx22-Pair:000143,included,,largest_matched_cytoplasm_instance,1,0,410,18128,0.06903076171875,0.02261694616063548,1,not_crowded,190,0.5057373046875,True,high,middle
Cx22-Pair.zip,Pair,00122,143,Cx22-Pair:000144,included,,largest_matched_cytoplasm_instance,1,1,268,12601,0.04827880859375,0.02126815332116499,1,not_crowded,158,0.5057373046875,True,middle,middle
Cx22-Pair.zip,Pair,00123,144,Cx22-Pair:000145,included,,largest_matched_cytoplasm_instance,1,0,518,17733,0.0673828125,0.029211075396154064,2,crowded,188,0.5057373046875,True,middle,middle
Cx22-Pair.zip,Pair,00123,145,Cx22-Pair:000146,included,,largest_matched_cytoplasm_instance,0,0,644,8756,0.033447265625,0.07354956601187757,2,crowded,141,0.5057373046875,True,low,high
Cx22-Pair.zip,Pair,00124,146,Cx22-Pair:000147,included,,largest_matched_cytoplasm_instance,1,1,186,14677,0.0560302734375,0.012672889555086189,2,crowded,171,0.5057373046875,True,middle,low
Cx22-Pair.zip,Pair,00125,147,Cx22-Pair:000148,included,,largest_matched_cytoplasm_instance,1,0,389,18411,0.0699462890625,0.02112867307587855,1,not_crowded,191,0.5057373046875,True,high,middle
Cx22-Pair.zip,Pair,00125,148,Cx22-Pair:000149,included,,largest_matched_cytoplasm_instance,0,1,335,13590,0.0517578125,0.024650478292862398,2,crowded,181,0.5057373046875,True,middle,middle
Cx22-Pair.zip,Pair,00125,149,Cx22-Pair:000150,included,,largest_matched_cytoplasm_instance,0,1,344,26105,0.09954833984375,0.013177552193066462,2,crowded,228,0.5057373046875,True,high,low
Cx22-Pair.zip,Pair,00125,150,Cx22-Pair:000151,included,,largest_matched_cytoplasm_instance,0,0,452,12845,0.04901123046875,0.03518878941222266,2,crowded,160,0.5057373046875,True,middle,high
Cx22-Pair.zip,Pair,00125,151,Cx22-Pair:000152,included,,largest_matched_cytoplasm_instance,1,0,249,20425,0.07757568359375,0.01219094247246022,1,not_crowded,201,0.5057373046875,True,high,low
Cx22-Pair.zip,Pair,00125,152,Cx22-Pair:000153,included,,largest_matched_cytoplasm_instance,0,1,240,13177,0.05010986328125,0.018213553919708584,1,not_crowded,162,0.5057373046875,True,middle,middle
Cx22-Pair.zip,Pair,00126,153,Cx22-Pair:000154,included,,largest_matched_cytoplasm_instance,1,1,208,22302,0.0849609375,0.009326517801094072,1,not_crowded,210,0.5057373046875,True,high,low
Cx22-Pair.zip,Pair,00127,154,Cx22-Pair:000155,included,,largest_matched_cytoplasm_instance,1,0,343,13096,0.0509033203125,0.026191203420891877,1,not_crowded,161,0.5057373046875,True,middle,middle
Cx22-Pair.zip,Pair,00128,155,Cx22-Pair:000156,included,,largest_matched_cytoplasm_instance,1,1,262,27472,0.10430908203125,0.009536983110075713,2,crowded,234,0.5057373046875,True,high,low
Cx22-Pair.zip,Pair,00128,156,Cx22-Pair:000157,included,,largest_matched_cytoplasm_instance,1,0,742,29080,0.110595703125,0.025515818431911967,1,not_crowded,240,0.5057373046875,True,high,middle
Cx22-Pair.zip,Pair,00129,157,Cx22-Pair:000158,included,,largest_matched_cytoplasm_instance,1,0,853,16201,0.06182861328125,0.052651070921548054,1,not_crowded,179,0.5057373046875,True,middle,high
Cx22-Pair.zip,Pair,00130,158,Cx22-Pair:000159,included,,largest_matched_cytoplasm_instance,0,0,810,17747,0.06756591796875,0.045641516876091734,2,crowded,188,0.5057373046875,True,middle,high
Cx22-Pair.zip,Pair,00133,159,Cx22-Pair:000160,included,,largest_matched_cytoplasm_instance,1,0,424,15921,0.0606689453125,0.026631492996671065,1,not_crowded,178,0.5057373046875,True,middle,middle
Cx22-Pair.zip,Pair,00133,160,Cx22-Pair:000161,included,,largest_matched_cytoplasm_instance,0,0,293,11696,0.044677734375,0.025051299589603282,2,crowded,153,0.5057373046875,True,middle,middle
Cx22-Pair.zip,Pair,00133,161,Cx22-Pair:000162,included,,largest_matched_cytoplasm_instance,1,1,295,14560,0.0557861328125,0.020260989010989012,2,crowded,170,0.5057373046875,True,middle,middle
Cx22-Pair.zip,Pair,00133,162,Cx22-Pair:000163,included,,largest_matched_cytoplasm_instance,0,0,230,9853,0.03778076171875,0.023343144220034508,1,not_crowded,140,0.5057373046875,True,low,middle
Cx22-Pair.zip,Pair,00134,163,Cx22-Pair:000164,included,,largest_matched_cytoplasm_instance,0,0,430,25528,0.09759521484375,0.016844249451582576,2,crowded,225,0.5057373046875,True,high,low
Cx22-Pair.zip,Pair,00135,164,Cx22-Pair:000165,included,,largest_matched_cytoplasm_instance,0,1,299,5057,0.0191650390625,0.05912596401028278,1,not_crowded,104,0.5057373046875,True,low,high
Cx22-Pair.zip,Pair,00136,165,Cx22-Pair:000166,included,,largest_matched_cytoplasm_instance,0,0,722,11762,0.04486083984375,0.06138411834721986,1,not_crowded,153,0.5057373046875,True,middle,high
Cx22-Pair.zip,Pair,00136,166,Cx22-Pair:000167,included,,largest_matched_cytoplasm_instance,0,0,218,19570,0.07427978515625,0.011139499233520695,2,crowded,197,0.5057373046875,True,high,low
Cx22-Pair.zip,Pair,00136,167,Cx22-Pair:000168,included,,largest_matched_cytoplasm_instance,0,0,338,12665,0.0484619140625,0.02668772206869325,1,not_crowded,159,0.5057373046875,True,middle,middle
Cx22-Pair.zip,Pair,00137,168,Cx22-Pair:000169,included,,largest_matched_cytoplasm_instance,0,0,506,27361,0.1044921875,0.01849347611563905,2,crowded,233,0.5057373046875,True,high,middle
Cx22-Pair.zip,Pair,00137,169,Cx22-Pair:000170,included,,largest_matched_cytoplasm_instance,0,0,376,43658,0.16656494140625,0.008612396353474735,2,crowded,294,0.5057373046875,True,high,low
Cx22-Pair.zip,Pair,00138,170,Cx22-Pair:000171,included,,largest_matched_cytoplasm_instance,1,1,582,14188,0.05401611328125,0.041020580772483786,2,crowded,168,0.5057373046875,True,middle,high
Cx22-Pair.zip,Pair,00138,171,Cx22-Pair:000172,included,,largest_matched_cytoplasm_instance,0,0,856,12797,0.0487060546875,0.06689067750253966,1,not_crowded,160,0.5057373046875,True,middle,high
Cx22-Pair.zip,Pair,00139,172,Cx22-Pair:000173,included,,largest_matched_cytoplasm_instance,1,1,526,4715,0.01812744140625,0.11155885471898197,2,crowded,130,0.5057373046875,True,low,high
Cx22-Pair.zip,Pair,00140,173,Cx22-Pair:000174,included,,largest_matched_cytoplasm_instance,1,1,597,10615,0.0406494140625,0.0562411681582666,2,crowded,150,0.5057373046875,True,low,high
Cx22-Pair.zip,Pair,00140,174,Cx22-Pair:000175,included,,largest_matched_cytoplasm_instance,0,0,880,6073,0.02294921875,0.14490367199077886,2,crowded,110,0.5057373046875,True,low,high
Cx22-Pair.zip,Pair,00140,175,Cx22-Pair:000176,included,,largest_matched_cytoplasm_instance,1,1,547,8623,0.03302001953125,0.0634349994201554,2,crowded,131,0.5057373046875,True,low,high
Cx22-Pair.zip,Pair,00141,176,Cx22-Pair:000177,included,,largest_matched_cytoplasm_instance,1,0,769,14413,0.05474853515625,0.05335461042114757,1,not_crowded,169,0.5057373046875,True,middle,high
Cx22-Pair.zip,Pair,00141,177,Cx22-Pair:000178,included,,largest_matched_cytoplasm_instance,0,1,499,18346,0.06988525390625,0.027199389512700317,2,crowded,198,0.5057373046875,True,high,middle
Cx22-Pair.zip,Pair,00143,178,Cx22-Pair:000179,included,,largest_matched_cytoplasm_instance,1,0,726,13892,0.05279541015625,0.0522602936942125,2,crowded,166,0.5057373046875,True,middle,high
Cx22-Pair.zip,Pair,00143,179,Cx22-Pair:000180,included,,largest_matched_cytoplasm_instance,0,0,324,18505,0.07080078125,0.017508781410429615,2,crowded,192,0.5057373046875,True,high,low
Cx22-Pair.zip,Pair,00143,180,Cx22-Pair:000181,included,,largest_matched_cytoplasm_instance,1,0,796,17450,0.06646728515625,0.04561604584527221,1,not_crowded,186,0.5057373046875,True,middle,high
Cx22-Pair.zip,Pair,00143,181,Cx22-Pair:000182,included,,largest_matched_cytoplasm_instance,1,1,491,14436,0.0548095703125,0.03401219174286506,2,crowded,172,0.5057373046875,True,middle,high
Cx22-Pair.zip,Pair,00143,182,Cx22-Pair:000183,included,,largest_matched_cytoplasm_instance,1,0,444,10290,0.0394287109375,0.04314868804664723,2,crowded,149,0.5057373046875,True,low,high
Cx22-Pair.zip,Pair,00143,183,Cx22-Pair:000184,included,,largest_matched_cytoplasm_instance,0,0,449,22494,0.0858154296875,0.019960878456477284,2,crowded,212,0.5057373046875,True,high,middle
Cx22-Pair.zip,Pair,00144,184,Cx22-Pair:000185,included,,largest_matched_cytoplasm_instance,1,1,202,20950,0.0802001953125,0.00964200477326969,2,crowded,204,0.5057373046875,True,high,low
Cx22-Pair.zip,Pair,00144,185,Cx22-Pair:000186,included,,largest_matched_cytoplasm_instance,0,0,530,15089,0.05731201171875,0.03512492544237524,2,crowded,173,0.5057373046875,True,middle,high
Cx22-Pair.zip,Pair,00146,186,Cx22-Pair:000187,included,,largest_matched_cytoplasm_instance,0,0,312,17478,0.0665283203125,0.017851012701682115,1,not_crowded,186,0.5057373046875,True,middle,middle
Cx22-Pair.zip,Pair,00147,187,Cx22-Pair:000188,included,,largest_matched_cytoplasm_instance,0,0,260,14159,0.05389404296875,0.018362878734373898,2,crowded,168,0.5057373046875,True,middle,middle
Cx22-Pair.zip,Pair,00148,188,Cx22-Pair:000189,included,,largest_matched_cytoplasm_instance,1,1,265,19650,0.07501220703125,0.013486005089058525,1,not_crowded,198,0.5057373046875,True,high,low
Cx22-Pair.zip,Pair,00148,189,Cx22-Pair:000190,included,,largest_matched_cytoplasm_instance,0,1,198,15573,0.05926513671875,0.012714313234444231,2,crowded,176,0.5057373046875,True,middle,low
Cx22-Pair.zip,Pair,00148,190,Cx22-Pair:000191,included,,largest_matched_cytoplasm_instance,0,0,190,16617,0.0634765625,0.011434073539146657,1,not_crowded,186,0.5057373046875,True,middle,low
Cx22-Pair.zip,Pair,00149,191,Cx22-Pair:000192,included,,largest_matched_cytoplasm_instance,0,0,260,23597,0.09033203125,0.011018349790227571,2,crowded,277,0.5057373046875,True,high,low
Cx22-Pair.zip,Pair,00149,192,Cx22-Pair:000193,included,,largest_matched_cytoplasm_instance,1,1,827,14018,0.05303955078125,0.05899557711513768,2,crowded,183,0.5057373046875,True,middle,high
Cx22-Pair.zip,Pair,00149,193,Cx22-Pair:000194,included,,largest_matched_cytoplasm_instance,1,1,539,11821,0.044921875,0.04559681922003215,1,not_crowded,153,0.5057373046875,True,middle,high
Cx22-Pair.zip,Pair,00149,194,Cx22-Pair:000195,included,,largest_matched_cytoplasm_instance,0,0,221,16178,0.06170654296875,0.013660526641117566,2,crowded,179,0.5057373046875,True,middle,low
Cx22-Pair.zip,Pair,00150,195,Cx22-Pair:000196,included,,largest_matched_cytoplasm_instance,1,1,457,12757,0.04852294921875,0.0358234694677432,2,crowded,173,0.5057373046875,True,middle,high
Cx22-Pair.zip,Pair,00151,196,Cx22-Pair:000197,included,,largest_matched_cytoplasm_instance,0,0,724,17666,0.0672607421875,0.04098267859164497,1,not_crowded,187,0.5057373046875,True,middle,high
Cx22-Pair.zip,Pair,00154,197,Cx22-Pair:000198,included,,largest_matched_cytoplasm_instance,0,0,218,8706,0.0330810546875,0.02504020215943028,2,crowded,132,0.5057373046875,True,low,middle
Cx22-Pair.zip,Pair,00154,198,Cx22-Pair:000199,included,,largest_matched_cytoplasm_instance,0,0,418,20852,0.0792236328125,0.020046038749280643,2,crowded,204,0.5057373046875,True,high,middle
Cx22-Pair.zip,Pair,00154,199,Cx22-Pair:000200,included,,largest_matched_cytoplasm_instance,1,1,282,12177,0.04638671875,0.023158413402315843,1,not_crowded,156,0.5057373046875,True,middle,middle
Cx22-Pair.zip,Pair,00158,200,Cx22-Pair:000201,included,,largest_matched_cytoplasm_instance,0,0,489,10773,0.04107666015625,0.045391255917571705,2,crowded,146,0.5057373046875,True,low,high
Cx22-Pair.zip,Pair,00159,201,Cx22-Pair:000202,included,,largest_matched_cytoplasm_instance,0,0,483,11633,0.04443359375,0.04151981432132726,2,crowded,152,0.5057373046875,True,middle,high
Cx22-Pair.zip,Pair,00159,202,Cx22-Pair:000203,included,,largest_matched_cytoplasm_instance,0,0,466,10221,0.0389404296875,0.04559240778788768,2,crowded,143,0.5057373046875,True,low,high
Cx22-Pair.zip,Pair,00160,203,Cx22-Pair:000204,included,,largest_matched_cytoplasm_instance,0,0,190,27688,0.10565185546875,0.006862178561109506,2,crowded,234,0.5057373046875,True,high,low
Cx22-Pair.zip,Pair,00161,204,Cx22-Pair:000205,included,,largest_matched_cytoplasm_instance,0,1,666,13417,0.05108642578125,0.049638518297682045,1,not_crowded,163,0.5057373046875,True,middle,high
Cx22-Pair.zip,Pair,00161,205,Cx22-Pair:000206,included,,largest_matched_cytoplasm_instance,0,1,574,15871,0.0604248046875,0.03616659315733098,1,not_crowded,192,0.5057373046875,True,middle,high
Cx22-Pair.zip,Pair,00161,206,Cx22-Pair:000207,included,,largest_matched_cytoplasm_instance,1,1,479,21961,0.08380126953125,0.0218113929238195,2,crowded,241,0.5057373046875,True,high,middle
Cx22-Pair.zip,Pair,00161,207,Cx22-Pair:000208,included,,largest_matched_cytoplasm_instance,1,1,525,14930,0.05694580078125,0.035164099129269925,1,not_crowded,172,0.5057373046875,True,middle,high
Cx22-Pair.zip,Pair,00161,208,Cx22-Pair:000209,included,,largest_matched_cytoplasm_instance,1,1,478,17938,0.0684814453125,0.026647340840673432,2,crowded,189,0.5057373046875,True,high,middle
Cx22-Pair.zip,Pair,00161,209,Cx22-Pair:000210,included,,largest_matched_cytoplasm_instance,0,0,567,19265,0.073486328125,0.02943161173111861,2,crowded,196,0.5057373046875,True,high,high
Cx22-Pair.zip,Pair,00163,210,Cx22-Pair:000211,included,,largest_matched_cytoplasm_instance,1,1,272,21692,0.08282470703125,0.012539184952978056,1,not_crowded,208,0.5057373046875,True,high,low
Cx22-Pair.zip,Pair,00163,211,Cx22-Pair:000212,included,,largest_matched_cytoplasm_instance,0,0,658,27684,0.10540771484375,0.023768241583586185,1,not_crowded,234,0.5057373046875,True,high,middle
Cx22-Pair.zip,Pair,00166,212,Cx22-Pair:000213,included,,largest_matched_cytoplasm_instance,0,0,535,11401,0.04345703125,0.04692570827120428,2,crowded,151,0.5057373046875,True,low,high
Cx22-Pair.zip,Pair,00166,213,Cx22-Pair:000214,included,,largest_matched_cytoplasm_instance,1,1,393,9538,0.0361328125,0.04120360662612707,1,not_crowded,139,0.5057373046875,True,low,high
Cx22-Pair.zip,Pair,00166,214,Cx22-Pair:000215,included,,largest_matched_cytoplasm_instance,1,1,273,16794,0.06427001953125,0.01625580564487317,2,crowded,183,0.5057373046875,True,middle,low
Cx22-Pair.zip,Pair,00168,215,Cx22-Pair:000216,included,,largest_matched_cytoplasm_instance,0,0,243,5029,0.01904296875,0.04831974547623782,1,not_crowded,110,0.5057373046875,True,low,high
Cx22-Pair.zip,Pair,00168,216,Cx22-Pair:000217,included,,largest_matched_cytoplasm_instance,1,1,342,4645,0.0177001953125,0.0736275565123789,1,not_crowded,118,0.5057373046875,True,low,high
Cx22-Pair.zip,Pair,00169,217,Cx22-Pair:000218,included,,largest_matched_cytoplasm_instance,1,1,363,34513,0.13165283203125,0.010517775910526468,2,crowded,262,0.5057373046875,True,high,low
Cx22-Pair.zip,Pair,00169,218,Cx22-Pair:000219,included,,largest_matched_cytoplasm_instance,1,1,479,29700,0.11285400390625,0.016127946127946127,2,crowded,243,0.5057373046875,True,high,low
Cx22-Pair.zip,Pair,00169,219,Cx22-Pair:000220,included,,largest_matched_cytoplasm_instance,1,1,828,29152,0.1112060546875,0.028402854006586167,2,crowded,241,0.5057373046875,True,high,middle
Cx22-Pair.zip,Pair,00169,220,Cx22-Pair:000221,included,,largest_matched_cytoplasm_instance,1,0,270,17325,0.06622314453125,0.015584415584415584,2,crowded,221,0.5057373046875,True,middle,low
Cx22-Pair.zip,Pair,00169,221,Cx22-Pair:000222,included,,largest_matched_cytoplasm_instance,1,1,803,24822,0.094970703125,0.03235033438079123,1,not_crowded,222,0.5057373046875,True,high,high
Cx22-Pair.zip,Pair,00170,222,Cx22-Pair:000223,included,,largest_matched_cytoplasm_instance,1,1,849,16549,0.06317138671875,0.05130219348601124,1,not_crowded,181,0.5057373046875,True,middle,high
Cx22-Pair.zip,Pair,00170,223,Cx22-Pair:000224,included,,largest_matched_cytoplasm_instance,1,0,731,18849,0.07183837890625,0.03878189824393867,2,crowded,194,0.5057373046875,True,high,high
Cx22-Pair.zip,Pair,00172,224,Cx22-Pair:000225,included,,largest_matched_cytoplasm_instance,1,1,345,11065,0.04217529296875,0.031179394487121554,1,not_crowded,148,0.5057373046875,True,low,high
Cx22-Pair.zip,Pair,00172,225,Cx22-Pair:000226,included,,largest_matched_cytoplasm_instance,0,0,460,4497,0.01715087890625,0.10229041583277741,1,not_crowded,95,0.5057373046875,True,low,high
Cx22-Pair.zip,Pair,00173,226,Cx22-Pair:000227,included,,largest_matched_cytoplasm_instance,0,0,582,11540,0.0439453125,0.05043327556325823,2,crowded,159,0.5057373046875,True,low,high
Cx22-Pair.zip,Pair,00173,227,Cx22-Pair:000228,included,,largest_matched_cytoplasm_instance,0,1,358,20760,0.0789794921875,0.01724470134874759,1,not_crowded,203,0.5057373046875,True,high,low
Cx22-Pair.zip,Pair,00173,228,Cx22-Pair:000229,included,,largest_matched_cytoplasm_instance,1,0,327,18224,0.06951904296875,0.017943371378402108,2,crowded,190,0.5057373046875,True,high,middle
Cx22-Pair.zip,Pair,00174,229,Cx22-Pair:000230,included,,largest_matched_cytoplasm_instance,1,1,734,14658,0.05584716796875,0.05007504434438532,1,not_crowded,171,0.5057373046875,True,middle,high
Cx22-Pair.zip,Pair,00174,230,Cx22-Pair:000231,included,,largest_matched_cytoplasm_instance,1,0,814,16644,0.06365966796875,0.04890651285748618,1,not_crowded,182,0.5057373046875,True,middle,high
Cx22-Pair.zip,Pair,00175,231,Cx22-Pair:000232,included,,largest_matched_cytoplasm_instance,1,0,1124,9623,0.036865234375,0.11680349163462538,2,crowded,138,0.5057373046875,True,low,high
Cx22-Pair.zip,Pair,00175,232,Cx22-Pair:000233,included,,largest_matched_cytoplasm_instance,0,0,839,11712,0.04510498046875,0.07163592896174864,1,not_crowded,153,0.5057373046875,True,middle,high
Cx22-Pair.zip,Pair,00175,233,Cx22-Pair:000234,included,,largest_matched_cytoplasm_instance,0,0,575,12060,0.04595947265625,0.04767827529021559,2,crowded,155,0.5057373046875,True,middle,high
Cx22-Pair.zip,Pair,00176,234,Cx22-Pair:000235,included,,largest_matched_cytoplasm_instance,1,0,315,5981,0.02294921875,0.05266677813074737,1,not_crowded,109,0.5057373046875,True,low,high
Cx22-Pair.zip,Pair,00176,235,Cx22-Pair:000236,included,,largest_matched_cytoplasm_instance,0,0,546,16168,0.06182861328125,0.03377041068777833,1,not_crowded,179,0.5057373046875,True,middle,high
Cx22-Pair.zip,Pair,00177,236,Cx22-Pair:000237,included,,largest_matched_cytoplasm_instance,1,1,312,4248,0.0159912109375,0.07344632768361582,2,crowded,101,0.5057373046875,True,low,high
Cx22-Pair.zip,Pair,00179,237,Cx22-Pair:000238,included,,largest_matched_cytoplasm_instance,1,0,674,30446,0.1163330078125,0.02213755501543717,2,crowded,254,0.5057373046875,True,high,middle
Cx22-Pair.zip,Pair,00181,238,Cx22-Pair:000239,included,,largest_matched_cytoplasm_instance,0,1,841,20124,0.0770263671875,0.04179089644205923,2,crowded,203,0.5057373046875,True,high,high
Cx22-Pair.zip,Pair,00184,239,Cx22-Pair:000240,included,,largest_matched_cytoplasm_instance,0,0,802,28413,0.10791015625,0.028226516031394082,2,crowded,285,0.5057373046875,True,high,middle
Cx22-Pair.zip,Pair,00187,240,Cx22-Pair:000241,included,,largest_matched_cytoplasm_instance,1,1,261,17597,0.06719970703125,0.01483207364891743,2,crowded,187,0.5057373046875,True,middle,low
Cx22-Pair.zip,Pair,00189,241,Cx22-Pair:000242,included,,largest_matched_cytoplasm_instance,1,0,590,28630,0.10888671875,0.020607754104086624,2,crowded,238,0.5057373046875,True,high,middle
Cx22-Pair.zip,Pair,00192,242,Cx22-Pair:000243,included,,largest_matched_cytoplasm_instance,0,0,243,31902,0.12188720703125,0.007617077299228888,2,crowded,252,0.5057373046875,True,high,low
Cx22-Pair.zip,Pair,00193,243,Cx22-Pair:000244,included,,largest_matched_cytoplasm_instance,0,1,196,16096,0.0615234375,0.012176938369781311,1,not_crowded,179,0.5057373046875,True,middle,low
Cx22-Pair.zip,Pair,00196,244,Cx22-Pair:000245,included,,largest_matched_cytoplasm_instance,0,1,465,17707,0.0673828125,0.026260800813237704,2,crowded,188,0.5057373046875,True,middle,middle
Cx22-Pair.zip,Pair,00196,245,Cx22-Pair:000246,included,,largest_matched_cytoplasm_instance,0,0,218,8272,0.03131103515625,0.026353965183752416,2,crowded,128,0.5057373046875,True,low,middle
Cx22-Pair.zip,Pair,00199,246,Cx22-Pair:000247,included,,largest_matched_cytoplasm_instance,0,1,1671,56564,0.2159423828125,0.029541758008627395,2,crowded,335,0.5057373046875,True,high,high
Cx22-Pair.zip,Pair,00200,247,Cx22-Pair:000248,included,,largest_matched_cytoplasm_instance,1,0,205,14553,0.055419921875,0.014086442657871229,2,crowded,170,0.5057373046875,True,middle,low
Cx22-Pair.zip,Pair,00200,248,Cx22-Pair:000249,included,,largest_matched_cytoplasm_instance,0,1,583,18629,0.07086181640625,0.03129529228622041,2,crowded,192,0.5057373046875,True,high,high
Cx22-Pair.zip,Pair,00200,249,Cx22-Pair:000250,included,,largest_matched_cytoplasm_instance,1,1,404,11310,0.04302978515625,0.03572060123784262,1,not_crowded,150,0.5057373046875,True,low,high
Cx22-Pair.zip,Pair,00200,250,Cx22-Pair:000251,included,,largest_matched_cytoplasm_instance,1,1,441,15179,0.05780029296875,0.029053297318663945,2,crowded,174,0.5057373046875,True,middle,middle
Cx22-Pair.zip,Pair,00201,251,Cx22-Pair:000252,included,,largest_matched_cytoplasm_instance,0,1,557,12735,0.048828125,0.043737730663525716,1,not_crowded,159,0.5057373046875,True,middle,high
Cx22-Pair.zip,Pair,00201,252,Cx22-Pair:000253,included,,largest_matched_cytoplasm_instance,1,1,281,18505,0.07098388671875,0.015185085112131857,1,not_crowded,192,0.5057373046875,True,high,low
Cx22-Pair.zip,Pair,00201,253,Cx22-Pair:000254,included,,largest_matched_cytoplasm_instance,1,1,326,20243,0.07733154296875,0.01610433236180408,2,crowded,201,0.5057373046875,True,high,low
Cx22-Pair.zip,Pair,00201,254,Cx22-Pair:000255,included,,largest_matched_cytoplasm_instance,1,0,233,15065,0.0574951171875,0.015466312645204115,2,crowded,173,0.5057373046875,True,middle,low
Cx22-Pair.zip,Pair,00202,255,Cx22-Pair:000256,included,,largest_matched_cytoplasm_instance,1,1,393,16540,0.06298828125,0.023760580411124547,2,crowded,181,0.5057373046875,True,middle,middle
Cx22-Pair.zip,Pair,00202,256,Cx22-Pair:000257,included,,largest_matched_cytoplasm_instance,0,0,289,25808,0.09844970703125,0.01119807811531308,2,crowded,226,0.5057373046875,True,high,low
Cx22-Pair.zip,Pair,00202,257,Cx22-Pair:000258,included,,largest_matched_cytoplasm_instance,1,1,332,22791,0.0867919921875,0.014567153701022333,1,not_crowded,220,0.5057373046875,True,high,low
Cx22-Pair.zip,Pair,00204,258,Cx22-Pair:000259,included,,largest_matched_cytoplasm_instance,1,1,316,20231,0.07757568359375,0.01561959369284761,1,not_crowded,201,0.5057373046875,True,high,low
Cx22-Pair.zip,Pair,00206,259,Cx22-Pair:000260,included,,largest_matched_cytoplasm_instance,1,0,514,12639,0.0478515625,0.04066777434923649,2,crowded,159,0.5057373046875,True,middle,high
Cx22-Pair.zip,Pair,00206,260,Cx22-Pair:000261,included,,largest_matched_cytoplasm_instance,0,1,325,12805,0.0489501953125,0.025380710659898477,2,crowded,160,0.5057373046875,True,middle,middle
Cx22-Pair.zip,Pair,00207,261,Cx22-Pair:000262,included,,largest_matched_cytoplasm_instance,1,0,497,8663,0.03277587890625,0.05737042594944015,1,not_crowded,185,0.5057373046875,True,low,high
Cx22-Pair.zip,Pair,00207,262,Cx22-Pair:000263,included,,largest_matched_cytoplasm_instance,1,0,639,12513,0.0482177734375,0.05106689043394869,2,crowded,158,0.5057373046875,True,middle,high
Cx22-Pair.zip,Pair,00207,263,Cx22-Pair:000264,included,,largest_matched_cytoplasm_instance,0,0,699,11128,0.04278564453125,0.06281452192667146,2,crowded,149,0.5057373046875,True,low,high
Cx22-Pair.zip,Pair,00207,264,Cx22-Pair:000265,included,,largest_matched_cytoplasm_instance,1,0,407,13004,0.0496826171875,0.03129806213472778,2,crowded,161,0.5057373046875,True,middle,high
Cx22-Pair.zip,Pair,00208,265,Cx22-Pair:000266,included,,largest_matched_cytoplasm_instance,0,0,572,14830,0.0567626953125,0.03857046527309508,2,crowded,172,0.5057373046875,True,middle,high
Cx22-Pair.zip,Pair,00208,266,Cx22-Pair:000267,included,,largest_matched_cytoplasm_instance,1,1,486,34348,0.13140869140625,0.014149295446605334,2,crowded,261,0.5057373046875,True,high,low
Cx22-Pair.zip,Pair,00208,267,Cx22-Pair:000268,included,,largest_matched_cytoplasm_instance,1,0,265,28481,0.1090087890625,0.009304448579754925,2,crowded,238,0.5057373046875,True,high,low
Cx22-Pair.zip,Pair,00210,268,Cx22-Pair:000269,included,,largest_matched_cytoplasm_instance,0,0,571,19365,0.07379150390625,0.029486186418796797,2,crowded,196,0.5057373046875,True,high,high
Cx22-Pair.zip,Pair,00210,269,Cx22-Pair:000270,included,,largest_matched_cytoplasm_instance,1,0,264,14560,0.05535888671875,0.018131868131868133,1,not_crowded,170,0.5057373046875,True,middle,middle
Cx22-Pair.zip,Pair,00210,270,Cx22-Pair:000271,included,,largest_matched_cytoplasm_instance,0,0,268,15402,0.0589599609375,0.017400337618491104,1,not_crowded,175,0.5057373046875,True,middle,low
Cx22-Pair.zip,Pair,00210,271,Cx22-Pair:000272,included,,largest_matched_cytoplasm_instance,1,0,401,16332,0.06207275390625,0.0245530247367132,1,not_crowded,180,0.5057373046875,True,middle,middle
Cx22-Pair.zip,Pair,00211,272,Cx22-Pair:000273,included,,largest_matched_cytoplasm_instance,0,0,266,29692,0.11358642578125,0.008958642058466927,2,crowded,243,0.5057373046875,True,high,low
Cx22-Pair.zip,Pair,00213,273,Cx22-Pair:000274,included,,largest_matched_cytoplasm_instance,0,1,573,9367,0.035888671875,0.06117220027757019,1,not_crowded,137,0.5057373046875,True,low,high
Cx22-Pair.zip,Pair,00213,274,Cx22-Pair:000275,included,,largest_matched_cytoplasm_instance,0,0,473,13603,0.05206298828125,0.034771741527604205,1,not_crowded,165,0.5057373046875,True,middle,high
Cx22-Pair.zip,Pair,00216,275,Cx22-Pair:000276,included,,largest_matched_cytoplasm_instance,1,1,379,22344,0.0849609375,0.01696204797708557,1,not_crowded,211,0.5057373046875,True,high,low
Cx22-Pair.zip,Pair,00216,276,Cx22-Pair:000277,included,,largest_matched_cytoplasm_instance,1,1,298,14510,0.05511474609375,0.020537560303239145,2,crowded,170,0.5057373046875,True,middle,middle
Cx22-Pair.zip,Pair,00216,277,Cx22-Pair:000278,included,,largest_matched_cytoplasm_instance,1,1,475,25494,0.097412109375,0.018631834941554876,1,not_crowded,225,0.5057373046875,True,high,middle
Cx22-Pair.zip,Pair,00217,278,Cx22-Pair:000279,included,,largest_matched_cytoplasm_instance,0,0,398,16604,0.06329345703125,0.02397012768007709,2,crowded,196,0.5057373046875,True,middle,middle
Cx22-Pair.zip,Pair,00217,279,Cx22-Pair:000280,included,,largest_matched_cytoplasm_instance,1,1,457,40192,0.15399169921875,0.011370421974522293,2,crowded,282,0.5057373046875,True,high,low
Cx22-Pair.zip,Pair,00217,280,Cx22-Pair:000281,included,,largest_matched_cytoplasm_instance,1,1,279,29127,0.1114501953125,0.009578741373982902,1,not_crowded,240,0.5057373046875,True,high,low
Cx22-Pair.zip,Pair,00218,281,Cx22-Pair:000282,included,,largest_matched_cytoplasm_instance,0,0,464,18494,0.07080078125,0.02508921812479723,1,not_crowded,192,0.5057373046875,True,high,middle
Cx22-Pair.zip,Pair,00218,282,Cx22-Pair:000283,included,,largest_matched_cytoplasm_instance,1,1,463,27144,0.10357666015625,0.01705717653993516,2,crowded,232,0.5057373046875,True,high,low
Cx22-Pair.zip,Pair,00218,283,Cx22-Pair:000284,included,,largest_matched_cytoplasm_instance,1,1,243,21956,0.08367919921875,0.011067589724904354,2,crowded,209,0.5057373046875,True,high,low
Cx22-Pair.zip,Pair,00220,284,Cx22-Pair:000285,included,,largest_matched_cytoplasm_instance,0,1,668,13803,0.05255126953125,0.04839527638919076,2,crowded,171,0.5057373046875,True,middle,high
Cx22-Pair.zip,Pair,00221,285,Cx22-Pair:000286,included,,largest_matched_cytoplasm_instance,0,1,282,30717,0.11724853515625,0.009180584041410294,2,crowded,247,0.5057373046875,True,high,low
Cx22-Pair.zip,Pair,00222,286,Cx22-Pair:000287,included,,largest_matched_cytoplasm_instance,1,1,494,10316,0.0391845703125,0.0478867778208608,2,crowded,143,0.5057373046875,True,low,high
Cx22-Pair.zip,Pair,00222,287,Cx22-Pair:000288,included,,largest_matched_cytoplasm_instance,0,0,404,17077,0.0660400390625,0.0236575510921122,2,crowded,184,0.5057373046875,True,middle,middle
Cx22-Pair.zip,Pair,00224,288,Cx22-Pair:000289,included,,largest_matched_cytoplasm_instance,0,0,478,14653,0.0555419921875,0.0326213062171569,2,crowded,171,0.5057373046875,True,middle,high
Cx22-Pair.zip,Pair,00224,289,Cx22-Pair:000290,included,,largest_matched_cytoplasm_instance,0,0,707,9864,0.037353515625,0.07167477696674777,2,crowded,140,0.5057373046875,True,low,high
Cx22-Pair.zip,Pair,00225,290,Cx22-Pair:000291,included,,largest_matched_cytoplasm_instance,0,0,263,8539,0.03240966796875,0.030799859468321818,2,crowded,134,0.5057373046875,True,low,high
Cx22-Pair.zip,Pair,00225,291,Cx22-Pair:000292,included,,largest_matched_cytoplasm_instance,1,0,544,14567,0.0557861328125,0.037344683188027736,2,crowded,170,0.5057373046875,True,middle,high
Cx22-Pair.zip,Pair,00225,292,Cx22-Pair:000293,included,,largest_matched_cytoplasm_instance,0,0,179,9388,0.03619384765625,0.019066893907115467,2,crowded,146,0.5057373046875,True,low,middle
Cx22-Pair.zip,Pair,00226,293,Cx22-Pair:000294,included,,largest_matched_cytoplasm_instance,1,1,620,16862,0.0643310546875,0.03676906654014945,2,crowded,183,0.5057373046875,True,middle,high
Cx22-Pair.zip,Pair,00227,294,Cx22-Pair:000295,included,,largest_matched_cytoplasm_instance,1,0,196,16853,0.06378173828125,0.011629976858719516,1,not_crowded,190,0.5057373046875,True,middle,low
Cx22-Pair.zip,Pair,00227,295,Cx22-Pair:000296,included,,largest_matched_cytoplasm_instance,1,1,337,28160,0.10693359375,0.011967329545454545,2,crowded,236,0.5057373046875,True,high,low
Cx22-Pair.zip,Pair,00227,296,Cx22-Pair:000297,included,,largest_matched_cytoplasm_instance,1,0,258,17118,0.0655517578125,0.015071854188573432,2,crowded,184,0.5057373046875,True,middle,low
Cx22-Pair.zip,Pair,00228,297,Cx22-Pair:000298,included,,largest_matched_cytoplasm_instance,0,0,535,10834,0.04119873046875,0.0493815765183681,2,crowded,159,0.5057373046875,True,low,high
Cx22-Pair.zip,Pair,00228,298,Cx22-Pair:000299,included,,largest_matched_cytoplasm_instance,1,1,849,6296,0.02398681640625,0.13484752223634053,2,crowded,112,0.5057373046875,True,low,high
Cx22-Pair.zip,Pair,00228,299,Cx22-Pair:000300,included,,largest_matched_cytoplasm_instance,1,1,560,21897,0.08319091796875,0.025574279581677857,2,crowded,209,0.5057373046875,True,high,middle
Cx22-Pair.zip,Pair,00229,300,Cx22-Pair:000301,included,,largest_matched_cytoplasm_instance,1,1,222,32932,0.12554931640625,0.006741163609862748,1,not_crowded,256,0.5057373046875,True,high,low
Cx22-Pair.zip,Pair,00229,301,Cx22-Pair:000302,included,,largest_matched_cytoplasm_instance,0,0,418,32226,0.12274169921875,0.012970893067709302,2,crowded,253,0.5057373046875,True,high,low
Cx22-Pair.zip,Pair,00229,302,Cx22-Pair:000303,included,,largest_matched_cytoplasm_instance,0,1,266,24192,0.0921630859375,0.01099537037037037,1,not_crowded,219,0.5057373046875,True,high,low
Cx22-Pair.zip,Pair,00230,303,Cx22-Pair:000304,included,,largest_matched_cytoplasm_instance,1,1,482,13986,0.05340576171875,0.03446303446303446,2,crowded,167,0.5057373046875,True,middle,high
Cx22-Pair.zip,Pair,00230,304,Cx22-Pair:000305,included,,largest_matched_cytoplasm_instance,1,1,385,12614,0.0474853515625,0.030521642619311874,1,not_crowded,216,0.5057373046875,True,middle,high
Cx22-Pair.zip,Pair,00230,305,Cx22-Pair:000306,included,,largest_matched_cytoplasm_instance,1,1,317,21417,0.0814208984375,0.01480132604940001,2,crowded,206,0.5057373046875,True,high,low
Cx22-Pair.zip,Pair,00230,306,Cx22-Pair:000307,included,,largest_matched_cytoplasm_instance,1,1,474,18801,0.07196044921875,0.02521142492420616,2,crowded,193,0.5057373046875,True,high,middle
Cx22-Pair.zip,Pair,00231,307,Cx22-Pair:000308,included,,largest_matched_cytoplasm_instance,0,0,327,18345,0.0699462890625,0.017825020441537203,2,crowded,191,0.5057373046875,True,high,middle
Cx22-Pair.zip,Pair,00233,308,Cx22-Pair:000309,included,,largest_matched_cytoplasm_instance,0,1,240,24019,0.09136962890625,0.009992089595736709,1,not_crowded,218,0.5057373046875,True,high,low
Cx22-Pair.zip,Pair,00234,309,Cx22-Pair:000310,included,,largest_matched_cytoplasm_instance,1,1,844,19697,0.074951171875,0.0428491648474387,1,not_crowded,198,0.5057373046875,True,high,high
Cx22-Pair.zip,Pair,00234,310,Cx22-Pair:000311,included,,largest_matched_cytoplasm_instance,1,1,739,26899,0.1026611328125,0.027473140265437377,1,not_crowded,231,0.5057373046875,True,high,middle
Cx22-Pair.zip,Pair,00235,311,Cx22-Pair:000312,included,,largest_matched_cytoplasm_instance,1,0,379,18970,0.072509765625,0.019978914074855036,1,not_crowded,194,0.5057373046875,True,high,middle
Cx22-Pair.zip,Pair,00235,312,Cx22-Pair:000313,included,,largest_matched_cytoplasm_instance,1,1,736,16605,0.06353759765625,0.04432399879554351,1,not_crowded,182,0.5057373046875,True,middle,high
Cx22-Pair.zip,Pair,00237,313,Cx22-Pair:000314,included,,largest_matched_cytoplasm_instance,1,1,248,11574,0.0443115234375,0.021427337134957664,2,crowded,152,0.5057373046875,True,middle,middle
Cx22-Pair.zip,Pair,00239,314,Cx22-Pair:000315,included,,largest_matched_cytoplasm_instance,1,1,577,12747,0.048583984375,0.04526555267906174,2,crowded,159,0.5057373046875,True,middle,high
Cx22-Pair.zip,Pair,00241,315,Cx22-Pair:000316,included,,largest_matched_cytoplasm_instance,0,1,268,21971,0.083740234375,0.012197897228164398,2,crowded,209,0.5057373046875,True,high,low
Cx22-Pair.zip,Pair,00243,316,Cx22-Pair:000317,included,,largest_matched_cytoplasm_instance,1,1,368,9776,0.0372314453125,0.03764320785597381,2,crowded,140,0.5057373046875,True,low,high
Cx22-Pair.zip,Pair,00245,317,Cx22-Pair:000318,included,,largest_matched_cytoplasm_instance,0,0,361,14383,0.05487060546875,0.02509907529722589,2,crowded,175,0.5057373046875,True,middle,middle
Cx22-Pair.zip,Pair,00246,318,Cx22-Pair:000319,included,,largest_matched_cytoplasm_instance,1,0,705,12935,0.04937744140625,0.05450328565906455,2,crowded,160,0.5057373046875,True,middle,high
Cx22-Pair.zip,Pair,00246,319,Cx22-Pair:000320,included,,largest_matched_cytoplasm_instance,1,0,607,15149,0.05792236328125,0.040068651396131756,1,not_crowded,174,0.5057373046875,True,middle,high
Cx22-Pair.zip,Pair,00246,320,Cx22-Pair:000321,included,,largest_matched_cytoplasm_instance,1,0,881,20504,0.07818603515625,0.04296722590714007,1,not_crowded,202,0.5057373046875,True,high,high
Cx22-Pair.zip,Pair,00247,321,Cx22-Pair:000322,included,,largest_matched_cytoplasm_instance,1,0,533,25483,0.0972900390625,0.020915904720794257,2,crowded,225,0.5057373046875,True,high,middle
Cx22-Pair.zip,Pair,00247,322,Cx22-Pair:000323,included,,largest_matched_cytoplasm_instance,0,0,299,19882,0.0758056640625,0.01503872849813902,2,crowded,199,0.5057373046875,True,high,low
Cx22-Pair.zip,Pair,00249,323,Cx22-Pair:000324,included,,largest_matched_cytoplasm_instance,0,1,937,7314,0.02789306640625,0.1281104730653541,1,not_crowded,121,0.5057373046875,True,low,high
Cx22-Pair.zip,Pair,00251,324,Cx22-Pair:000325,included,,largest_matched_cytoplasm_instance,0,0,438,13605,0.0518798828125,0.032194046306504964,1,not_crowded,165,0.5057373046875,True,middle,high
Cx22-Pair.zip,Pair,00251,325,Cx22-Pair:000326,included,,largest_matched_cytoplasm_instance,0,1,779,13200,0.0501708984375,0.059015151515151514,1,not_crowded,162,0.5057373046875,True,middle,high
Cx22-Pair.zip,Pair,00251,326,Cx22-Pair:000327,included,,largest_matched_cytoplasm_instance,0,0,609,7872,0.03009033203125,0.07736280487804878,2,crowded,125,0.5057373046875,True,low,high
Cx22-Pair.zip,Pair,00251,327,Cx22-Pair:000328,included,,largest_matched_cytoplasm_instance,1,0,421,14891,0.0567626953125,0.028272110670875025,2,crowded,172,0.5057373046875,True,middle,middle
Cx22-Pair.zip,Pair,00252,328,Cx22-Pair:000329,included,,largest_matched_cytoplasm_instance,1,0,772,13969,0.0531005859375,0.05526523015248049,1,not_crowded,167,0.5057373046875,True,middle,high
Cx22-Pair.zip,Pair,00252,329,Cx22-Pair:000330,included,,largest_matched_cytoplasm_instance,0,0,781,17718,0.0672607421875,0.04407946720848854,2,crowded,188,0.5057373046875,True,middle,high
Cx22-Pair.zip,Pair,00253,330,Cx22-Pair:000331,included,,largest_matched_cytoplasm_instance,0,1,272,18320,0.0701904296875,0.014847161572052401,2,crowded,234,0.5057373046875,True,high,low
Cx22-Pair.zip,Pair,00256,331,Cx22-Pair:000332,included,,largest_matched_cytoplasm_instance,1,1,867,24751,0.09405517578125,0.035028887721708216,1,not_crowded,222,0.5057373046875,True,high,high
Cx22-Pair.zip,Pair,00258,332,Cx22-Pair:000333,included,,largest_matched_cytoplasm_instance,1,1,517,10004,0.03802490234375,0.05167932826869252,2,crowded,145,0.5057373046875,True,low,high
Cx22-Pair.zip,Pair,00258,333,Cx22-Pair:000334,included,,largest_matched_cytoplasm_instance,0,0,441,12030,0.0460205078125,0.036658354114713215,1,not_crowded,155,0.5057373046875,True,middle,high
Cx22-Pair.zip,Pair,00259,334,Cx22-Pair:000335,included,,largest_matched_cytoplasm_instance,1,1,735,8763,0.0333251953125,0.08387538514207463,2,crowded,150,0.5057373046875,True,low,high
Cx22-Pair.zip,Pair,00259,335,Cx22-Pair:000336,included,,largest_matched_cytoplasm_instance,0,0,616,17040,0.06494140625,0.03615023474178404,1,not_crowded,184,0.5057373046875,True,middle,high
Cx22-Pair.zip,Pair,00260,336,Cx22-Pair:000337,included,,largest_matched_cytoplasm_instance,1,1,333,21909,0.0833740234375,0.01519923319183897,2,crowded,209,0.5057373046875,True,high,low
Cx22-Pair.zip,Pair,00261,337,Cx22-Pair:000338,included,,largest_matched_cytoplasm_instance,1,1,518,23629,0.08978271484375,0.02192221422827881,1,not_crowded,217,0.5057373046875,True,high,middle
Cx22-Pair.zip,Pair,00261,338,Cx22-Pair:000339,included,,largest_matched_cytoplasm_instance,1,0,572,12650,0.048095703125,0.04521739130434783,2,crowded,159,0.5057373046875,True,middle,high
Cx22-Pair.zip,Pair,00261,339,Cx22-Pair:000340,included,,largest_matched_cytoplasm_instance,1,1,678,19533,0.0745849609375,0.03471048994010137,2,crowded,197,0.5057373046875,True,high,high
Cx22-Pair.zip,Pair,00261,340,Cx22-Pair:000341,included,,largest_matched_cytoplasm_instance,0,0,689,24500,0.09344482421875,0.028122448979591836,1,not_crowded,221,0.5057373046875,True,high,middle
Cx22-Pair.zip,Pair,00263,341,Cx22-Pair:000342,included,,largest_matched_cytoplasm_instance,1,1,723,9424,0.0360107421875,0.07671901528013582,1,not_crowded,137,0.5057373046875,True,low,high
Cx22-Pair.zip,Pair,00263,342,Cx22-Pair:000343,included,,largest_matched_cytoplasm_instance,0,0,312,7211,0.0277099609375,0.043267230619886285,2,crowded,133,0.5057373046875,True,low,high
Cx22-Pair.zip,Pair,00265,343,Cx22-Pair:000344,included,,largest_matched_cytoplasm_instance,1,1,748,16013,0.06134033203125,0.04671204646224942,2,crowded,178,0.5057373046875,True,middle,high
Cx22-Pair.zip,Pair,00265,344,Cx22-Pair:000345,included,,largest_matched_cytoplasm_instance,1,0,655,14741,0.0565185546875,0.04443389186622346,2,crowded,171,0.5057373046875,True,middle,high
Cx22-Pair.zip,Pair,00266,345,Cx22-Pair:000346,included,,largest_matched_cytoplasm_instance,0,1,497,27907,0.10687255859375,0.01780915182570681,1,not_crowded,235,0.5057373046875,True,high,middle
Cx22-Pair.zip,Pair,00266,346,Cx22-Pair:000347,included,,largest_matched_cytoplasm_instance,0,1,432,30367,0.11566162109375,0.014225968979484308,2,crowded,246,0.5057373046875,True,high,low
Cx22-Pair.zip,Pair,00268,347,Cx22-Pair:000348,included,,largest_matched_cytoplasm_instance,1,1,474,12867,0.04913330078125,0.03683842387502914,2,crowded,160,0.5057373046875,True,middle,high
Cx22-Pair.zip,Pair,00268,348,Cx22-Pair:000349,included,,largest_matched_cytoplasm_instance,0,0,652,10142,0.03875732421875,0.06428712285545257,2,crowded,158,0.5057373046875,True,low,high
Cx22-Pair.zip,Pair,00269,349,Cx22-Pair:000350,included,,largest_matched_cytoplasm_instance,0,0,385,23647,0.09027099609375,0.016281135027699074,2,crowded,217,0.5057373046875,True,high,low
Cx22-Pair.zip,Pair,00269,350,Cx22-Pair:000351,included,,largest_matched_cytoplasm_instance,1,1,442,21216,0.0810546875,0.020833333333333332,2,crowded,205,0.5057373046875,True,high,middle
Cx22-Pair.zip,Pair,00269,351,Cx22-Pair:000352,included,,largest_matched_cytoplasm_instance,1,1,381,15263,0.05810546875,0.02496232719648824,1,not_crowded,174,0.5057373046875,True,middle,middle
Cx22-Pair.zip,Pair,00269,352,Cx22-Pair:000353,included,,largest_matched_cytoplasm_instance,0,1,240,16293,0.06170654296875,0.014730252255569877,2,crowded,180,0.5057373046875,True,middle,low
Cx22-Pair.zip,Pair,00270,353,Cx22-Pair:000354,included,,largest_matched_cytoplasm_instance,1,1,510,25391,0.09722900390625,0.020085857193493758,2,crowded,225,0.5057373046875,True,high,middle
Cx22-Pair.zip,Pair,00270,354,Cx22-Pair:000355,included,,largest_matched_cytoplasm_instance,1,1,440,15690,0.05975341796875,0.02804333970681963,1,not_crowded,177,0.5057373046875,True,middle,middle
Cx22-Pair.zip,Pair,00270,355,Cx22-Pair:000356,included,,largest_matched_cytoplasm_instance,1,0,592,13597,0.0518798828125,0.04353901595940281,1,not_crowded,180,0.5057373046875,True,middle,high
Cx22-Pair.zip,Pair,00272,356,Cx22-Pair:000357,included,,largest_matched_cytoplasm_instance,0,0,457,14379,0.05511474609375,0.03178246053272133,2,crowded,169,0.5057373046875,True,middle,high
Cx22-Pair.zip,Pair,00272,357,Cx22-Pair:000358,included,,largest_matched_cytoplasm_instance,0,0,437,11038,0.0418701171875,0.03959050552636347,2,crowded,148,0.5057373046875,True,low,high
Cx22-Pair.zip,Pair,00274,358,Cx22-Pair:000359,included,,largest_matched_cytoplasm_instance,0,0,409,17121,0.065673828125,0.023888791542550084,2,crowded,199,0.5057373046875,True,middle,middle
Cx22-Pair.zip,Pair,00274,359,Cx22-Pair:000360,included,,largest_matched_cytoplasm_instance,0,0,350,13828,0.05255126953125,0.025310963262944748,2,crowded,166,0.5057373046875,True,middle,middle
Cx22-Pair.zip,Pair,00276,360,Cx22-Pair:000361,included,,largest_matched_cytoplasm_instance,0,0,274,18731,0.07122802734375,0.014628156531952378,2,crowded,193,0.5057373046875,True,high,low
Cx22-Pair.zip,Pair,00276,361,Cx22-Pair:000362,included,,largest_matched_cytoplasm_instance,1,0,404,17812,0.0679931640625,0.022681338423534696,2,crowded,189,0.5057373046875,True,middle,middle
Cx22-Pair.zip,Pair,00277,362,Cx22-Pair:000363,included,,largest_matched_cytoplasm_instance,1,0,619,9052,0.034423828125,0.06838267786124613,2,crowded,134,0.5057373046875,True,low,high
Cx22-Pair.zip,Pair,00277,363,Cx22-Pair:000364,included,,largest_matched_cytoplasm_instance,0,1,985,14250,0.0546875,0.06912280701754386,2,crowded,168,0.5057373046875,True,middle,high
Cx22-Pair.zip,Pair,00277,364,Cx22-Pair:000365,included,,largest_matched_cytoplasm_instance,1,1,586,9207,0.03521728515625,0.06364722493754751,1,not_crowded,135,0.5057373046875,True,low,high
Cx22-Pair.zip,Pair,00277,365,Cx22-Pair:000366,included,,largest_matched_cytoplasm_instance,0,0,954,22377,0.08544921875,0.042633060732001606,2,crowded,211,0.5057373046875,True,high,high
Cx22-Pair.zip,Pair,00277,366,Cx22-Pair:000367,included,,largest_matched_cytoplasm_instance,0,1,756,11021,0.04205322265625,0.06859631612376373,2,crowded,148,0.5057373046875,True,low,high
Cx22-Pair.zip,Pair,00278,367,Cx22-Pair:000368,included,,largest_matched_cytoplasm_instance,1,1,443,13347,0.0509033203125,0.03319097924627257,1,not_crowded,163,0.5057373046875,True,middle,high
Cx22-Pair.zip,Pair,00278,368,Cx22-Pair:000369,included,,largest_matched_cytoplasm_instance,0,0,357,12647,0.04840087890625,0.02822803826994544,2,crowded,159,0.5057373046875,True,middle,middle
Cx22-Pair.zip,Pair,00278,369,Cx22-Pair:000370,included,,largest_matched_cytoplasm_instance,0,0,547,14303,0.0540771484375,0.03824372509263791,2,crowded,169,0.5057373046875,True,middle,high
Cx22-Pair.zip,Pair,00279,370,Cx22-Pair:000371,included,,largest_matched_cytoplasm_instance,0,1,701,17726,0.06787109375,0.039546428974387905,2,crowded,205,0.5057373046875,True,middle,high
Cx22-Pair.zip,Pair,00279,371,Cx22-Pair:000372,included,,largest_matched_cytoplasm_instance,0,0,699,16551,0.0631103515625,0.04223309769802429,1,not_crowded,185,0.5057373046875,True,middle,high
Cx22-Pair.zip,Pair,00279,372,Cx22-Pair:000373,included,,largest_matched_cytoplasm_instance,0,0,414,27883,0.1065673828125,0.01484775669762938,2,crowded,246,0.5057373046875,True,high,low
Cx22-Pair.zip,Pair,00280,373,Cx22-Pair:000374,included,,largest_matched_cytoplasm_instance,1,1,406,11214,0.0430908203125,0.03620474406991261,2,crowded,153,0.5057373046875,True,low,high
Cx22-Pair.zip,Pair,00281,374,Cx22-Pair:000375,included,,largest_matched_cytoplasm_instance,1,0,552,21181,0.08160400390625,0.026061092488551058,2,crowded,261,0.5057373046875,True,high,middle
Cx22-Pair.zip,Pair,00282,375,Cx22-Pair:000376,included,,largest_matched_cytoplasm_instance,1,1,259,19633,0.07489013671875,0.013192074568328833,1,not_crowded,198,0.5057373046875,True,high,low
Cx22-Pair.zip,Pair,00282,376,Cx22-Pair:000377,included,,largest_matched_cytoplasm_instance,1,1,599,23517,0.08984375,0.02547093591869711,2,crowded,216,0.5057373046875,True,high,middle
Cx22-Pair.zip,Pair,00283,377,Cx22-Pair:000378,included,,largest_matched_cytoplasm_instance,1,1,515,25678,0.09771728515625,0.020056079133888932,1,not_crowded,226,0.5057373046875,True,high,middle
Cx22-Pair.zip,Pair,00283,378,Cx22-Pair:000379,included,,largest_matched_cytoplasm_instance,1,1,193,8150,0.03057861328125,0.023680981595092025,2,crowded,127,0.5057373046875,True,low,middle
Cx22-Pair.zip,Pair,00284,379,Cx22-Pair:000380,included,,largest_matched_cytoplasm_instance,0,0,253,20209,0.0771484375,0.012519174625167004,2,crowded,200,0.5057373046875,True,high,low
Cx22-Pair.zip,Pair,00284,380,Cx22-Pair:000381,included,,largest_matched_cytoplasm_instance,0,0,286,20863,0.0794677734375,0.013708479125724968,2,crowded,204,0.5057373046875,True,high,low
Cx22-Pair.zip,Pair,00286,381,Cx22-Pair:000382,included,,largest_matched_cytoplasm_instance,1,1,663,26889,0.102294921875,0.02465692290527725,1,not_crowded,231,0.5057373046875,True,high,middle
Cx22-Pair.zip,Pair,00286,382,Cx22-Pair:000383,included,,largest_matched_cytoplasm_instance,1,0,520,24636,0.09405517578125,0.021107322617308005,1,not_crowded,221,0.5057373046875,True,high,middle
Cx22-Pair.zip,Pair,00289,383,Cx22-Pair:000384,included,,largest_matched_cytoplasm_instance,0,0,539,11428,0.0433349609375,0.047164858242912146,2,crowded,151,0.5057373046875,True,low,high
Cx22-Pair.zip,Pair,00290,384,Cx22-Pair:000385,included,,largest_matched_cytoplasm_instance,0,0,226,24313,0.09375,0.009295438654217909,1,not_crowded,220,0.5057373046875,True,high,low
Cx22-Pair.zip,Pair,00290,385,Cx22-Pair:000386,included,,largest_matched_cytoplasm_instance,1,1,190,10258,0.03912353515625,0.01852212906999415,2,crowded,143,0.5057373046875,True,low,middle
Cx22-Pair.zip,Pair,00291,386,Cx22-Pair:000387,included,,largest_matched_cytoplasm_instance,1,1,320,16779,0.06396484375,0.019071458370582276,2,crowded,183,0.5057373046875,True,middle,middle
Cx22-Pair.zip,Pair,00291,387,Cx22-Pair:000388,included,,largest_matched_cytoplasm_instance,1,1,534,15064,0.0570068359375,0.03544875199150292,2,crowded,173,0.5057373046875,True,middle,high
Cx22-Pair.zip,Pair,00291,388,Cx22-Pair:000389,included,,largest_matched_cytoplasm_instance,1,1,402,16227,0.06182861328125,0.02477352560547236,1,not_crowded,180,0.5057373046875,True,middle,middle
Cx22-Pair.zip,Pair,00293,389,Cx22-Pair:000390,included,,largest_matched_cytoplasm_instance,1,1,143,20807,0.0789794921875,0.006872687076464651,1,not_crowded,203,0.5057373046875,True,high,low
Cx22-Pair.zip,Pair,00293,390,Cx22-Pair:000391,included,,largest_matched_cytoplasm_instance,0,0,597,17821,0.06744384765625,0.03349980360249144,2,crowded,188,0.5057373046875,True,middle,high
Cx22-Pair.zip,Pair,00293,391,Cx22-Pair:000392,included,,largest_matched_cytoplasm_instance,1,0,370,23276,0.08807373046875,0.01589620209658017,1,not_crowded,215,0.5057373046875,True,high,low
Cx22-Pair.zip,Pair,00293,392,Cx22-Pair:000393,included,,largest_matched_cytoplasm_instance,0,0,562,25650,0.09783935546875,0.021910331384015595,2,crowded,226,0.5057373046875,True,high,middle
Cx22-Pair.zip,Pair,00294,393,Cx22-Pair:000394,included,,largest_matched_cytoplasm_instance,1,0,697,15385,0.058349609375,0.045303867403314914,2,crowded,175,0.5057373046875,True,middle,high
Cx22-Pair.zip,Pair,00295,394,Cx22-Pair:000395,included,,largest_matched_cytoplasm_instance,1,1,160,17014,0.0648193359375,0.00940402021864347,2,crowded,184,0.5057373046875,True,middle,low
Cx22-Pair.zip,Pair,00295,395,Cx22-Pair:000396,included,,largest_matched_cytoplasm_instance,0,0,429,30229,0.1158447265625,0.01419167025042178,1,not_crowded,245,0.5057373046875,True,high,low
Cx22-Pair.zip,Pair,00295,396,Cx22-Pair:000397,included,,largest_matched_cytoplasm_instance,1,1,158,11965,0.045654296875,0.013205181780192227,2,crowded,154,0.5057373046875,True,middle,low
Cx22-Pair.zip,Pair,00296,397,Cx22-Pair:000398,included,,largest_matched_cytoplasm_instance,0,1,268,15963,0.06085205078125,0.016788824155860426,2,crowded,178,0.5057373046875,True,middle,low
Cx22-Pair.zip,Pair,00296,398,Cx22-Pair:000399,included,,largest_matched_cytoplasm_instance,1,0,491,9198,0.0347900390625,0.05338116981952598,2,crowded,153,0.5057373046875,True,low,high
Cx22-Pair.zip,Pair,00297,399,Cx22-Pair:000400,included,,largest_matched_cytoplasm_instance,1,0,198,19564,0.074462890625,0.010120629728071968,2,crowded,197,0.5057373046875,True,high,low
Cx22-Pair.zip,Pair,00298,400,Cx22-Pair:000401,included,,largest_matched_cytoplasm_instance,1,0,400,10968,0.0413818359375,0.03646973012399708,2,crowded,148,0.5057373046875,True,low,high
Cx22-Pair.zip,Pair,00301,401,Cx22-Pair:000402,included,,largest_matched_cytoplasm_instance,0,0,498,20210,0.0771484375,0.024641266699653636,1,not_crowded,200,0.5057373046875,True,high,middle
Cx22-Pair.zip,Pair,00302,402,Cx22-Pair:000403,included,,largest_matched_cytoplasm_instance,1,1,491,23199,0.08807373046875,0.021164705375231692,1,not_crowded,215,0.5057373046875,True,high,middle
Cx22-Pair.zip,Pair,00302,403,Cx22-Pair:000404,included,,largest_matched_cytoplasm_instance,1,1,444,16607,0.06378173828125,0.02673571385560306,2,crowded,182,0.5057373046875,True,middle,middle
Cx22-Pair.zip,Pair,00302,404,Cx22-Pair:000405,included,,largest_matched_cytoplasm_instance,0,0,215,14306,0.054443359375,0.01502865930378862,1,not_crowded,169,0.5057373046875,True,middle,low
Cx22-Pair.zip,Pair,00303,405,Cx22-Pair:000406,included,,largest_matched_cytoplasm_instance,1,1,235,12747,0.048583984375,0.01843571036322272,1,not_crowded,159,0.5057373046875,True,middle,middle
Cx22-Pair.zip,Pair,00303,406,Cx22-Pair:000407,included,,largest_matched_cytoplasm_instance,1,1,613,11507,0.0439453125,0.053271921439124015,2,crowded,151,0.5057373046875,True,low,high
Cx22-Pair.zip,Pair,00305,407,Cx22-Pair:000408,included,,largest_matched_cytoplasm_instance,0,0,465,26677,0.10211181640625,0.017430745586085393,1,not_crowded,230,0.5057373046875,True,high,low
Cx22-Pair.zip,Pair,00305,408,Cx22-Pair:000409,included,,largest_matched_cytoplasm_instance,1,0,689,15535,0.0596923828125,0.04435146443514645,1,not_crowded,176,0.5057373046875,True,middle,high
Cx22-Pair.zip,Pair,00306,409,Cx22-Pair:000410,included,,largest_matched_cytoplasm_instance,0,0,585,37770,0.1439208984375,0.015488482922954726,2,crowded,274,0.5057373046875,True,high,low
Cx22-Pair.zip,Pair,00306,410,Cx22-Pair:000411,included,,largest_matched_cytoplasm_instance,0,0,399,22081,0.08319091796875,0.01806983379375934,1,not_crowded,209,0.5057373046875,True,high,middle
Cx22-Pair.zip,Pair,00307,411,Cx22-Pair:000412,included,,largest_matched_cytoplasm_instance,1,1,289,17054,0.06512451171875,0.016946170986278878,2,crowded,184,0.5057373046875,True,middle,low
Cx22-Pair.zip,Pair,00307,412,Cx22-Pair:000413,included,,largest_matched_cytoplasm_instance,1,1,514,28319,0.1080322265625,0.018150358416610755,2,crowded,237,0.5057373046875,True,high,middle
Cx22-Pair.zip,Pair,00307,413,Cx22-Pair:000414,included,,largest_matched_cytoplasm_instance,0,0,326,15444,0.05889892578125,0.021108521108521107,2,crowded,175,0.5057373046875,True,middle,middle
Cx22-Pair.zip,Pair,00308,414,Cx22-Pair:000415,included,,largest_matched_cytoplasm_instance,0,0,577,13291,0.05023193359375,0.04341283575351742,2,crowded,163,0.5057373046875,True,middle,high
Cx22-Pair.zip,Pair,00311,415,Cx22-Pair:000416,included,,largest_matched_cytoplasm_instance,0,0,462,25230,0.09625244140625,0.0183115338882283,1,not_crowded,224,0.5057373046875,True,high,middle
Cx22-Pair.zip,Pair,00312,416,Cx22-Pair:000417,included,,largest_matched_cytoplasm_instance,0,0,304,27342,0.10345458984375,0.011118425864969644,2,crowded,233,0.5057373046875,True,high,low
Cx22-Pair.zip,Pair,00313,417,Cx22-Pair:000418,included,,largest_matched_cytoplasm_instance,0,0,444,14990,0.0562744140625,0.02961974649766511,1,not_crowded,177,0.5057373046875,True,middle,high
Cx22-Pair.zip,Pair,00313,418,Cx22-Pair:000419,included,,largest_matched_cytoplasm_instance,0,0,516,25663,0.0980224609375,0.020106768499396018,1,not_crowded,226,0.5057373046875,True,high,middle
Cx22-Pair.zip,Pair,00314,419,Cx22-Pair:000420,included,,largest_matched_cytoplasm_instance,1,1,352,22119,0.08404541015625,0.0159139201591392,2,crowded,210,0.5057373046875,True,high,low
Cx22-Pair.zip,Pair,00315,420,Cx22-Pair:000421,included,,largest_matched_cytoplasm_instance,1,1,552,33653,0.1280517578125,0.016402698124981428,1,not_crowded,258,0.5057373046875,True,high,low
Cx22-Pair.zip,Pair,00315,421,Cx22-Pair:000422,included,,largest_matched_cytoplasm_instance,0,0,291,27245,0.10382080078125,0.01068085887318774,1,not_crowded,233,0.5057373046875,True,high,low
Cx22-Pair.zip,Pair,00316,422,Cx22-Pair:000423,included,,largest_matched_cytoplasm_instance,0,0,300,19863,0.0755615234375,0.015103458692040477,2,crowded,199,0.5057373046875,True,high,low
Cx22-Pair.zip,Pair,00316,423,Cx22-Pair:000424,included,,largest_matched_cytoplasm_instance,0,0,528,16993,0.06512451171875,0.031071617724945565,1,not_crowded,184,0.5057373046875,True,middle,high
Cx22-Pair.zip,Pair,00317,424,Cx22-Pair:000425,included,,largest_matched_cytoplasm_instance,0,0,632,29462,0.1121826171875,0.021451361075283417,2,crowded,242,0.5057373046875,True,high,middle
Cx22-Pair.zip,Pair,00318,425,Cx22-Pair:000426,included,,largest_matched_cytoplasm_instance,1,1,251,29066,0.11083984375,0.008635519163283562,2,crowded,240,0.5057373046875,True,high,low
Cx22-Pair.zip,Pair,00319,426,Cx22-Pair:000427,included,,largest_matched_cytoplasm_instance,0,0,459,18177,0.0694580078125,0.02525169169830005,1,not_crowded,190,0.5057373046875,True,high,middle
Cx22-Pair.zip,Pair,00319,427,Cx22-Pair:000428,included,,largest_matched_cytoplasm_instance,1,1,407,14996,0.0570068359375,0.027140570818885035,1,not_crowded,192,0.5057373046875,True,middle,middle
Cx22-Pair.zip,Pair,00319,428,Cx22-Pair:000429,included,,largest_matched_cytoplasm_instance,1,1,232,15188,0.05810546875,0.015275217276797471,1,not_crowded,174,0.5057373046875,True,middle,low
Cx22-Pair.zip,Pair,00320,429,Cx22-Pair:000430,included,,largest_matched_cytoplasm_instance,1,1,2279,70790,0.2701416015625,0.032193812685407545,2,crowded,375,0.5057373046875,True,high,high
Cx22-Pair.zip,Pair,00321,430,Cx22-Pair:000431,included,,largest_matched_cytoplasm_instance,0,0,546,22847,0.08734130859375,0.023898104783997898,2,crowded,213,0.5057373046875,True,high,middle
Cx22-Pair.zip,Pair,00321,431,Cx22-Pair:000432,included,,largest_matched_cytoplasm_instance,0,0,327,28234,0.106689453125,0.011581780831621449,2,crowded,237,0.5057373046875,True,high,low
Cx22-Pair.zip,Pair,00322,432,Cx22-Pair:000433,included,,largest_matched_cytoplasm_instance,1,1,429,22852,0.08740234375,0.018772973919131804,2,crowded,213,0.5057373046875,True,high,middle
Cx22-Pair.zip,Pair,00323,433,Cx22-Pair:000434,included,,largest_matched_cytoplasm_instance,0,0,256,20598,0.078369140625,0.012428391105932616,2,crowded,202,0.5057373046875,True,high,low
Cx22-Pair.zip,Pair,00323,434,Cx22-Pair:000435,included,,largest_matched_cytoplasm_instance,0,1,250,14146,0.05389404296875,0.017672840378905697,1,not_crowded,168,0.5057373046875,True,middle,low
Cx22-Pair.zip,Pair,00324,435,Cx22-Pair:000436,included,,largest_matched_cytoplasm_instance,1,1,587,32588,0.1243896484375,0.018012765435129495,2,crowded,254,0.5057373046875,True,high,middle
Cx22-Pair.zip,Pair,00325,436,Cx22-Pair:000437,included,,largest_matched_cytoplasm_instance,0,0,957,10083,0.03814697265625,0.0949122285034216,2,crowded,142,0.5057373046875,True,low,high
Cx22-Pair.zip,Pair,00325,437,Cx22-Pair:000438,included,,largest_matched_cytoplasm_instance,0,1,736,17442,0.0660400390625,0.042196995757367274,1,not_crowded,186,0.5057373046875,True,middle,high
Cx22-Pair.zip,Pair,00326,438,Cx22-Pair:000439,included,,largest_matched_cytoplasm_instance,1,1,515,17645,0.06756591796875,0.029186738452819494,1,not_crowded,187,0.5057373046875,True,middle,middle
Cx22-Pair.zip,Pair,00326,439,Cx22-Pair:000440,included,,largest_matched_cytoplasm_instance,1,0,379,15146,0.05767822265625,0.025023108411461773,2,crowded,174,0.5057373046875,True,middle,middle
Cx22-Pair.zip,Pair,00326,440,Cx22-Pair:000441,included,,largest_matched_cytoplasm_instance,1,0,444,26808,0.10205078125,0.01656222023276634,2,crowded,231,0.5057373046875,True,high,low
Cx22-Pair.zip,Pair,00326,441,Cx22-Pair:000442,included,,largest_matched_cytoplasm_instance,0,1,520,9073,0.0345458984375,0.05731290642565855,2,crowded,164,0.5057373046875,True,low,high
Cx22-Pair.zip,Pair,00327,442,Cx22-Pair:000443,included,,largest_matched_cytoplasm_instance,0,1,607,12703,0.04803466796875,0.0477839880343226,2,crowded,159,0.5057373046875,True,middle,high
Cx22-Pair.zip,Pair,00328,443,Cx22-Pair:000444,included,,largest_matched_cytoplasm_instance,0,1,192,26812,0.1024169921875,0.007160972698791586,2,crowded,231,0.5057373046875,True,high,low
Cx22-Pair.zip,Pair,00329,444,Cx22-Pair:000445,included,,largest_matched_cytoplasm_instance,1,0,236,12046,0.04583740234375,0.01959156566495102,2,crowded,155,0.5057373046875,True,middle,middle
Cx22-Pair.zip,Pair,00329,445,Cx22-Pair:000446,included,,largest_matched_cytoplasm_instance,0,1,202,16832,0.0643310546875,0.012000950570342206,2,crowded,187,0.5057373046875,True,middle,low
Cx22-Pair.zip,Pair,00329,446,Cx22-Pair:000447,included,,largest_matched_cytoplasm_instance,1,1,287,16679,0.063720703125,0.017207266622699204,2,crowded,182,0.5057373046875,True,middle,low
Cx22-Pair.zip,Pair,00329,447,Cx22-Pair:000448,included,,largest_matched_cytoplasm_instance,0,0,191,15512,0.05914306640625,0.012313047962867458,2,crowded,176,0.5057373046875,True,middle,low
Cx22-Pair.zip,Pair,00329,448,Cx22-Pair:000449,included,,largest_matched_cytoplasm_instance,0,0,220,23324,0.0889892578125,0.009432344366317956,2,crowded,215,0.5057373046875,True,high,low
Cx22-Pair.zip,Pair,00330,449,Cx22-Pair:000450,included,,largest_matched_cytoplasm_instance,1,0,328,6944,0.02642822265625,0.04723502304147465,2,crowded,118,0.5057373046875,True,low,high
Cx22-Pair.zip,Pair,00330,450,Cx22-Pair:000451,included,,largest_matched_cytoplasm_instance,1,1,242,15704,0.05987548828125,0.015410086602139583,1,not_crowded,177,0.5057373046875,True,middle,low
Cx22-Pair.zip,Pair,00332,451,Cx22-Pair:000452,included,,largest_matched_cytoplasm_instance,1,1,412,27545,0.10540771484375,0.014957342530404791,2,crowded,234,0.5057373046875,True,high,low
Cx22-Pair.zip,Pair,00332,452,Cx22-Pair:000453,included,,largest_matched_cytoplasm_instance,1,1,215,14955,0.0572509765625,0.014376462721497826,2,crowded,172,0.5057373046875,True,middle,low
Cx22-Pair.zip,Pair,00333,453,Cx22-Pair:000454,included,,largest_matched_cytoplasm_instance,0,0,573,19247,0.0733642578125,0.02977087338286486,1,not_crowded,199,0.5057373046875,True,high,high
Cx22-Pair.zip,Pair,00334,454,Cx22-Pair:000455,included,,largest_matched_cytoplasm_instance,1,1,379,20024,0.07666015625,0.01892728725529365,2,crowded,199,0.5057373046875,True,high,middle
Cx22-Pair.zip,Pair,00334,455,Cx22-Pair:000456,included,,largest_matched_cytoplasm_instance,0,0,338,18275,0.06976318359375,0.018495212038303694,2,crowded,191,0.5057373046875,True,high,middle
Cx22-Pair.zip,Pair,00335,456,Cx22-Pair:000457,included,,largest_matched_cytoplasm_instance,1,1,324,16126,0.06170654296875,0.020091777254123776,2,crowded,197,0.5057373046875,True,middle,middle
Cx22-Pair.zip,Pair,00335,457,Cx22-Pair:000458,included,,largest_matched_cytoplasm_instance,1,1,735,13784,0.0535888671875,0.05332269297736506,1,not_crowded,218,0.5057373046875,True,middle,high
Cx22-Pair.zip,Pair,00335,458,Cx22-Pair:000459,included,,largest_matched_cytoplasm_instance,0,0,528,21677,0.0826416015625,0.0243576140609863,1,not_crowded,209,0.5057373046875,True,high,middle
Cx22-Pair.zip,Pair,00335,459,Cx22-Pair:000460,included,,largest_matched_cytoplasm_instance,0,0,135,8324,0.03173828125,0.016218164344065353,2,crowded,129,0.5057373046875,True,low,low
Cx22-Pair.zip,Pair,00336,460,Cx22-Pair:000461,included,,largest_matched_cytoplasm_instance,1,0,191,12366,0.046875,0.01544557658094776,2,crowded,157,0.5057373046875,True,middle,low
Cx22-Pair.zip,Pair,00337,461,Cx22-Pair:000462,included,,largest_matched_cytoplasm_instance,0,0,236,20353,0.0780029296875,0.011595342209993613,2,crowded,201,0.5057373046875,True,high,low
Cx22-Pair.zip,Pair,00338,462,Cx22-Pair:000463,included,,largest_matched_cytoplasm_instance,1,1,392,19442,0.07464599609375,0.020162534718650343,2,crowded,197,0.5057373046875,True,high,middle
Cx22-Pair.zip,Pair,00340,463,Cx22-Pair:000464,included,,largest_matched_cytoplasm_instance,1,1,634,13354,0.05108642578125,0.047476411562078775,2,crowded,193,0.5057373046875,True,middle,high
Cx22-Pair.zip,Pair,00340,464,Cx22-Pair:000465,included,,largest_matched_cytoplasm_instance,1,1,459,19815,0.07568359375,0.02316426949280848,1,not_crowded,198,0.5057373046875,True,high,middle
Cx22-Pair.zip,Pair,00340,465,Cx22-Pair:000466,included,,largest_matched_cytoplasm_instance,1,1,479,17558,0.0672607421875,0.02728101150472719,2,crowded,187,0.5057373046875,True,middle,middle
Cx22-Pair.zip,Pair,00341,466,Cx22-Pair:000467,included,,largest_matched_cytoplasm_instance,0,0,383,13168,0.05023193359375,0.02908566221142163,2,crowded,162,0.5057373046875,True,middle,middle
Cx22-Pair.zip,Pair,00341,467,Cx22-Pair:000468,included,,largest_matched_cytoplasm_instance,0,0,470,48082,0.1832275390625,0.009774967763404184,2,crowded,309,0.5057373046875,True,high,low
Cx22-Pair.zip,Pair,00342,468,Cx22-Pair:000469,included,,largest_matched_cytoplasm_instance,1,1,182,22731,0.08709716796875,0.00800668690334785,1,not_crowded,213,0.5057373046875,True,high,low
Cx22-Pair.zip,Pair,00342,469,Cx22-Pair:000470,included,,largest_matched_cytoplasm_instance,0,0,364,17999,0.0684814453125,0.02022334574143008,2,crowded,189,0.5057373046875,True,high,middle
Cx22-Pair.zip,Pair,00343,470,Cx22-Pair:000471,included,,largest_matched_cytoplasm_instance,0,0,785,15592,0.0589599609375,0.05034633145202668,2,crowded,176,0.5057373046875,True,middle,high
Cx22-Pair.zip,Pair,00344,471,Cx22-Pair:000472,included,,largest_matched_cytoplasm_instance,0,1,1070,10922,0.04168701171875,0.09796740523713605,1,not_crowded,156,0.5057373046875,True,low,high
Cx22-Pair.zip,Pair,00344,472,Cx22-Pair:000473,included,,largest_matched_cytoplasm_instance,1,1,433,21539,0.08233642578125,0.020103068851850134,2,crowded,207,0.5057373046875,True,high,middle
Cx22-Pair.zip,Pair,00344,473,Cx22-Pair:000474,included,,largest_matched_cytoplasm_instance,0,0,640,19571,0.07452392578125,0.032701446017066066,2,crowded,217,0.5057373046875,True,high,high
Cx22-Pair.zip,Pair,00345,474,Cx22-Pair:000475,included,,largest_matched_cytoplasm_instance,0,0,241,13931,0.053466796875,0.017299547771157848,2,crowded,166,0.5057373046875,True,middle,low
Cx22-Pair.zip,Pair,00345,475,Cx22-Pair:000476,included,,largest_matched_cytoplasm_instance,0,0,378,13743,0.05255126953125,0.0275049115913556,1,not_crowded,165,0.5057373046875,True,middle,middle
Cx22-Pair.zip,Pair,00346,476,Cx22-Pair:000477,included,,largest_matched_cytoplasm_instance,1,1,205,23326,0.08917236328125,0.00878847637829032,1,not_crowded,215,0.5057373046875,True,high,low
Cx22-Pair.zip,Pair,00348,477,Cx22-Pair:000478,included,,largest_matched_cytoplasm_instance,0,0,235,22348,0.08526611328125,0.010515482369787006,2,crowded,211,0.5057373046875,True,high,low
Cx22-Pair.zip,Pair,00349,478,Cx22-Pair:000479,included,,largest_matched_cytoplasm_instance,1,0,430,17611,0.0673828125,0.02441655783317245,2,crowded,194,0.5057373046875,True,middle,middle
Cx22-Pair.zip,Pair,00349,479,Cx22-Pair:000480,included,,largest_matched_cytoplasm_instance,0,1,551,16997,0.06488037109375,0.03241748543860681,2,crowded,193,0.5057373046875,True,middle,high
Cx22-Pair.zip,Pair,00350,480,Cx22-Pair:000481,included,,largest_matched_cytoplasm_instance,0,1,746,20630,0.078857421875,0.03616093068347068,2,crowded,202,0.5057373046875,True,high,high
Cx22-Pair.zip,Pair,00351,481,Cx22-Pair:000482,included,,largest_matched_cytoplasm_instance,1,0,679,21422,0.08148193359375,0.031696386891980205,2,crowded,206,0.5057373046875,True,high,high
Cx22-Pair.zip,Pair,00351,482,Cx22-Pair:000483,included,,largest_matched_cytoplasm_instance,0,0,595,18165,0.06951904296875,0.03275529865125241,2,crowded,190,0.5057373046875,True,high,high
Cx22-Pair.zip,Pair,00352,483,Cx22-Pair:000484,included,,largest_matched_cytoplasm_instance,1,1,412,28193,0.10662841796875,0.014613556556592062,2,crowded,237,0.5057373046875,True,high,low
Cx22-Pair.zip,Pair,00353,484,Cx22-Pair:000485,included,,largest_matched_cytoplasm_instance,1,1,664,25940,0.09942626953125,0.025597532767925982,2,crowded,227,0.5057373046875,True,high,middle
Cx22-Pair.zip,Pair,00354,485,Cx22-Pair:000486,included,,largest_matched_cytoplasm_instance,0,0,405,18946,0.07257080078125,0.021376543861501108,2,crowded,194,0.5057373046875,True,high,middle
Cx22-Pair.zip,Pair,00354,486,Cx22-Pair:000487,included,,largest_matched_cytoplasm_instance,0,0,590,16636,0.06365966796875,0.03546525607117095,2,crowded,182,0.5057373046875,True,middle,high
Cx22-Pair.zip,Pair,00357,487,Cx22-Pair:000488,included,,largest_matched_cytoplasm_instance,1,0,544,12130,0.0457763671875,0.0448474855729596,2,crowded,155,0.5057373046875,True,middle,high
Cx22-Pair.zip,Pair,00357,488,Cx22-Pair:000489,included,,largest_matched_cytoplasm_instance,0,0,516,11200,0.04229736328125,0.04607142857142857,1,not_crowded,149,0.5057373046875,True,low,high
Cx22-Pair.zip,Pair,00360,489,Cx22-Pair:000490,included,,largest_matched_cytoplasm_instance,1,1,258,22442,0.08551025390625,0.01149630157739952,1,not_crowded,211,0.5057373046875,True,high,low
Cx22-Pair.zip,Pair,00361,490,Cx22-Pair:000491,included,,largest_matched_cytoplasm_instance,0,0,346,17597,0.066650390625,0.01966244246178326,2,crowded,187,0.5057373046875,True,middle,middle
Cx22-Pair.zip,Pair,00361,491,Cx22-Pair:000492,included,,largest_matched_cytoplasm_instance,1,1,422,9630,0.03662109375,0.043821391484942886,2,crowded,138,0.5057373046875,True,low,high
Cx22-Pair.zip,Pair,00362,492,Cx22-Pair:000493,included,,largest_matched_cytoplasm_instance,1,1,752,20986,0.0794677734375,0.03583341275135805,2,crowded,204,0.5057373046875,True,high,high
Cx22-Pair.zip,Pair,00363,493,Cx22-Pair:000494,included,,largest_matched_cytoplasm_instance,0,0,418,11464,0.04388427734375,0.03646196789951151,1,not_crowded,151,0.5057373046875,True,low,high
Cx22-Pair.zip,Pair,00363,494,Cx22-Pair:000495,included,,largest_matched_cytoplasm_instance,0,1,305,26018,0.09912109375,0.011722653547544008,1,not_crowded,227,0.5057373046875,True,high,low
Cx22-Pair.zip,Pair,00363,495,Cx22-Pair:000496,included,,largest_matched_cytoplasm_instance,1,1,444,33006,0.12579345703125,0.013452099618251227,2,crowded,256,0.5057373046875,True,high,low
Cx22-Pair.zip,Pair,00363,496,Cx22-Pair:000497,included,,largest_matched_cytoplasm_instance,1,1,203,19095,0.0726318359375,0.010631055250065462,2,crowded,195,0.5057373046875,True,high,low
Cx22-Pair.zip,Pair,00363,497,Cx22-Pair:000498,included,,largest_matched_cytoplasm_instance,1,1,593,20602,0.07843017578125,0.02878361324143287,2,crowded,202,0.5057373046875,True,high,middle
Cx22-Pair.zip,Pair,00364,498,Cx22-Pair:000499,included,,largest_matched_cytoplasm_instance,0,0,540,22254,0.08526611328125,0.02426530062011324,2,crowded,214,0.5057373046875,True,high,middle
Cx22-Pair.zip,Pair,00364,499,Cx22-Pair:000500,included,,largest_matched_cytoplasm_instance,0,0,412,16560,0.0631103515625,0.024879227053140097,2,crowded,181,0.5057373046875,True,middle,middle
Cx22-Pair.zip,Pair,00365,500,Cx22-Pair:000501,included,,largest_matched_cytoplasm_instance,1,1,613,6637,0.02520751953125,0.0923610064788308,1,not_crowded,115,0.5057373046875,True,low,high
Cx22-Pair.zip,Pair,00366,501,Cx22-Pair:000502,included,,largest_matched_cytoplasm_instance,1,1,604,13708,0.05169677734375,0.04406186168660636,2,crowded,165,0.5057373046875,True,middle,high
Cx22-Pair.zip,Pair,00366,502,Cx22-Pair:000503,included,,largest_matched_cytoplasm_instance,0,1,539,18979,0.07208251953125,0.02839981031666579,2,crowded,194,0.5057373046875,True,high,middle
Cx22-Pair.zip,Pair,00367,503,Cx22-Pair:000504,included,,largest_matched_cytoplasm_instance,1,0,208,27960,0.10638427734375,0.007439198855507869,2,crowded,254,0.5057373046875,True,high,low
Cx22-Pair.zip,Pair,00367,504,Cx22-Pair:000505,included,,largest_matched_cytoplasm_instance,0,0,504,13027,0.049560546875,0.03868887694787748,2,crowded,161,0.5057373046875,True,middle,high
Cx22-Pair.zip,Pair,00368,505,Cx22-Pair:000506,included,,largest_matched_cytoplasm_instance,0,0,100,19916,0.07562255859375,0.00502108857200241,2,crowded,235,0.5057373046875,True,high,low
Cx22-Pair.zip,Pair,00368,506,Cx22-Pair:000507,included,,largest_matched_cytoplasm_instance,0,0,196,20328,0.07720947265625,0.009641873278236915,2,crowded,201,0.5057373046875,True,high,low
Cx22-Pair.zip,Pair,00368,507,Cx22-Pair:000508,included,,largest_matched_cytoplasm_instance,1,1,200,22951,0.08746337890625,0.008714217245435928,1,not_crowded,214,0.5057373046875,True,high,low
Cx22-Pair.zip,Pair,00369,508,Cx22-Pair:000509,included,,largest_matched_cytoplasm_instance,1,1,531,23940,0.0919189453125,0.02218045112781955,2,crowded,218,0.5057373046875,True,high,middle
Cx22-Pair.zip,Pair,00370,509,Cx22-Pair:000510,included,,largest_matched_cytoplasm_instance,0,0,204,29789,0.11358642578125,0.006848165430192353,2,crowded,248,0.5057373046875,True,high,low
Cx22-Pair.zip,Pair,00370,510,Cx22-Pair:000511,included,,largest_matched_cytoplasm_instance,1,1,532,20057,0.076416015625,0.026524405444483222,2,crowded,200,0.5057373046875,True,high,middle
Cx22-Pair.zip,Pair,00370,511,Cx22-Pair:000512,included,,largest_matched_cytoplasm_instance,0,0,558,27965,0.10675048828125,0.019953513320221706,2,crowded,236,0.5057373046875,True,high,middle
Cx22-Pair.zip,Pair,00372,512,Cx22-Pair:000513,included,,largest_matched_cytoplasm_instance,1,1,297,28291,0.10833740234375,0.010498038245378389,2,crowded,237,0.5057373046875,True,high,low
Cx22-Pair.zip,Pair,00373,513,Cx22-Pair:000514,included,,largest_matched_cytoplasm_instance,0,0,270,16343,0.06219482421875,0.01652083460808909,1,not_crowded,180,0.5057373046875,True,middle,low
Cx22-Pair.zip,Pair,00374,514,Cx22-Pair:000515,included,,largest_matched_cytoplasm_instance,0,0,598,21318,0.0810546875,0.028051411952340746,2,crowded,206,0.5057373046875,True,high,middle
Cx22-Pair.zip,Pair,00374,515,Cx22-Pair:000516,included,,largest_matched_cytoplasm_instance,0,1,305,12785,0.04888916015625,0.023856081345326553,2,crowded,166,0.5057373046875,True,middle,middle
Cx22-Pair.zip,Pair,00374,516,Cx22-Pair:000517,included,,largest_matched_cytoplasm_instance,1,1,194,18930,0.0723876953125,0.010248283148441627,1,not_crowded,194,0.5057373046875,True,high,low
Cx22-Pair.zip,Pair,00374,517,Cx22-Pair:000518,included,,largest_matched_cytoplasm_instance,1,1,220,16046,0.06109619140625,0.013710582076529976,2,crowded,179,0.5057373046875,True,middle,low
Cx22-Pair.zip,Pair,00375,518,Cx22-Pair:000519,included,,largest_matched_cytoplasm_instance,0,1,280,13856,0.05279541015625,0.02020785219399538,2,crowded,166,0.5057373046875,True,middle,middle
Cx22-Pair.zip,Pair,00375,519,Cx22-Pair:000520,included,,largest_matched_cytoplasm_instance,0,0,417,12409,0.04718017578125,0.033604641792247564,2,crowded,157,0.5057373046875,True,middle,high
Cx22-Pair.zip,Pair,00377,520,Cx22-Pair:000521,included,,largest_matched_cytoplasm_instance,0,0,269,14105,0.05401611328125,0.019071251329315846,2,crowded,168,0.5057373046875,True,middle,middle
Cx22-Pair.zip,Pair,00377,521,Cx22-Pair:000522,included,,largest_matched_cytoplasm_instance,1,0,629,10429,0.039794921875,0.06031258989356602,1,not_crowded,144,0.5057373046875,True,low,high
Cx22-Pair.zip,Pair,00378,522,Cx22-Pair:000523,included,,largest_matched_cytoplasm_instance,0,0,518,13145,0.0498046875,0.039406618486116395,2,crowded,180,0.5057373046875,True,middle,high
Cx22-Pair.zip,Pair,00378,523,Cx22-Pair:000524,included,,largest_matched_cytoplasm_instance,1,0,524,12552,0.04754638671875,0.04174633524537922,1,not_crowded,158,0.5057373046875,True,middle,high
Cx22-Pair.zip,Pair,00378,524,Cx22-Pair:000525,included,,largest_matched_cytoplasm_instance,1,1,771,27824,0.10589599609375,0.027709890741805635,2,crowded,235,0.5057373046875,True,high,middle
Cx22-Pair.zip,Pair,00379,525,Cx22-Pair:000526,included,,largest_matched_cytoplasm_instance,0,1,657,7292,0.02764892578125,0.09009873834339002,2,crowded,143,0.5057373046875,True,low,high
Cx22-Pair.zip,Pair,00379,526,Cx22-Pair:000527,included,,largest_matched_cytoplasm_instance,1,0,630,14568,0.05560302734375,0.04324546952224053,2,crowded,170,0.5057373046875,True,middle,high
Cx22-Pair.zip,Pair,00380,527,Cx22-Pair:000528,included,,largest_matched_cytoplasm_instance,0,0,248,10178,0.0391845703125,0.02436628021222244,2,crowded,143,0.5057373046875,True,low,middle
Cx22-Pair.zip,Pair,00380,528,Cx22-Pair:000529,included,,largest_matched_cytoplasm_instance,0,0,295,13739,0.05255126953125,0.021471722832811704,1,not_crowded,165,0.5057373046875,True,middle,middle
Cx22-Pair.zip,Pair,00381,529,Cx22-Pair:000530,included,,largest_matched_cytoplasm_instance,0,0,492,26678,0.10089111328125,0.018442162081115526,2,crowded,230,0.5057373046875,True,high,middle
Cx22-Pair.zip,Pair,00381,530,Cx22-Pair:000531,included,,largest_matched_cytoplasm_instance,1,0,209,16162,0.061279296875,0.012931567875262963,2,crowded,179,0.5057373046875,True,middle,low
Cx22-Pair.zip,Pair,00381,531,Cx22-Pair:000532,included,,largest_matched_cytoplasm_instance,0,0,221,25376,0.0968017578125,0.008709016393442622,2,crowded,225,0.5057373046875,True,high,low
Cx22-Pair.zip,Pair,00381,532,Cx22-Pair:000533,included,,largest_matched_cytoplasm_instance,1,0,228,20766,0.079345703125,0.01097948569777521,1,not_crowded,205,0.5057373046875,True,high,low
Cx22-Pair.zip,Pair,00381,533,Cx22-Pair:000534,included,,largest_matched_cytoplasm_instance,1,0,370,31755,0.12066650390625,0.011651708392379154,2,crowded,265,0.5057373046875,True,high,low
Cx22-Pair.zip,Pair,00382,534,Cx22-Pair:000535,included,,largest_matched_cytoplasm_instance,1,1,438,45996,0.17572021484375,0.00952256717975476,1,not_crowded,302,0.5057373046875,True,high,low
Cx22-Pair.zip,Pair,00383,535,Cx22-Pair:000536,included,,largest_matched_cytoplasm_instance,0,0,506,20840,0.07977294921875,0.024280230326295584,2,crowded,203,0.5057373046875,True,high,middle
Cx22-Pair.zip,Pair,00384,536,Cx22-Pair:000537,included,,largest_matched_cytoplasm_instance,0,0,369,27057,0.10333251953125,0.013637875595964076,1,not_crowded,232,0.5057373046875,True,high,low
Cx22-Pair.zip,Pair,00385,537,Cx22-Pair:000538,included,,largest_matched_cytoplasm_instance,0,1,308,13255,0.05029296875,0.023236514522821577,2,crowded,165,0.5057373046875,True,middle,middle
Cx22-Pair.zip,Pair,00385,538,Cx22-Pair:000539,included,,largest_matched_cytoplasm_instance,1,0,769,10280,0.03936767578125,0.07480544747081712,2,crowded,143,0.5057373046875,True,low,high
Cx22-Pair.zip,Pair,00386,539,Cx22-Pair:000540,included,,largest_matched_cytoplasm_instance,0,0,455,14364,0.05474853515625,0.03167641325536062,2,crowded,169,0.5057373046875,True,middle,high
Cx22-Pair.zip,Pair,00386,540,Cx22-Pair:000541,included,,largest_matched_cytoplasm_instance,1,0,616,14059,0.05340576171875,0.0438153495981222,2,crowded,171,0.5057373046875,True,middle,high
Cx22-Pair.zip,Pair,00387,541,Cx22-Pair:000542,included,,largest_matched_cytoplasm_instance,1,0,418,14531,0.05548095703125,0.028766086298258896,2,crowded,170,0.5057373046875,True,middle,middle
Cx22-Pair.zip,Pair,00387,542,Cx22-Pair:000543,included,,largest_matched_cytoplasm_instance,0,1,378,13974,0.05303955078125,0.027050236152855303,1,not_crowded,167,0.5057373046875,True,middle,middle
Cx22-Pair.zip,Pair,00388,543,Cx22-Pair:000544,included,,largest_matched_cytoplasm_instance,0,0,239,13040,0.05059814453125,0.018328220858895704,2,crowded,161,0.5057373046875,True,middle,middle
Cx22-Pair.zip,Pair,00388,544,Cx22-Pair:000545,included,,largest_matched_cytoplasm_instance,1,0,482,22563,0.08599853515625,0.021362407481274652,2,crowded,230,0.5057373046875,True,high,middle
Cx22-Pair.zip,Pair,00388,545,Cx22-Pair:000546,included,,largest_matched_cytoplasm_instance,0,1,504,22958,0.0872802734375,0.02195313180590644,2,crowded,214,0.5057373046875,True,high,middle
Cx22-Pair.zip,Pair,00389,546,Cx22-Pair:000547,included,,largest_matched_cytoplasm_instance,1,1,232,20551,0.07891845703125,0.011288988370395601,1,not_crowded,202,0.5057373046875,True,high,low
Cx22-Pair.zip,Pair,00389,547,Cx22-Pair:000548,included,,largest_matched_cytoplasm_instance,0,0,456,19073,0.07244873046875,0.023908142400251665,2,crowded,195,0.5057373046875,True,high,middle
Cx22-Pair.zip,Pair,00391,548,Cx22-Pair:000549,included,,largest_matched_cytoplasm_instance,1,1,275,12871,0.0491943359375,0.021365861238443012,2,crowded,160,0.5057373046875,True,middle,middle
Cx22-Pair.zip,Pair,00392,549,Cx22-Pair:000550,included,,largest_matched_cytoplasm_instance,1,0,495,19060,0.07281494140625,0.025970619097586568,2,crowded,195,0.5057373046875,True,high,middle
Cx22-Pair.zip,Pair,00392,550,Cx22-Pair:000551,included,,largest_matched_cytoplasm_instance,0,0,490,10885,0.04168701171875,0.04501607717041801,2,crowded,147,0.5057373046875,True,low,high
Cx22-Pair.zip,Pair,00393,551,Cx22-Pair:000552,included,,largest_matched_cytoplasm_instance,1,1,643,55587,0.21185302734375,0.011567452821702916,2,crowded,332,0.5057373046875,True,high,low
Cx22-Pair.zip,Pair,00394,552,Cx22-Pair:000553,included,,largest_matched_cytoplasm_instance,1,0,659,18940,0.0721435546875,0.034794086589229146,2,crowded,194,0.5057373046875,True,high,high
Cx22-Pair.zip,Pair,00394,553,Cx22-Pair:000554,included,,largest_matched_cytoplasm_instance,0,1,1117,22946,0.08740234375,0.048679508411052036,2,crowded,214,0.5057373046875,True,high,high
Cx22-Pair.zip,Pair,00395,554,Cx22-Pair:000555,included,,largest_matched_cytoplasm_instance,1,0,209,26165,0.10009765625,0.00798776992165106,1,not_crowded,228,0.5057373046875,True,high,low
Cx22-Pair.zip,Pair,00396,555,Cx22-Pair:000556,included,,largest_matched_cytoplasm_instance,0,0,1197,59236,0.2257080078125,0.020207306367749343,1,not_crowded,343,0.5057373046875,True,high,middle
Cx22-Pair.zip,Pair,00397,556,Cx22-Pair:000557,included,,largest_matched_cytoplasm_instance,1,1,470,10803,0.041259765625,0.04350643339813015,2,crowded,147,0.5057373046875,True,low,high
Cx22-Pair.zip,Pair,00397,557,Cx22-Pair:000558,included,,largest_matched_cytoplasm_instance,0,0,795,10281,0.03955078125,0.07732710825795155,2,crowded,143,0.5057373046875,True,low,high
Cx22-Pair.zip,Pair,00398,558,Cx22-Pair:000559,included,,largest_matched_cytoplasm_instance,1,1,453,18772,0.07171630859375,0.02413168548902621,2,crowded,193,0.5057373046875,True,high,middle
Cx22-Pair.zip,Pair,00399,559,Cx22-Pair:000560,included,,largest_matched_cytoplasm_instance,0,1,355,22559,0.08648681640625,0.01573651314331309,2,crowded,212,0.5057373046875,True,high,low
Cx22-Pair.zip,Pair,00401,560,Cx22-Pair:000561,included,,largest_matched_cytoplasm_instance,1,1,563,10846,0.0411376953125,0.051908537709754746,2,crowded,147,0.5057373046875,True,low,high
Cx22-Pair.zip,Pair,00402,561,Cx22-Pair:000562,included,,largest_matched_cytoplasm_instance,1,1,612,21836,0.08319091796875,0.028027111192526103,1,not_crowded,208,0.5057373046875,True,high,middle
Cx22-Pair.zip,Pair,00403,562,Cx22-Pair:000563,included,,largest_matched_cytoplasm_instance,1,0,483,20557,0.07879638671875,0.023495646251885,1,not_crowded,202,0.5057373046875,True,high,middle
Cx22-Pair.zip,Pair,00404,563,Cx22-Pair:000564,included,,largest_matched_cytoplasm_instance,0,0,413,11593,0.04449462890625,0.035624946088156646,2,crowded,152,0.5057373046875,True,middle,high
Cx22-Pair.zip,Pair,00405,564,Cx22-Pair:000565,included,,largest_matched_cytoplasm_instance,0,1,295,13804,0.052734375,0.0213706172124022,2,crowded,166,0.5057373046875,True,middle,middle
Cx22-Pair.zip,Pair,00406,565,Cx22-Pair:000566,included,,largest_matched_cytoplasm_instance,1,1,255,10479,0.0401611328125,0.024334383051817923,2,crowded,147,0.5057373046875,True,low,middle
Cx22-Pair.zip,Pair,00406,566,Cx22-Pair:000567,included,,largest_matched_cytoplasm_instance,0,0,343,13404,0.05047607421875,0.025589376305580423,1,not_crowded,163,0.5057373046875,True,middle,middle
Cx22-Pair.zip,Pair,00406,567,Cx22-Pair:000568,included,,largest_matched_cytoplasm_instance,0,1,596,12843,0.04974365234375,0.04640660281865608,2,crowded,160,0.5057373046875,True,middle,high
Cx22-Pair.zip,Pair,00406,568,Cx22-Pair:000569,included,,largest_matched_cytoplasm_instance,1,1,245,13906,0.0526123046875,0.01761829426146987,2,crowded,182,0.5057373046875,True,middle,low
Cx22-Pair.zip,Pair,00407,569,Cx22-Pair:000570,included,,largest_matched_cytoplasm_instance,0,0,520,14169,0.0537109375,0.03669983767379491,2,crowded,198,0.5057373046875,True,middle,high
Cx22-Pair.zip,Pair,00407,570,Cx22-Pair:000571,included,,largest_matched_cytoplasm_instance,0,1,396,13282,0.05078125,0.029814786929679263,2,crowded,164,0.5057373046875,True,middle,high
Cx22-Pair.zip,Pair,00408,571,Cx22-Pair:000572,included,,largest_matched_cytoplasm_instance,1,1,568,14895,0.0567626953125,0.038133601879825445,1,not_crowded,174,0.5057373046875,True,middle,high
Cx22-Pair.zip,Pair,00409,572,Cx22-Pair:000573,included,,largest_matched_cytoplasm_instance,1,1,843,11719,0.04498291015625,0.07193446539807151,2,crowded,153,0.5057373046875,True,middle,high
Cx22-Pair.zip,Pair,00410,573,Cx22-Pair:000574,included,,largest_matched_cytoplasm_instance,1,1,329,17313,0.06671142578125,0.019003061283428636,2,crowded,186,0.5057373046875,True,middle,middle
Cx22-Pair.zip,Pair,00410,574,Cx22-Pair:000575,included,,largest_matched_cytoplasm_instance,1,0,285,11298,0.04296875,0.025225703664365374,1,not_crowded,150,0.5057373046875,True,low,middle
Cx22-Pair.zip,Pair,00411,575,Cx22-Pair:000576,included,,largest_matched_cytoplasm_instance,0,0,506,18541,0.070556640625,0.0272908688851734,2,crowded,199,0.5057373046875,True,high,middle
Cx22-Pair.zip,Pair,00411,576,Cx22-Pair:000577,included,,largest_matched_cytoplasm_instance,0,0,219,29524,0.11309814453125,0.007417694079393036,2,crowded,242,0.5057373046875,True,high,low
Cx22-Pair.zip,Pair,00412,577,Cx22-Pair:000578,included,,largest_matched_cytoplasm_instance,1,1,352,14597,0.0556640625,0.024114544084400905,2,crowded,170,0.5057373046875,True,middle,middle
Cx22-Pair.zip,Pair,00412,578,Cx22-Pair:000579,included,,largest_matched_cytoplasm_instance,1,1,315,9410,0.0357666015625,0.0334750265674814,2,crowded,137,0.5057373046875,True,low,high
Cx22-Pair.zip,Pair,00412,579,Cx22-Pair:000580,included,,largest_matched_cytoplasm_instance,0,1,510,22265,0.0865478515625,0.022905906130698407,2,crowded,210,0.5057373046875,True,high,middle
Cx22-Pair.zip,Pair,00413,580,Cx22-Pair:000581,included,,largest_matched_cytoplasm_instance,1,1,691,34514,0.13214111328125,0.02002086109984354,1,not_crowded,268,0.5057373046875,True,high,middle
Cx22-Pair.zip,Pair,00413,581,Cx22-Pair:000582,included,,largest_matched_cytoplasm_instance,1,1,517,19496,0.0743408203125,0.02651826015592942,2,crowded,232,0.5057373046875,True,high,middle
Cx22-Pair.zip,Pair,00413,582,Cx22-Pair:000583,included,,largest_matched_cytoplasm_instance,0,0,393,26408,0.10028076171875,0.014881853983641322,2,crowded,229,0.5057373046875,True,high,low
Cx22-Pair.zip,Pair,00413,583,Cx22-Pair:000584,included,,largest_matched_cytoplasm_instance,0,0,708,20540,0.078369140625,0.034469328140214216,2,crowded,202,0.5057373046875,True,high,high
Cx22-Pair.zip,Pair,00413,584,Cx22-Pair:000585,included,,largest_matched_cytoplasm_instance,1,0,218,21755,0.08282470703125,0.010020684900022983,1,not_crowded,208,0.5057373046875,True,high,low
Cx22-Pair.zip,Pair,00413,585,Cx22-Pair:000586,included,,largest_matched_cytoplasm_instance,1,1,627,33729,0.1285400390625,0.018589344481010406,2,crowded,259,0.5057373046875,True,high,middle
Cx22-Pair.zip,Pair,00413,586,Cx22-Pair:000587,included,,largest_matched_cytoplasm_instance,1,1,676,22918,0.08734130859375,0.02949646566017977,1,not_crowded,213,0.5057373046875,True,high,high
Cx22-Pair.zip,Pair,00414,587,Cx22-Pair:000588,included,,largest_matched_cytoplasm_instance,0,1,684,10928,0.0416259765625,0.06259150805270863,2,crowded,147,0.5057373046875,True,low,high
Cx22-Pair.zip,Pair,00414,588,Cx22-Pair:000589,included,,largest_matched_cytoplasm_instance,0,0,689,11824,0.04473876953125,0.05827131258457375,2,crowded,153,0.5057373046875,True,middle,high
Cx22-Pair.zip,Pair,00414,589,Cx22-Pair:000590,included,,largest_matched_cytoplasm_instance,0,1,237,5134,0.0194091796875,0.04616283599532528,2,crowded,101,0.5057373046875,True,low,high
Cx22-Pair.zip,Pair,00414,590,Cx22-Pair:000591,included,,largest_matched_cytoplasm_instance,1,1,494,5481,0.020751953125,0.09012953840540047,1,not_crowded,105,0.5057373046875,True,low,high
Cx22-Pair.zip,Pair,00414,591,Cx22-Pair:000592,included,,largest_matched_cytoplasm_instance,0,1,361,7568,0.02874755859375,0.047700845665961944,2,crowded,123,0.5057373046875,True,low,high
Cx22-Pair.zip,Pair,00415,592,Cx22-Pair:000593,included,,largest_matched_cytoplasm_instance,0,1,563,22014,0.08404541015625,0.025574634323612247,2,crowded,209,0.5057373046875,True,high,middle
Cx22-Pair.zip,Pair,00415,593,Cx22-Pair:000594,included,,largest_matched_cytoplasm_instance,0,0,375,20523,0.07745361328125,0.018272182429469375,1,not_crowded,202,0.5057373046875,True,high,middle
Cx22-Pair.zip,Pair,00415,594,Cx22-Pair:000595,included,,largest_matched_cytoplasm_instance,0,1,771,13325,0.0506591796875,0.057861163227016885,2,crowded,163,0.5057373046875,True,middle,high
Cx22-Pair.zip,Pair,00416,595,Cx22-Pair:000596,included,,largest_matched_cytoplasm_instance,0,1,335,12784,0.048583984375,0.026204630788485606,1,not_crowded,159,0.5057373046875,True,middle,middle
Cx22-Pair.zip,Pair,00416,596,Cx22-Pair:000597,included,,largest_matched_cytoplasm_instance,0,0,253,16037,0.061279296875,0.015776017958471035,2,crowded,179,0.5057373046875,True,middle,low
Cx22-Pair.zip,Pair,00418,597,Cx22-Pair:000598,included,,largest_matched_cytoplasm_instance,1,0,607,21515,0.08221435546875,0.028212874738554498,2,crowded,207,0.5057373046875,True,high,middle
Cx22-Pair.zip,Pair,00418,598,Cx22-Pair:000599,included,,largest_matched_cytoplasm_instance,0,0,466,16982,0.06488037109375,0.027440819691437992,2,crowded,190,0.5057373046875,True,middle,middle
Cx22-Pair.zip,Pair,00418,599,Cx22-Pair:000600,included,,largest_matched_cytoplasm_instance,1,0,627,16493,0.0628662109375,0.038016128054326075,1,not_crowded,181,0.5057373046875,True,middle,high
Cx22-Pair.zip,Pair,00419,600,Cx22-Pair:000601,included,,largest_matched_cytoplasm_instance,0,0,685,15593,0.05950927734375,0.043929968575642915,2,crowded,176,0.5057373046875,True,middle,high
Cx22-Pair.zip,Pair,00419,601,Cx22-Pair:000602,included,,largest_matched_cytoplasm_instance,0,0,491,5781,0.02197265625,0.08493340252551462,2,crowded,107,0.5057373046875,True,low,high
Cx22-Pair.zip,Pair,00419,602,Cx22-Pair:000603,included,,largest_matched_cytoplasm_instance,1,1,425,9637,0.0364990234375,0.0441008612638788,2,crowded,139,0.5057373046875,True,low,high
Cx22-Pair.zip,Pair,00420,603,Cx22-Pair:000604,included,,largest_matched_cytoplasm_instance,1,1,949,10151,0.03875732421875,0.09348832627327357,2,crowded,142,0.5057373046875,True,low,high
Cx22-Pair.zip,Pair,00421,604,Cx22-Pair:000605,included,,largest_matched_cytoplasm_instance,1,0,294,18182,0.06915283203125,0.016169838301616984,2,crowded,190,0.5057373046875,True,high,low
Cx22-Pair.zip,Pair,00421,605,Cx22-Pair:000606,included,,largest_matched_cytoplasm_instance,1,0,625,15345,0.05859375,0.04072987943955686,2,crowded,200,0.5057373046875,True,middle,high
Cx22-Pair.zip,Pair,00422,606,Cx22-Pair:000607,included,,largest_matched_cytoplasm_instance,1,1,450,15607,0.05938720703125,0.028833215864676107,2,crowded,176,0.5057373046875,True,middle,middle
Cx22-Pair.zip,Pair,00422,607,Cx22-Pair:000608,included,,largest_matched_cytoplasm_instance,1,1,580,18171,0.0693359375,0.031918991800121074,2,crowded,190,0.5057373046875,True,high,high
Cx22-Pair.zip,Pair,00423,608,Cx22-Pair:000609,included,,largest_matched_cytoplasm_instance,0,0,259,10173,0.0389404296875,0.025459549788656246,1,not_crowded,142,0.5057373046875,True,low,middle
Cx22-Pair.zip,Pair,00424,609,Cx22-Pair:000610,included,,largest_matched_cytoplasm_instance,1,0,182,24458,0.09326171875,0.007441327990841442,1,not_crowded,220,0.5057373046875,True,high,low
Cx22-Pair.zip,Pair,00424,610,Cx22-Pair:000611,included,,largest_matched_cytoplasm_instance,1,0,141,21595,0.08221435546875,0.006529289187311878,1,not_crowded,207,0.5057373046875,True,high,low
Cx22-Pair.zip,Pair,00424,611,Cx22-Pair:000612,included,,largest_matched_cytoplasm_instance,1,1,227,21389,0.08154296875,0.010612931880873346,2,crowded,207,0.5057373046875,True,high,low
Cx22-Pair.zip,Pair,00425,612,Cx22-Pair:000613,included,,largest_matched_cytoplasm_instance,1,1,400,18803,0.071533203125,0.021273201084933257,1,not_crowded,193,0.5057373046875,True,high,middle
Cx22-Pair.zip,Pair,00425,613,Cx22-Pair:000614,included,,largest_matched_cytoplasm_instance,1,0,780,19145,0.07232666015625,0.040741708017759205,2,crowded,195,0.5057373046875,True,high,high
Cx22-Pair.zip,Pair,00426,614,Cx22-Pair:000615,included,,largest_matched_cytoplasm_instance,0,0,257,24845,0.0950927734375,0.01034413362849668,1,not_crowded,222,0.5057373046875,True,high,low
Cx22-Pair.zip,Pair,00426,615,Cx22-Pair:000616,included,,largest_matched_cytoplasm_instance,0,0,263,18528,0.0709228515625,0.014194732297063903,2,crowded,196,0.5057373046875,True,high,low
Cx22-Pair.zip,Pair,00426,616,Cx22-Pair:000617,included,,largest_matched_cytoplasm_instance,1,0,412,14573,0.05560302734375,0.02827146092088108,2,crowded,170,0.5057373046875,True,middle,middle
Cx22-Pair.zip,Pair,00426,617,Cx22-Pair:000618,included,,largest_matched_cytoplasm_instance,0,0,374,18191,0.06939697265625,0.020559617393216427,1,not_crowded,191,0.5057373046875,True,high,middle
Cx22-Pair.zip,Pair,00428,618,Cx22-Pair:000619,included,,largest_matched_cytoplasm_instance,1,0,669,16695,0.06378173828125,0.04007187780772686,2,crowded,182,0.5057373046875,True,middle,high
Cx22-Pair.zip,Pair,00428,619,Cx22-Pair:000620,included,,largest_matched_cytoplasm_instance,0,0,477,17570,0.06695556640625,0.027148548662492885,2,crowded,197,0.5057373046875,True,middle,middle
Cx22-Pair.zip,Pair,00431,620,Cx22-Pair:000621,included,,largest_matched_cytoplasm_instance,0,1,408,25053,0.0958251953125,0.01628547479343791,1,not_crowded,223,0.5057373046875,True,high,low
Cx22-Pair.zip,Pair,00431,621,Cx22-Pair:000622,included,,largest_matched_cytoplasm_instance,0,0,267,12830,0.049072265625,0.020810600155884644,2,crowded,160,0.5057373046875,True,middle,middle
Cx22-Pair.zip,Pair,00435,622,Cx22-Pair:000623,included,,largest_matched_cytoplasm_instance,1,0,725,17862,0.068115234375,0.0405889598029336,2,crowded,188,0.5057373046875,True,middle,high
Cx22-Pair.zip,Pair,00435,623,Cx22-Pair:000624,included,,largest_matched_cytoplasm_instance,1,0,651,22446,0.08587646484375,0.02900294039026998,1,not_crowded,211,0.5057373046875,True,high,middle
Cx22-Pair.zip,Pair,00435,624,Cx22-Pair:000625,included,,largest_matched_cytoplasm_instance,0,0,395,23164,0.08807373046875,0.017052322569504404,1,not_crowded,215,0.5057373046875,True,high,low
Cx22-Pair.zip,Pair,00436,625,Cx22-Pair:000626,included,,largest_matched_cytoplasm_instance,1,1,234,16780,0.0638427734375,0.013945172824791418,1,not_crowded,193,0.5057373046875,True,middle,low
Cx22-Pair.zip,Pair,00438,626,Cx22-Pair:000627,included,,largest_matched_cytoplasm_instance,1,1,254,23272,0.0889892578125,0.010914403575111722,2,crowded,215,0.5057373046875,True,high,low
Cx22-Pair.zip,Pair,00438,627,Cx22-Pair:000628,included,,largest_matched_cytoplasm_instance,0,0,494,9803,0.037353515625,0.050392736917270226,2,crowded,181,0.5057373046875,True,low,high
Cx22-Pair.zip,Pair,00440,628,Cx22-Pair:000629,included,,largest_matched_cytoplasm_instance,0,0,461,14610,0.0555419921875,0.03155373032169747,2,crowded,170,0.5057373046875,True,middle,high
Cx22-Pair.zip,Pair,00440,629,Cx22-Pair:000630,included,,largest_matched_cytoplasm_instance,0,0,703,24640,0.0938720703125,0.028530844155844157,1,not_crowded,221,0.5057373046875,True,high,middle
Cx22-Pair.zip,Pair,00441,630,Cx22-Pair:000631,included,,largest_matched_cytoplasm_instance,1,1,590,5855,0.0223388671875,0.10076857386848848,1,not_crowded,108,0.5057373046875,True,low,high
Cx22-Pair.zip,Pair,00444,631,Cx22-Pair:000632,included,,largest_matched_cytoplasm_instance,1,1,967,19526,0.07470703125,0.04952371197377855,1,not_crowded,197,0.5057373046875,True,high,high
Cx22-Pair.zip,Pair,00444,632,Cx22-Pair:000633,included,,largest_matched_cytoplasm_instance,1,1,520,11083,0.0421142578125,0.04691870432193449,2,crowded,150,0.5057373046875,True,low,high
Cx22-Pair.zip,Pair,00446,633,Cx22-Pair:000634,included,,largest_matched_cytoplasm_instance,1,1,434,18225,0.07000732421875,0.02381344307270233,1,not_crowded,217,0.5057373046875,True,high,middle
Cx22-Pair.zip,Pair,00446,634,Cx22-Pair:000635,included,,largest_matched_cytoplasm_instance,1,1,755,16710,0.0645751953125,0.04518252543387193,1,not_crowded,182,0.5057373046875,True,middle,high
Cx22-Pair.zip,Pair,00446,635,Cx22-Pair:000636,included,,largest_matched_cytoplasm_instance,0,0,705,21058,0.080322265625,0.03347896286446956,2,crowded,205,0.5057373046875,True,high,high
Cx22-Pair.zip,Pair,00448,636,Cx22-Pair:000637,included,,largest_matched_cytoplasm_instance,0,1,351,14835,0.05645751953125,0.02366026289180991,2,crowded,172,0.5057373046875,True,middle,middle
Cx22-Pair.zip,Pair,00448,637,Cx22-Pair:000638,included,,largest_matched_cytoplasm_instance,1,1,553,17578,0.0675048828125,0.03145977926954147,2,crowded,187,0.5057373046875,True,middle,high
Cx22-Pair.zip,Pair,00449,638,Cx22-Pair:000639,included,,largest_matched_cytoplasm_instance,1,0,379,20780,0.07916259765625,0.01823869104908566,2,crowded,229,0.5057373046875,True,high,middle
Cx22-Pair.zip,Pair,00450,639,Cx22-Pair:000640,included,,largest_matched_cytoplasm_instance,1,0,557,21722,0.082763671875,0.025642206058373997,2,crowded,208,0.5057373046875,True,high,middle
Cx22-Pair.zip,Pair,00450,640,Cx22-Pair:000641,included,,largest_matched_cytoplasm_instance,1,0,379,17656,0.06793212890625,0.02146579066606253,2,crowded,187,0.5057373046875,True,middle,middle
Cx22-Pair.zip,Pair,00451,641,Cx22-Pair:000642,included,,largest_matched_cytoplasm_instance,0,1,565,16993,0.06512451171875,0.033248984876125466,2,crowded,184,0.5057373046875,True,middle,high
Cx22-Pair.zip,Pair,00451,642,Cx22-Pair:000643,included,,largest_matched_cytoplasm_instance,0,1,455,9087,0.03448486328125,0.05007153075822604,1,not_crowded,135,0.5057373046875,True,low,high
Cx22-Pair.zip,Pair,00453,643,Cx22-Pair:000644,included,,largest_matched_cytoplasm_instance,0,1,404,24257,0.09234619140625,0.01665498618955353,1,not_crowded,220,0.5057373046875,True,high,low
Cx22-Pair.zip,Pair,00453,644,Cx22-Pair:000645,included,,largest_matched_cytoplasm_instance,1,1,411,33787,0.12890625,0.012164441945126824,2,crowded,259,0.5057373046875,True,high,low
Cx22-Pair.zip,Pair,00453,645,Cx22-Pair:000646,included,,largest_matched_cytoplasm_instance,1,0,417,17333,0.06591796875,0.02405815496451855,1,not_crowded,186,0.5057373046875,True,middle,middle
Cx22-Pair.zip,Pair,00453,646,Cx22-Pair:000647,included,,largest_matched_cytoplasm_instance,1,1,580,21967,0.08331298828125,0.026403241225474574,2,crowded,209,0.5057373046875,True,high,middle
Cx22-Pair.zip,Pair,00455,647,Cx22-Pair:000648,included,,largest_matched_cytoplasm_instance,0,0,497,30385,0.1158447265625,0.01635675497778509,2,crowded,246,0.5057373046875,True,high,low
Cx22-Pair.zip,Pair,00455,648,Cx22-Pair:000649,included,,largest_matched_cytoplasm_instance,1,1,136,26675,0.10150146484375,0.005098406747891284,1,not_crowded,236,0.5057373046875,True,high,low
Cx22-Pair.zip,Pair,00458,649,Cx22-Pair:000650,included,,largest_matched_cytoplasm_instance,1,1,519,23962,0.0909423828125,0.0216592938819798,1,not_crowded,218,0.5057373046875,True,high,middle
Cx22-Pair.zip,Pair,00458,650,Cx22-Pair:000651,included,,largest_matched_cytoplasm_instance,0,1,181,14770,0.056640625,0.012254570074475288,1,not_crowded,171,0.5057373046875,True,middle,low
Cx22-Pair.zip,Pair,00458,651,Cx22-Pair:000652,included,,largest_matched_cytoplasm_instance,1,0,200,15166,0.05780029296875,0.013187392852433075,2,crowded,174,0.5057373046875,True,middle,low
Cx22-Pair.zip,Pair,00460,652,Cx22-Pair:000653,included,,largest_matched_cytoplasm_instance,1,0,290,23444,0.089599609375,0.012369902746971506,2,crowded,216,0.5057373046875,True,high,low
Cx22-Pair.zip,Pair,00460,653,Cx22-Pair:000654,included,,largest_matched_cytoplasm_instance,1,1,246,25429,0.09716796875,0.009673994258523732,2,crowded,225,0.5057373046875,True,high,low
Cx22-Pair.zip,Pair,00460,654,Cx22-Pair:000655,included,,largest_matched_cytoplasm_instance,1,1,341,22418,0.08526611328125,0.01521099116781158,2,crowded,211,0.5057373046875,True,high,low
Cx22-Pair.zip,Pair,00461,655,Cx22-Pair:000656,included,,largest_matched_cytoplasm_instance,0,0,459,8924,0.03399658203125,0.051434334379202154,2,crowded,133,0.5057373046875,True,low,high
Cx22-Pair.zip,Pair,00462,656,Cx22-Pair:000657,included,,largest_matched_cytoplasm_instance,1,0,480,15084,0.05694580078125,0.031821797931583136,1,not_crowded,173,0.5057373046875,True,middle,high
Cx22-Pair.zip,Pair,00463,657,Cx22-Pair:000658,included,,largest_matched_cytoplasm_instance,0,1,758,19536,0.0743408203125,0.0388001638001638,2,crowded,197,0.5057373046875,True,high,high
Cx22-Pair.zip,Pair,00463,658,Cx22-Pair:000659,included,,largest_matched_cytoplasm_instance,0,0,566,9277,0.03521728515625,0.061011102727174735,2,crowded,136,0.5057373046875,True,low,high
Cx22-Pair.zip,Pair,00464,659,Cx22-Pair:000660,included,,largest_matched_cytoplasm_instance,0,1,700,28809,0.1099853515625,0.024297962442292338,1,not_crowded,239,0.5057373046875,True,high,middle
Cx22-Pair.zip,Pair,00465,660,Cx22-Pair:000661,included,,largest_matched_cytoplasm_instance,1,0,445,21797,0.083740234375,0.020415653530302336,1,not_crowded,208,0.5057373046875,True,high,middle
Cx22-Pair.zip,Pair,00465,661,Cx22-Pair:000662,included,,largest_matched_cytoplasm_instance,1,1,322,12341,0.04705810546875,0.026091888825865002,2,crowded,157,0.5057373046875,True,middle,middle
Cx22-Pair.zip,Pair,00465,662,Cx22-Pair:000663,included,,largest_matched_cytoplasm_instance,1,0,741,18832,0.07183837890625,0.03934791843670348,2,crowded,193,0.5057373046875,True,high,high
Cx22-Pair.zip,Pair,00466,663,Cx22-Pair:000664,included,,largest_matched_cytoplasm_instance,1,1,330,22063,0.0841064453125,0.0149571681095046,1,not_crowded,209,0.5057373046875,True,high,low
Cx22-Pair.zip,Pair,00466,664,Cx22-Pair:000665,included,,largest_matched_cytoplasm_instance,1,1,734,13929,0.052978515625,0.052695814487759354,2,crowded,185,0.5057373046875,True,middle,high
Cx22-Pair.zip,Pair,00466,665,Cx22-Pair:000666,included,,largest_matched_cytoplasm_instance,1,0,255,28820,0.10986328125,0.008848022206800832,2,crowded,244,0.5057373046875,True,high,low
Cx22-Pair.zip,Pair,00466,666,Cx22-Pair:000667,included,,largest_matched_cytoplasm_instance,1,1,511,19075,0.0726318359375,0.026788990825688072,2,crowded,195,0.5057373046875,True,high,middle
Cx22-Pair.zip,Pair,00466,667,Cx22-Pair:000668,included,,largest_matched_cytoplasm_instance,0,1,332,12257,0.04656982421875,0.027086562780451986,1,not_crowded,161,0.5057373046875,True,middle,middle
Cx22-Pair.zip,Pair,00467,668,Cx22-Pair:000669,included,,largest_matched_cytoplasm_instance,1,1,590,30741,0.1175537109375,0.019192609218958396,1,not_crowded,247,0.5057373046875,True,high,middle
Cx22-Pair.zip,Pair,00468,669,Cx22-Pair:000670,included,,largest_matched_cytoplasm_instance,1,1,698,15511,0.05902099609375,0.04500032235187931,1,not_crowded,176,0.5057373046875,True,middle,high
Cx22-Pair.zip,Pair,00469,670,Cx22-Pair:000671,included,,largest_matched_cytoplasm_instance,0,1,874,39015,0.14874267578125,0.02240164039471998,2,crowded,278,0.5057373046875,True,high,middle
Cx22-Pair.zip,Pair,00471,671,Cx22-Pair:000672,included,,largest_matched_cytoplasm_instance,1,1,530,10561,0.03973388671875,0.050184641605908534,2,crowded,145,0.5057373046875,True,low,high
Cx22-Pair.zip,Pair,00472,672,Cx22-Pair:000673,included,,largest_matched_cytoplasm_instance,1,1,349,20918,0.07989501953125,0.0166841954297734,1,not_crowded,211,0.5057373046875,True,high,low
Cx22-Pair.zip,Pair,00472,673,Cx22-Pair:000674,included,,largest_matched_cytoplasm_instance,1,0,532,21999,0.08465576171875,0.024182917405336606,1,not_crowded,227,0.5057373046875,True,high,middle
Cx22-Pair.zip,Pair,00473,674,Cx22-Pair:000675,included,,largest_matched_cytoplasm_instance,0,0,494,13700,0.0521240234375,0.03605839416058394,2,crowded,165,0.5057373046875,True,middle,high
Cx22-Pair.zip,Pair,00473,675,Cx22-Pair:000676,included,,largest_matched_cytoplasm_instance,1,0,867,18942,0.07293701171875,0.04577130186886284,1,not_crowded,194,0.5057373046875,True,high,high
Cx22-Pair.zip,Pair,00473,676,Cx22-Pair:000677,included,,largest_matched_cytoplasm_instance,1,0,572,22942,0.08740234375,0.024932438322726878,2,crowded,213,0.5057373046875,True,high,middle
Cx22-Pair.zip,Pair,00474,677,Cx22-Pair:000678,included,,largest_matched_cytoplasm_instance,0,0,413,12911,0.04913330078125,0.031988227093176363,2,crowded,168,0.5057373046875,True,middle,high
Cx22-Pair.zip,Pair,00474,678,Cx22-Pair:000679,included,,largest_matched_cytoplasm_instance,0,0,339,22963,0.08734130859375,0.014762879414710621,2,crowded,214,0.5057373046875,True,high,low
Cx22-Pair.zip,Pair,00474,679,Cx22-Pair:000680,included,,largest_matched_cytoplasm_instance,1,0,183,14492,0.056640625,0.012627656638145184,2,crowded,226,0.5057373046875,True,middle,low
Cx22-Pair.zip,Pair,00476,680,Cx22-Pair:000681,included,,largest_matched_cytoplasm_instance,1,0,704,17898,0.068115234375,0.03933400379930718,1,not_crowded,189,0.5057373046875,True,middle,high
Cx22-Pair.zip,Pair,00476,681,Cx22-Pair:000682,included,,largest_matched_cytoplasm_instance,0,0,236,11157,0.04248046875,0.021152639598458367,1,not_crowded,149,0.5057373046875,True,low,middle
Cx22-Pair.zip,Pair,00478,682,Cx22-Pair:000683,included,,largest_matched_cytoplasm_instance,1,1,350,25103,0.09521484375,0.01394255666653388,1,not_crowded,223,0.5057373046875,True,high,low
Cx22-Pair.zip,Pair,00478,683,Cx22-Pair:000684,included,,largest_matched_cytoplasm_instance,1,0,269,14159,0.05401611328125,0.018998516844409917,2,crowded,168,0.5057373046875,True,middle,middle
Cx22-Pair.zip,Pair,00478,684,Cx22-Pair:000685,included,,largest_matched_cytoplasm_instance,1,1,608,25699,0.09771728515625,0.023658508113156153,2,crowded,226,0.5057373046875,True,high,middle
Cx22-Pair.zip,Pair,00478,685,Cx22-Pair:000686,included,,largest_matched_cytoplasm_instance,1,1,217,19975,0.075927734375,0.01086357947434293,2,crowded,199,0.5057373046875,True,high,low
Cx22-Pair.zip,Pair,00479,686,Cx22-Pair:000687,included,,largest_matched_cytoplasm_instance,1,0,226,14630,0.05560302734375,0.01544771018455229,2,crowded,171,0.5057373046875,True,middle,low
Cx22-Pair.zip,Pair,00480,687,Cx22-Pair:000688,included,,largest_matched_cytoplasm_instance,0,0,283,32961,0.12567138671875,0.00858590455386669,1,not_crowded,256,0.5057373046875,True,high,low
Cx22-Pair.zip,Pair,00480,688,Cx22-Pair:000689,included,,largest_matched_cytoplasm_instance,0,0,287,29834,0.11456298828125,0.00961989676208353,2,crowded,243,0.5057373046875,True,high,low
Cx22-Pair.zip,Pair,00481,689,Cx22-Pair:000690,included,,largest_matched_cytoplasm_instance,1,0,538,16840,0.0640869140625,0.03194774346793349,1,not_crowded,183,0.5057373046875,True,middle,high
Cx22-Pair.zip,Pair,00482,690,Cx22-Pair:000691,included,,largest_matched_cytoplasm_instance,0,0,748,18908,0.07208251953125,0.03955997461392003,2,crowded,211,0.5057373046875,True,high,high
Cx22-Pair.zip,Pair,00483,691,Cx22-Pair:000692,included,,largest_matched_cytoplasm_instance,1,1,843,29230,0.11114501953125,0.028840232637700993,2,crowded,241,0.5057373046875,True,high,middle
Cx22-Pair.zip,Pair,00484,692,Cx22-Pair:000693,included,,largest_matched_cytoplasm_instance,0,0,809,17724,0.067626953125,0.04564432408034304,2,crowded,188,0.5057373046875,True,middle,high
Cx22-Pair.zip,Pair,00485,693,Cx22-Pair:000694,included,,largest_matched_cytoplasm_instance,1,0,584,23336,0.08905029296875,0.025025711347274597,2,crowded,215,0.5057373046875,True,high,middle
Cx22-Pair.zip,Pair,00485,694,Cx22-Pair:000695,included,,largest_matched_cytoplasm_instance,1,1,315,22373,0.0855712890625,0.014079470790685202,2,crowded,211,0.5057373046875,True,high,low
Cx22-Pair.zip,Pair,00485,695,Cx22-Pair:000696,included,,largest_matched_cytoplasm_instance,0,0,314,29952,0.114013671875,0.01048344017094017,2,crowded,244,0.5057373046875,True,high,low
Cx22-Pair.zip,Pair,00486,696,Cx22-Pair:000697,included,,largest_matched_cytoplasm_instance,1,0,829,26866,0.10308837890625,0.03085684508300454,2,crowded,231,0.5057373046875,True,high,high
Cx22-Pair.zip,Pair,00486,697,Cx22-Pair:000698,included,,largest_matched_cytoplasm_instance,1,0,465,22507,0.08563232421875,0.020660239036744125,2,crowded,211,0.5057373046875,True,high,middle
Cx22-Pair.zip,Pair,00487,698,Cx22-Pair:000699,included,,largest_matched_cytoplasm_instance,1,0,214,14003,0.053466796875,0.015282439477254875,1,not_crowded,176,0.5057373046875,True,middle,low
Cx22-Pair.zip,Pair,00487,699,Cx22-Pair:000700,included,,largest_matched_cytoplasm_instance,0,0,365,8092,0.030517578125,0.04510627780523974,2,crowded,134,0.5057373046875,True,low,high
Cx22-Pair.zip,Pair,00488,700,Cx22-Pair:000701,included,,largest_matched_cytoplasm_instance,0,0,683,12847,0.04864501953125,0.05316416283957344,2,crowded,160,0.5057373046875,True,middle,high
Cx22-Pair.zip,Pair,00488,701,Cx22-Pair:000702,included,,largest_matched_cytoplasm_instance,1,1,452,13298,0.0506591796875,0.03399007369529253,2,crowded,163,0.5057373046875,True,middle,high
Cx22-Pair.zip,Pair,00488,702,Cx22-Pair:000703,included,,largest_matched_cytoplasm_instance,0,1,471,13613,0.05194091796875,0.034599280099904504,1,not_crowded,165,0.5057373046875,True,middle,high
Cx22-Pair.zip,Pair,00488,703,Cx22-Pair:000704,included,,largest_matched_cytoplasm_instance,0,0,491,16801,0.063720703125,0.029224450925540147,1,not_crowded,183,0.5057373046875,True,middle,middle
Cx22-Pair.zip,Pair,00488,704,Cx22-Pair:000705,included,,largest_matched_cytoplasm_instance,1,0,920,12621,0.048095703125,0.07289438237857539,2,crowded,188,0.5057373046875,True,middle,high
Cx22-Pair.zip,Pair,00489,705,Cx22-Pair:000706,included,,largest_matched_cytoplasm_instance,1,1,744,21863,0.08349609375,0.03403009651008553,2,crowded,208,0.5057373046875,True,high,high
Cx22-Pair.zip,Pair,00489,706,Cx22-Pair:000707,included,,largest_matched_cytoplasm_instance,1,1,653,24327,0.0928955078125,0.02684260286923994,2,crowded,220,0.5057373046875,True,high,middle
Cx22-Pair.zip,Pair,00489,707,Cx22-Pair:000708,included,,largest_matched_cytoplasm_instance,0,0,1024,33257,0.1268310546875,0.030790510268514898,2,crowded,257,0.5057373046875,True,high,high
Cx22-Pair.zip,Pair,00489,708,Cx22-Pair:000709,included,,largest_matched_cytoplasm_instance,1,0,924,24216,0.09234619140625,0.038156590683845394,2,crowded,219,0.5057373046875,True,high,high
Cx22-Pair.zip,Pair,00490,709,Cx22-Pair:000710,included,,largest_matched_cytoplasm_instance,0,0,328,23665,0.09051513671875,0.013860130995140503,1,not_crowded,217,0.5057373046875,True,high,low
Cx22-Pair.zip,Pair,00490,710,Cx22-Pair:000711,included,,largest_matched_cytoplasm_instance,1,1,632,19658,0.074462890625,0.03214976091158816,2,crowded,198,0.5057373046875,True,high,high
Cx22-Pair.zip,Pair,00492,711,Cx22-Pair:000712,included,,largest_matched_cytoplasm_instance,1,1,295,18392,0.07080078125,0.016039582427142235,1,not_crowded,191,0.5057373046875,True,high,low
Cx22-Pair.zip,Pair,00493,712,Cx22-Pair:000713,included,,largest_matched_cytoplasm_instance,0,0,242,11181,0.04266357421875,0.02164386011984617,2,crowded,149,0.5057373046875,True,low,middle
Cx22-Pair.zip,Pair,00494,713,Cx22-Pair:000714,included,,largest_matched_cytoplasm_instance,1,1,398,15061,0.05718994140625,0.026425868136245933,2,crowded,173,0.5057373046875,True,middle,middle
Cx22-Pair.zip,Pair,00495,714,Cx22-Pair:000715,included,,largest_matched_cytoplasm_instance,1,0,302,14348,0.05474853515625,0.021048229718427656,1,not_crowded,169,0.5057373046875,True,middle,middle
Cx22-Pair.zip,Pair,00495,715,Cx22-Pair:000716,included,,largest_matched_cytoplasm_instance,1,1,327,17149,0.06536865234375,0.019068167240072306,2,crowded,185,0.5057373046875,True,middle,middle
Cx22-Pair.zip,Pair,00495,716,Cx22-Pair:000717,included,,largest_matched_cytoplasm_instance,1,1,637,11172,0.04248046875,0.05701754385964912,2,crowded,149,0.5057373046875,True,low,high
Cx22-Pair.zip,Pair,00495,717,Cx22-Pair:000718,included,,largest_matched_cytoplasm_instance,1,1,328,14642,0.0560302734375,0.022401311296271,1,not_crowded,171,0.5057373046875,True,middle,middle
Cx22-Pair.zip,Pair,00496,718,Cx22-Pair:000719,included,,largest_matched_cytoplasm_instance,1,0,298,18174,0.06927490234375,0.01639705073181468,1,not_crowded,190,0.5057373046875,True,high,low
Cx22-Pair.zip,Pair,00498,719,Cx22-Pair:000720,included,,largest_matched_cytoplasm_instance,0,0,213,33684,0.12860107421875,0.006323477021731386,1,not_crowded,259,0.5057373046875,True,high,low
Cx22-Pair.zip,Pair,00499,720,Cx22-Pair:000721,included,,largest_matched_cytoplasm_instance,0,0,371,18859,0.072021484375,0.019672305000265126,2,crowded,194,0.5057373046875,True,high,middle
Cx22-Pair.zip,Pair,00499,721,Cx22-Pair:000722,included,,largest_matched_cytoplasm_instance,1,1,386,24554,0.0936279296875,0.015720452879367925,2,crowded,221,0.5057373046875,True,high,low
Cx22-Pair.zip,Pair,00500,722,Cx22-Pair:000723,included,,largest_matched_cytoplasm_instance,1,1,187,22683,0.0865478515625,0.008244059427765286,2,crowded,212,0.5057373046875,True,high,low
Cx22-Pair.zip,Pair,00500,723,Cx22-Pair:000724,included,,largest_matched_cytoplasm_instance,0,0,445,16544,0.06298828125,0.02689796905222437,1,not_crowded,213,0.5057373046875,True,middle,middle
Cx22-Pair.zip,Pair,00501,724,Cx22-Pair:000725,included,,largest_matched_cytoplasm_instance,0,0,332,17558,0.06683349609375,0.018908759539810912,2,crowded,187,0.5057373046875,True,middle,middle
Cx22-Pair.zip,Pair,00501,725,Cx22-Pair:000726,included,,largest_matched_cytoplasm_instance,1,0,340,15447,0.0592041015625,0.022010746423253708,2,crowded,175,0.5057373046875,True,middle,middle
Cx22-Pair.zip,Pair,00501,726,Cx22-Pair:000727,included,,largest_matched_cytoplasm_instance,1,0,541,17594,0.06719970703125,0.030749119017846993,2,crowded,198,0.5057373046875,True,middle,high
Cx22-Pair.zip,Pair,00502,727,Cx22-Pair:000728,included,,largest_matched_cytoplasm_instance,1,1,342,18679,0.07135009765625,0.01830933133465389,2,crowded,193,0.5057373046875,True,high,middle
Cx22-Pair.zip,Pair,00502,728,Cx22-Pair:000729,included,,largest_matched_cytoplasm_instance,1,1,524,7330,0.02783203125,0.07148703956343792,2,crowded,121,0.5057373046875,True,low,high
Cx22-Pair.zip,Pair,00503,729,Cx22-Pair:000730,included,,largest_matched_cytoplasm_instance,0,0,425,16326,0.0621337890625,0.0260320960431214,1,not_crowded,189,0.5057373046875,True,middle,middle
Cx22-Pair.zip,Pair,00503,730,Cx22-Pair:000731,included,,largest_matched_cytoplasm_instance,1,0,874,19118,0.072998046875,0.045716079087770686,2,crowded,195,0.5057373046875,True,high,high
Cx22-Pair.zip,Pair,00503,731,Cx22-Pair:000732,included,,largest_matched_cytoplasm_instance,1,0,535,24108,0.092041015625,0.022191803550688567,2,crowded,219,0.5057373046875,True,high,middle
Cx22-Pair.zip,Pair,00504,732,Cx22-Pair:000733,included,,largest_matched_cytoplasm_instance,1,0,995,19758,0.07476806640625,0.0503593481121571,2,crowded,198,0.5057373046875,True,high,high
Cx22-Pair.zip,Pair,00505,733,Cx22-Pair:000734,included,,largest_matched_cytoplasm_instance,1,1,245,18411,0.07037353515625,0.013307261962956929,1,not_crowded,191,0.5057373046875,True,high,low
Cx22-Pair.zip,Pair,00505,734,Cx22-Pair:000735,included,,largest_matched_cytoplasm_instance,0,0,310,13635,0.05224609375,0.022735606894022736,2,crowded,165,0.5057373046875,True,middle,middle
Cx22-Pair.zip,Pair,00505,735,Cx22-Pair:000736,included,,largest_matched_cytoplasm_instance,0,0,357,21009,0.08038330078125,0.016992717406825647,2,crowded,204,0.5057373046875,True,high,low
Cx22-Pair.zip,Pair,00506,736,Cx22-Pair:000737,included,,largest_matched_cytoplasm_instance,1,1,238,32007,0.12200927734375,0.007435873402693161,2,crowded,252,0.5057373046875,True,high,low
Cx22-Pair.zip,Pair,00508,737,Cx22-Pair:000738,included,,largest_matched_cytoplasm_instance,0,0,251,7361,0.0281982421875,0.034098627903817416,2,crowded,128,0.5057373046875,True,low,high
Cx22-Pair.zip,Pair,00508,738,Cx22-Pair:000739,included,,largest_matched_cytoplasm_instance,0,0,281,17056,0.064453125,0.01647514071294559,1,not_crowded,184,0.5057373046875,True,middle,low
Cx22-Pair.zip,Pair,00508,739,Cx22-Pair:000740,included,,largest_matched_cytoplasm_instance,0,0,637,16412,0.0628662109375,0.03881306361199122,1,not_crowded,181,0.5057373046875,True,middle,high
Cx22-Pair.zip,Pair,00513,740,Cx22-Pair:000741,included,,largest_matched_cytoplasm_instance,0,0,327,13873,0.05316162109375,0.023570965184170692,1,not_crowded,178,0.5057373046875,True,middle,middle
Cx22-Pair.zip,Pair,00513,741,Cx22-Pair:000742,included,,largest_matched_cytoplasm_instance,0,1,282,30621,0.1168212890625,0.009209366121289312,1,not_crowded,247,0.5057373046875,True,high,low
Cx22-Pair.zip,Pair,00513,742,Cx22-Pair:000743,included,,largest_matched_cytoplasm_instance,0,0,347,25044,0.09521484375,0.013855614119150296,1,not_crowded,223,0.5057373046875,True,high,low
Cx22-Pair.zip,Pair,00513,743,Cx22-Pair:000744,included,,largest_matched_cytoplasm_instance,0,0,466,28728,0.1092529296875,0.016221108326371483,1,not_crowded,239,0.5057373046875,True,high,low
Cx22-Pair.zip,Pair,00513,744,Cx22-Pair:000745,included,,largest_matched_cytoplasm_instance,1,1,432,20807,0.0791015625,0.020762243475753353,1,not_crowded,203,0.5057373046875,True,high,middle
Cx22-Pair.zip,Pair,00513,745,Cx22-Pair:000746,included,,largest_matched_cytoplasm_instance,0,0,314,31859,0.12213134765625,0.00985592768134593,1,not_crowded,251,0.5057373046875,True,high,low
Cx22-Pair.zip,Pair,00514,746,Cx22-Pair:000747,included,,largest_matched_cytoplasm_instance,1,1,655,22451,0.08563232421875,0.029174647009041915,2,crowded,211,0.5057373046875,True,high,middle
Cx22-Pair.zip,Pair,00514,747,Cx22-Pair:000748,included,,largest_matched_cytoplasm_instance,0,1,778,19350,0.07379150390625,0.04020671834625323,2,crowded,196,0.5057373046875,True,high,high
Cx22-Pair.zip,Pair,00514,748,Cx22-Pair:000749,included,,largest_matched_cytoplasm_instance,1,0,770,15433,0.0587158203125,0.04989308624376337,2,crowded,175,0.5057373046875,True,middle,high
Cx22-Pair.zip,Pair,00515,749,Cx22-Pair:000750,included,,largest_matched_cytoplasm_instance,1,1,347,15635,0.0596923828125,0.022193795970578828,1,not_crowded,193,0.5057373046875,True,middle,middle
Cx22-Pair.zip,Pair,00515,750,Cx22-Pair:000751,included,,largest_matched_cytoplasm_instance,1,0,278,24926,0.0947265625,0.011153012918237984,2,crowded,223,0.5057373046875,True,high,low
Cx22-Pair.zip,Pair,00515,751,Cx22-Pair:000752,included,,largest_matched_cytoplasm_instance,0,0,163,17637,0.067138671875,0.009241934569371208,2,crowded,246,0.5057373046875,True,middle,low
Cx22-Pair.zip,Pair,00517,752,Cx22-Pair:000753,included,,largest_matched_cytoplasm_instance,1,1,357,21244,0.0811767578125,0.01680474486913952,1,not_crowded,205,0.5057373046875,True,high,low
Cx22-Pair.zip,Pair,00517,753,Cx22-Pair:000754,included,,largest_matched_cytoplasm_instance,0,0,234,23924,0.09088134765625,0.009780973081424511,2,crowded,218,0.5057373046875,True,high,low
Cx22-Pair.zip,Pair,00517,754,Cx22-Pair:000755,included,,largest_matched_cytoplasm_instance,1,1,181,30474,0.116455078125,0.005939489400800683,1,not_crowded,246,0.5057373046875,True,high,low
Cx22-Pair.zip,Pair,00517,755,Cx22-Pair:000756,included,,largest_matched_cytoplasm_instance,0,1,374,17808,0.0682373046875,0.02100179694519317,1,not_crowded,188,0.5057373046875,True,high,middle
Cx22-Pair.zip,Pair,00518,756,Cx22-Pair:000757,included,,largest_matched_cytoplasm_instance,0,1,460,23936,0.09100341796875,0.019217914438502674,2,crowded,218,0.5057373046875,True,high,middle
Cx22-Pair.zip,Pair,00518,757,Cx22-Pair:000758,included,,largest_matched_cytoplasm_instance,0,1,549,21133,0.080810546875,0.025978327733875928,2,crowded,205,0.5057373046875,True,high,middle
Cx22-Pair.zip,Pair,00519,758,Cx22-Pair:000759,included,,largest_matched_cytoplasm_instance,0,0,325,17472,0.06683349609375,0.018601190476190476,1,not_crowded,186,0.5057373046875,True,middle,middle
Cx22-Pair.zip,Pair,00519,759,Cx22-Pair:000760,included,,largest_matched_cytoplasm_instance,0,0,375,8318,0.03143310546875,0.04508295263284443,2,crowded,129,0.5057373046875,True,low,high
Cx22-Pair.zip,Pair,00519,760,Cx22-Pair:000761,included,,largest_matched_cytoplasm_instance,1,1,342,20983,0.0802001953125,0.016298908640327885,2,crowded,215,0.5057373046875,True,high,low
Cx22-Pair.zip,Pair,00519,761,Cx22-Pair:000762,included,,largest_matched_cytoplasm_instance,1,1,344,12170,0.046142578125,0.02826622843056697,1,not_crowded,168,0.5057373046875,True,middle,middle
Cx22-Pair.zip,Pair,00520,762,Cx22-Pair:000763,included,,largest_matched_cytoplasm_instance,1,0,616,15055,0.057373046875,0.040916638990368646,2,crowded,181,0.5057373046875,True,middle,high
Cx22-Pair.zip,Pair,00520,763,Cx22-Pair:000764,included,,largest_matched_cytoplasm_instance,1,1,818,9334,0.03570556640625,0.087636597385901,2,crowded,136,0.5057373046875,True,low,high
Cx22-Pair.zip,Pair,00521,764,Cx22-Pair:000765,included,,largest_matched_cytoplasm_instance,1,0,176,12950,0.04949951171875,0.013590733590733591,2,crowded,161,0.5057373046875,True,middle,low
Cx22-Pair.zip,Pair,00524,765,Cx22-Pair:000766,included,,largest_matched_cytoplasm_instance,1,1,263,17548,0.06689453125,0.014987462958741737,1,not_crowded,187,0.5057373046875,True,middle,low
Cx22-Pair.zip,Pair,00524,766,Cx22-Pair:000767,included,,largest_matched_cytoplasm_instance,0,1,262,19638,0.074951171875,0.013341480802525715,1,not_crowded,198,0.5057373046875,True,high,low
Cx22-Pair.zip,Pair,00525,767,Cx22-Pair:000768,included,,largest_matched_cytoplasm_instance,0,1,259,21208,0.08087158203125,0.012212372689551113,2,crowded,207,0.5057373046875,True,high,low
Cx22-Pair.zip,Pair,00525,768,Cx22-Pair:000769,included,,largest_matched_cytoplasm_instance,0,0,541,11586,0.04425048828125,0.0466942862074918,1,not_crowded,152,0.5057373046875,True,low,high
Cx22-Pair.zip,Pair,00525,769,Cx22-Pair:000770,included,,largest_matched_cytoplasm_instance,1,1,321,34691,0.1324462890625,0.009253120405868957,2,crowded,262,0.5057373046875,True,high,low
Cx22-Pair.zip,Pair,00525,770,Cx22-Pair:000771,included,,largest_matched_cytoplasm_instance,1,1,385,26996,0.102783203125,0.014261372055119277,2,crowded,232,0.5057373046875,True,high,low
Cx22-Pair.zip,Pair,00527,771,Cx22-Pair:000772,included,,largest_matched_cytoplasm_instance,1,1,572,5267,0.0201416015625,0.10860072147332447,2,crowded,103,0.5057373046875,True,low,high
Cx22-Pair.zip,Pair,00528,772,Cx22-Pair:000773,included,,largest_matched_cytoplasm_instance,1,1,475,18788,0.0723876953125,0.025282094954226102,2,crowded,193,0.5057373046875,True,high,middle
Cx22-Pair.zip,Pair,00529,773,Cx22-Pair:000774,included,,largest_matched_cytoplasm_instance,1,1,454,15776,0.06036376953125,0.02877789046653144,2,crowded,177,0.5057373046875,True,middle,middle
Cx22-Pair.zip,Pair,00529,774,Cx22-Pair:000775,included,,largest_matched_cytoplasm_instance,1,0,825,16878,0.06439208984375,0.048880199075719874,2,crowded,183,0.5057373046875,True,middle,high
Cx22-Pair.zip,Pair,00529,775,Cx22-Pair:000776,included,,largest_matched_cytoplasm_instance,1,1,519,10491,0.0399169921875,0.04947097512153274,2,crowded,145,0.5057373046875,True,low,high
Cx22-Pair.zip,Pair,00530,776,Cx22-Pair:000777,included,,largest_matched_cytoplasm_instance,1,1,467,25186,0.0963134765625,0.018542047169062176,2,crowded,224,0.5057373046875,True,high,middle
Cx22-Pair.zip,Pair,00531,777,Cx22-Pair:000778,included,,largest_matched_cytoplasm_instance,1,1,933,40355,0.15362548828125,0.02311981167141618,1,not_crowded,295,0.5057373046875,True,high,middle
Cx22-Pair.zip,Pair,00531,778,Cx22-Pair:000779,included,,largest_matched_cytoplasm_instance,1,0,404,28704,0.10955810546875,0.01407469342251951,2,crowded,239,0.5057373046875,True,high,low
Cx22-Pair.zip,Pair,00531,779,Cx22-Pair:000780,included,,largest_matched_cytoplasm_instance,0,0,893,39366,0.149658203125,0.02268455011939237,1,not_crowded,279,0.5057373046875,True,high,middle
Cx22-Pair.zip,Pair,00532,780,Cx22-Pair:000781,included,,largest_matched_cytoplasm_instance,0,0,790,16622,0.0631103515625,0.047527373360606424,2,crowded,182,0.5057373046875,True,middle,high
Cx22-Pair.zip,Pair,00532,781,Cx22-Pair:000782,included,,largest_matched_cytoplasm_instance,0,1,995,22320,0.08551025390625,0.04457885304659498,1,not_crowded,211,0.5057373046875,True,high,high
Cx22-Pair.zip,Pair,00533,782,Cx22-Pair:000783,included,,largest_matched_cytoplasm_instance,0,0,790,21128,0.08062744140625,0.0373911397198031,2,crowded,205,0.5057373046875,True,high,high
Cx22-Pair.zip,Pair,00533,783,Cx22-Pair:000784,included,,largest_matched_cytoplasm_instance,0,1,348,19203,0.073486328125,0.018122168411185753,2,crowded,195,0.5057373046875,True,high,middle
Cx22-Pair.zip,Pair,00534,784,Cx22-Pair:000785,included,,largest_matched_cytoplasm_instance,0,1,716,26899,0.1024169921875,0.02661808989181754,2,crowded,231,0.5057373046875,True,high,middle
Cx22-Pair.zip,Pair,00534,785,Cx22-Pair:000786,included,,largest_matched_cytoplasm_instance,0,0,409,11759,0.0450439453125,0.03478186920656518,2,crowded,153,0.5057373046875,True,middle,high
Cx22-Pair.zip,Pair,00535,786,Cx22-Pair:000787,included,,largest_matched_cytoplasm_instance,1,0,324,21388,0.08160400390625,0.015148681503646904,1,not_crowded,206,0.5057373046875,True,high,low
Cx22-Pair.zip,Pair,00535,787,Cx22-Pair:000788,included,,largest_matched_cytoplasm_instance,0,0,641,20534,0.0780029296875,0.031216518944190124,2,crowded,202,0.5057373046875,True,high,high
Cx22-Pair.zip,Pair,00535,788,Cx22-Pair:000789,included,,largest_matched_cytoplasm_instance,1,0,674,19552,0.07440185546875,0.034472176759410805,2,crowded,197,0.5057373046875,True,high,high
Cx22-Pair.zip,Pair,00536,789,Cx22-Pair:000790,included,,largest_matched_cytoplasm_instance,1,1,500,14622,0.05572509765625,0.03419504855696895,2,crowded,171,0.5057373046875,True,middle,high
Cx22-Pair.zip,Pair,00536,790,Cx22-Pair:000791,included,,largest_matched_cytoplasm_instance,1,0,480,24476,0.09368896484375,0.019611047556790325,1,not_crowded,220,0.5057373046875,True,high,middle
Cx22-Pair.zip,Pair,00538,791,Cx22-Pair:000792,included,,largest_matched_cytoplasm_instance,0,0,390,39392,0.148681640625,0.009900487408610886,2,crowded,280,0.5057373046875,True,high,low
Cx22-Pair.zip,Pair,00539,792,Cx22-Pair:000793,included,,largest_matched_cytoplasm_instance,0,1,502,19784,0.07489013671875,0.02537403962798221,1,not_crowded,206,0.5057373046875,True,high,middle
Cx22-Pair.zip,Pair,00542,793,Cx22-Pair:000794,included,,largest_matched_cytoplasm_instance,0,0,331,17454,0.066650390625,0.01896413429586341,1,not_crowded,186,0.5057373046875,True,middle,middle
Cx22-Pair.zip,Pair,00542,794,Cx22-Pair:000795,included,,largest_matched_cytoplasm_instance,1,1,553,34529,0.1314697265625,0.016015523183411047,2,crowded,262,0.5057373046875,True,high,low
Cx22-Pair.zip,Pair,00543,795,Cx22-Pair:000796,included,,largest_matched_cytoplasm_instance,1,0,476,26047,0.09918212890625,0.018274657350174684,2,crowded,227,0.5057373046875,True,high,middle
Cx22-Pair.zip,Pair,00545,796,Cx22-Pair:000797,included,,largest_matched_cytoplasm_instance,1,1,250,14785,0.05621337890625,0.016909029421711193,2,crowded,171,0.5057373046875,True,middle,low
Cx22-Pair.zip,Pair,00550,797,Cx22-Pair:000798,included,,largest_matched_cytoplasm_instance,0,0,616,11251,0.04278564453125,0.054750688827659766,1,not_crowded,150,0.5057373046875,True,low,high
Cx22-Pair.zip,Pair,00553,798,Cx22-Pair:000799,included,,largest_matched_cytoplasm_instance,0,0,357,13564,0.0517578125,0.02631966971394869,2,crowded,164,0.5057373046875,True,middle,middle
Cx22-Pair.zip,Pair,00553,799,Cx22-Pair:000800,included,,largest_matched_cytoplasm_instance,0,0,282,26415,0.10076904296875,0.010675752413401476,1,not_crowded,229,0.5057373046875,True,high,low
Cx22-Pair.zip,Pair,00554,800,Cx22-Pair:000801,included,,largest_matched_cytoplasm_instance,1,1,304,31097,0.11822509765625,0.009775862623404187,2,crowded,248,0.5057373046875,True,high,low
Cx22-Pair.zip,Pair,00555,801,Cx22-Pair:000802,included,,largest_matched_cytoplasm_instance,1,1,331,17005,0.0650634765625,0.019464863275507203,1,not_crowded,184,0.5057373046875,True,middle,middle
Cx22-Pair.zip,Pair,00563,802,Cx22-Pair:000803,included,,largest_matched_cytoplasm_instance,1,0,524,14692,0.05596923828125,0.03566566839096107,2,crowded,171,0.5057373046875,True,middle,high
Cx22-Pair.zip,Pair,00564,803,Cx22-Pair:000804,included,,largest_matched_cytoplasm_instance,1,0,441,30597,0.11724853515625,0.014413177762525738,2,crowded,246,0.5057373046875,True,high,low
Cx22-Pair.zip,Pair,00564,804,Cx22-Pair:000805,included,,largest_matched_cytoplasm_instance,0,0,534,35064,0.1339111328125,0.015229295003422313,2,crowded,264,0.5057373046875,True,high,low
Cx22-Pair.zip,Pair,00565,805,Cx22-Pair:000806,included,,largest_matched_cytoplasm_instance,0,0,1278,33955,0.1298828125,0.037638050360771606,2,crowded,260,0.5057373046875,True,high,high
Cx22-Pair.zip,Pair,00565,806,Cx22-Pair:000807,included,,largest_matched_cytoplasm_instance,0,0,236,27344,0.1043701171875,0.008630778232884728,2,crowded,233,0.5057373046875,True,high,low
Cx22-Pair.zip,Pair,00569,807,Cx22-Pair:000808,included,,largest_matched_cytoplasm_instance,0,0,428,13676,0.0518798828125,0.03129570049722141,1,not_crowded,165,0.5057373046875,True,middle,high
Cx22-Pair.zip,Pair,00571,808,Cx22-Pair:000809,included,,largest_matched_cytoplasm_instance,0,0,338,27369,0.10406494140625,0.012349738755526326,2,crowded,233,0.5057373046875,True,high,low
Cx22-Pair.zip,Pair,00572,809,Cx22-Pair:000810,included,,largest_matched_cytoplasm_instance,0,0,170,9922,0.03765869140625,0.017133642410804274,1,not_crowded,141,0.5057373046875,True,low,low
Cx22-Pair.zip,Pair,00574,810,Cx22-Pair:000811,included,,largest_matched_cytoplasm_instance,1,0,1100,24926,0.0948486328125,0.0441306266548985,2,crowded,223,0.5057373046875,True,high,high
Cx22-Pair.zip,Pair,00575,811,Cx22-Pair:000812,included,,largest_matched_cytoplasm_instance,0,0,423,15460,0.058837890625,0.027360931435963777,1,not_crowded,176,0.5057373046875,True,middle,middle
Cx22-Pair.zip,Pair,00576,812,Cx22-Pair:000813,included,,largest_matched_cytoplasm_instance,0,0,223,19525,0.0743408203125,0.011421254801536492,2,crowded,197,0.5057373046875,True,high,low
Cx22-Pair.zip,Pair,00576,813,Cx22-Pair:000814,included,,largest_matched_cytoplasm_instance,1,0,230,16060,0.061279296875,0.014321295143212951,1,not_crowded,207,0.5057373046875,True,middle,low
Cx22-Pair.zip,Pair,00578,814,Cx22-Pair:000815,included,,largest_matched_cytoplasm_instance,0,1,457,14974,0.05718994140625,0.030519567249899827,1,not_crowded,173,0.5057373046875,True,middle,high
Cx22-Pair.zip,Pair,00580,815,Cx22-Pair:000816,included,,largest_matched_cytoplasm_instance,0,0,554,19629,0.07501220703125,0.028223546793010344,1,not_crowded,198,0.5057373046875,True,high,middle
Cx22-Pair.zip,Pair,00580,816,Cx22-Pair:000817,included,,largest_matched_cytoplasm_instance,0,1,763,24331,0.09283447265625,0.03135917142739715,2,crowded,220,0.5057373046875,True,high,high
Cx22-Pair.zip,Pair,00581,817,Cx22-Pair:000818,included,,largest_matched_cytoplasm_instance,1,1,199,23215,0.08868408203125,0.008572043937109627,2,crowded,215,0.5057373046875,True,high,low
Cx22-Pair.zip,Pair,00582,818,Cx22-Pair:000819,included,,largest_matched_cytoplasm_instance,1,0,542,22305,0.0850830078125,0.024299484420533514,2,crowded,211,0.5057373046875,True,high,middle
Cx22-Pair.zip,Pair,00584,819,Cx22-Pair:000820,included,,largest_matched_cytoplasm_instance,0,0,313,15704,0.059814453125,0.019931227712684668,2,crowded,178,0.5057373046875,True,middle,middle
Cx22-Multi-Train.zip,Multi-Train,00000,0,Cx22-Multi-Train:000001,included,,largest_matched_cytoplasm_instance,3,3,522,14691,0.05621337890625,0.035531958341841946,2,crowded,193,0.5057373046875,True,middle,high
Cx22-Multi-Train.zip,Multi-Train,00002,1,Cx22-Multi-Train:000002,included,,largest_matched_cytoplasm_instance,13,18,90,5070,0.01934814453125,0.01775147928994083,2,crowded,101,0.5057373046875,True,low,low
Cx22-Multi-Train.zip,Multi-Train,00002,2,Cx22-Multi-Train:000003,included,,largest_matched_cytoplasm_instance,16,16,357,10147,0.03863525390625,0.0351828126539864,2,crowded,142,0.5057373046875,True,low,high
Cx22-Multi-Train.zip,Multi-Train,00005,3,Cx22-Multi-Train:000004,included,,largest_matched_cytoplasm_instance,10,6,119,3218,0.012451171875,0.036979490366687386,1,not_crowded,80,0.5057373046875,True,low,high
Cx22-Multi-Train.zip,Multi-Train,00005,4,Cx22-Multi-Train:000005,included,,largest_matched_cytoplasm_instance,11,10,126,3844,0.0146484375,0.032778355879292405,1,not_crowded,88,0.5057373046875,True,low,high
Cx22-Multi-Train.zip,Multi-Train,00007,5,Cx22-Multi-Train:000006,included,,largest_matched_cytoplasm_instance,0,3,56,1886,0.00726318359375,0.029692470837751856,1,not_crowded,63,0.5057373046875,True,low,high
Cx22-Multi-Train.zip,Multi-Train,00008,6,Cx22-Multi-Train:000007,included,,largest_matched_cytoplasm_instance,4,4,90,3508,0.01348876953125,0.02565564424173318,1,not_crowded,87,0.5057373046875,True,low,middle
Cx22-Multi-Train.zip,Multi-Train,00009,7,Cx22-Multi-Train:000008,included,,largest_matched_cytoplasm_instance,4,4,173,15358,0.0594482421875,0.011264487563484828,2,crowded,179,0.5057373046875,True,middle,low
Cx22-Multi-Train.zip,Multi-Train,00012,8,Cx22-Multi-Train:000009,included,,largest_matched_cytoplasm_instance,5,5,184,5630,0.0213623046875,0.03268206039076377,2,crowded,106,0.5057373046875,True,low,high
Cx22-Multi-Train.zip,Multi-Train,00013,9,Cx22-Multi-Train:000010,included,,largest_matched_cytoplasm_instance,6,5,214,6715,0.025634765625,0.03186895011169025,1,not_crowded,116,0.5057373046875,True,low,high
Cx22-Multi-Train.zip,Multi-Train,00014,10,Cx22-Multi-Train:000011,included,,largest_matched_cytoplasm_instance,7,5,148,9067,0.0345458984375,0.016322929304069703,2,crowded,134,0.5057373046875,True,low,low
Cx22-Multi-Train.zip,Multi-Train,00016,11,Cx22-Multi-Train:000012,included,,largest_matched_cytoplasm_instance,6,6,90,9905,0.0377197265625,0.009086320040383645,3,crowded,140,0.5057373046875,True,low,low
Cx22-Multi-Train.zip,Multi-Train,00017,12,Cx22-Multi-Train:000013,included,,largest_matched_cytoplasm_instance,1,1,211,7909,0.0301513671875,0.026678467568592743,3,crowded,126,0.5057373046875,True,low,middle
Cx22-Multi-Train.zip,Multi-Train,00017,13,Cx22-Multi-Train:000014,included,,largest_matched_cytoplasm_instance,4,4,575,19003,0.07220458984375,0.030258380255749093,1,not_crowded,194,0.5057373046875,True,high,high
Cx22-Multi-Train.zip,Multi-Train,00019,14,Cx22-Multi-Train:000015,included,,largest_matched_cytoplasm_instance,5,5,120,6789,0.026123046875,0.017675651789659744,2,crowded,116,0.5057373046875,True,low,low
Cx22-Multi-Train.zip,Multi-Train,00020,15,Cx22-Multi-Train:000016,included,,largest_matched_cytoplasm_instance,9,6,78,5261,0.019775390625,0.014826078692263827,2,crowded,102,0.5057373046875,True,low,low
Cx22-Multi-Train.zip,Multi-Train,00021,16,Cx22-Multi-Train:000017,included,,largest_matched_cytoplasm_instance,6,6,88,2823,0.010986328125,0.031172511512575274,1,not_crowded,81,0.5057373046875,True,low,high
Cx22-Multi-Train.zip,Multi-Train,00022,17,Cx22-Multi-Train:000018,included,,largest_matched_cytoplasm_instance,6,6,546,17883,0.0682373046875,0.030531789968126152,2,crowded,224,0.5057373046875,True,high,high
Cx22-Multi-Train.zip,Multi-Train,00023,18,Cx22-Multi-Train:000019,included,,largest_matched_cytoplasm_instance,11,11,27,2787,0.010498046875,0.00968783638320775,3,crowded,75,0.5057373046875,True,low,low
Cx22-Multi-Train.zip,Multi-Train,00025,19,Cx22-Multi-Train:000020,included,,largest_matched_cytoplasm_instance,0,0,76,4641,0.0174560546875,0.016375781081663435,1,not_crowded,96,0.5057373046875,True,low,low
Cx22-Multi-Train.zip,Multi-Train,00026,20,Cx22-Multi-Train:000021,included,,largest_matched_cytoplasm_instance,2,6,183,6299,0.02435302734375,0.029052230512779807,2,crowded,112,0.5057373046875,True,low,middle
Cx22-Multi-Train.zip,Multi-Train,00027,21,Cx22-Multi-Train:000022,included,,largest_matched_cytoplasm_instance,4,1,118,13028,0.04962158203125,0.009057414798894688,2,crowded,161,0.5057373046875,True,middle,low
Cx22-Multi-Train.zip,Multi-Train,00028,22,Cx22-Multi-Train:000023,included,,largest_matched_cytoplasm_instance,10,3,88,3790,0.014404296875,0.02321899736147757,1,not_crowded,87,0.5057373046875,True,low,middle
Cx22-Multi-Train.zip,Multi-Train,00029,23,Cx22-Multi-Train:000024,included,,largest_matched_cytoplasm_instance,5,11,111,9845,0.037353515625,0.011274758760792281,1,not_crowded,140,0.5057373046875,True,low,low
Cx22-Multi-Train.zip,Multi-Train,00033,24,Cx22-Multi-Train:000025,included,,largest_matched_cytoplasm_instance,6,7,471,18458,0.0706787109375,0.025517390833243038,1,not_crowded,192,0.5057373046875,True,high,middle
Cx22-Multi-Train.zip,Multi-Train,00034,25,Cx22-Multi-Train:000026,included,,largest_matched_cytoplasm_instance,4,5,104,12941,0.0494384765625,0.00803647322463488,1,not_crowded,160,0.5057373046875,True,middle,low
Cx22-Multi-Train.zip,Multi-Train,00035,26,Cx22-Multi-Train:000027,included,,largest_matched_cytoplasm_instance,4,0,239,11754,0.04473876953125,0.02033350348817424,1,not_crowded,153,0.5057373046875,True,middle,middle
Cx22-Multi-Train.zip,Multi-Train,00037,27,Cx22-Multi-Train:000028,included,,largest_matched_cytoplasm_instance,7,4,143,16339,0.06256103515625,0.008752065609890447,2,crowded,181,0.5057373046875,True,middle,low
Cx22-Multi-Train.zip,Multi-Train,00037,28,Cx22-Multi-Train:000029,included,,largest_matched_cytoplasm_instance,1,0,220,23926,0.09161376953125,0.009195017972080582,2,crowded,218,0.5057373046875,True,high,low
Cx22-Multi-Train.zip,Multi-Train,00040,29,Cx22-Multi-Train:000030,included,,largest_matched_cytoplasm_instance,3,4,468,13753,0.052734375,0.034028939140551155,1,not_crowded,165,0.5057373046875,True,middle,high
Cx22-Multi-Train.zip,Multi-Train,00043,30,Cx22-Multi-Train:000031,included,,largest_matched_cytoplasm_instance,4,1,156,7777,0.02984619140625,0.020059148772020058,1,not_crowded,125,0.5057373046875,True,low,middle
Cx22-Multi-Train.zip,Multi-Train,00044,31,Cx22-Multi-Train:000032,included,,largest_matched_cytoplasm_instance,2,2,400,21782,0.0828857421875,0.018363786612799558,2,crowded,208,0.5057373046875,True,high,middle
Cx22-Multi-Train.zip,Multi-Train,00046,32,Cx22-Multi-Train:000033,included,,largest_matched_cytoplasm_instance,0,0,311,14709,0.05596923828125,0.021143517574274254,1,not_crowded,171,0.5057373046875,True,middle,middle
Cx22-Multi-Train.zip,Multi-Train,00048,33,Cx22-Multi-Train:000034,included,,largest_matched_cytoplasm_instance,0,0,242,23527,0.08953857421875,0.010286054320567858,2,crowded,224,0.5057373046875,True,high,low
Cx22-Multi-Train.zip,Multi-Train,00050,34,Cx22-Multi-Train:000035,included,,largest_matched_cytoplasm_instance,2,2,129,5645,0.02142333984375,0.022852081488042516,1,not_crowded,106,0.5057373046875,True,low,middle
Cx22-Multi-Train.zip,Multi-Train,00053,35,Cx22-Multi-Train:000036,included,,largest_matched_cytoplasm_instance,7,4,652,12570,0.0477294921875,0.05186953062848051,1,not_crowded,158,0.5057373046875,True,middle,high
Cx22-Multi-Train.zip,Multi-Train,00054,36,Cx22-Multi-Train:000037,included,,largest_matched_cytoplasm_instance,2,0,165,9181,0.03497314453125,0.017971898486003703,2,crowded,135,0.5057373046875,True,low,middle
Cx22-Multi-Train.zip,Multi-Train,00056,37,Cx22-Multi-Train:000038,included,,largest_matched_cytoplasm_instance,3,2,262,17012,0.0650634765625,0.015400893486950389,2,crowded,184,0.5057373046875,True,middle,low
Cx22-Multi-Train.zip,Multi-Train,00056,38,Cx22-Multi-Train:000039,included,,largest_matched_cytoplasm_instance,1,2,235,12693,0.04840087890625,0.01851414165287954,1,not_crowded,159,0.5057373046875,True,middle,middle
Cx22-Multi-Train.zip,Multi-Train,00057,39,Cx22-Multi-Train:000040,included,,largest_matched_cytoplasm_instance,1,3,147,6678,0.025390625,0.0220125786163522,1,not_crowded,115,0.5057373046875,True,low,middle
Cx22-Multi-Train.zip,Multi-Train,00059,40,Cx22-Multi-Train:000041,included,,largest_matched_cytoplasm_instance,6,6,162,12877,0.0491943359375,0.012580570008542362,2,crowded,160,0.5057373046875,True,middle,low
Cx22-Multi-Train.zip,Multi-Train,00061,41,Cx22-Multi-Train:000042,included,,largest_matched_cytoplasm_instance,1,1,301,23723,0.09039306640625,0.012688108586603719,1,not_crowded,217,0.5057373046875,True,high,low
Cx22-Multi-Train.zip,Multi-Train,00062,42,Cx22-Multi-Train:000043,included,,largest_matched_cytoplasm_instance,7,7,251,21740,0.0830078125,0.01154553817847286,2,crowded,208,0.5057373046875,True,high,low
Cx22-Multi-Train.zip,Multi-Train,00065,43,Cx22-Multi-Train:000044,included,,largest_matched_cytoplasm_instance,5,5,176,8169,0.03125,0.021544864732525402,1,not_crowded,128,0.5057373046875,True,low,middle
Cx22-Multi-Train.zip,Multi-Train,00066,44,Cx22-Multi-Train:000045,included,,largest_matched_cytoplasm_instance,6,5,102,9272,0.0352783203125,0.01100086281276963,1,not_crowded,136,0.5057373046875,True,low,low
Cx22-Multi-Train.zip,Multi-Train,00067,45,Cx22-Multi-Train:000046,included,,largest_matched_cytoplasm_instance,1,1,550,16914,0.06439208984375,0.03251744117299279,1,not_crowded,183,0.5057373046875,True,middle,high
Cx22-Multi-Train.zip,Multi-Train,00068,46,Cx22-Multi-Train:000047,included,,largest_matched_cytoplasm_instance,0,0,140,8281,0.0316162109375,0.0169061707523246,2,crowded,128,0.5057373046875,True,low,low
Cx22-Multi-Train.zip,Multi-Train,00070,47,Cx22-Multi-Train:000048,included,,largest_matched_cytoplasm_instance,0,0,258,18878,0.07171630859375,0.01366670198114207,1,not_crowded,194,0.5057373046875,True,high,low
Cx22-Multi-Train.zip,Multi-Train,00071,48,Cx22-Multi-Train:000049,included,,largest_matched_cytoplasm_instance,6,5,262,20596,0.07855224609375,0.012720916682851038,3,crowded,221,0.5057373046875,True,high,low
Cx22-Multi-Train.zip,Multi-Train,00073,49,Cx22-Multi-Train:000050,included,,largest_matched_cytoplasm_instance,5,6,735,20252,0.0771484375,0.03629271183093028,3,crowded,201,0.5057373046875,True,high,high
Cx22-Multi-Train.zip,Multi-Train,00075,50,Cx22-Multi-Train:000051,included,,largest_matched_cytoplasm_instance,3,2,336,17869,0.068115234375,0.018803514466394316,1,not_crowded,188,0.5057373046875,True,middle,middle
Cx22-Multi-Train.zip,Multi-Train,00077,51,Cx22-Multi-Train:000052,included,,largest_matched_cytoplasm_instance,0,0,115,2925,0.0113525390625,0.039316239316239315,1,not_crowded,77,0.5057373046875,True,low,high
Cx22-Multi-Train.zip,Multi-Train,00078,52,Cx22-Multi-Train:000053,included,,largest_matched_cytoplasm_instance,22,19,127,3610,0.01385498046875,0.03518005540166205,2,crowded,85,0.5057373046875,True,low,high
Cx22-Multi-Train.zip,Multi-Train,00078,53,Cx22-Multi-Train:000054,included,,largest_matched_cytoplasm_instance,0,3,240,6012,0.02301025390625,0.03992015968063872,3,crowded,110,0.5057373046875,True,low,high
Cx22-Multi-Train.zip,Multi-Train,00079,54,Cx22-Multi-Train:000055,included,,largest_matched_cytoplasm_instance,7,5,233,12129,0.04644775390625,0.01921015747382307,1,not_crowded,155,0.5057373046875,True,middle,middle
Cx22-Multi-Train.zip,Multi-Train,00080,55,Cx22-Multi-Train:000056,included,,largest_matched_cytoplasm_instance,5,1,486,13911,0.052978515625,0.03493638128100065,1,not_crowded,166,0.5057373046875,True,middle,high
Cx22-Multi-Train.zip,Multi-Train,00082,56,Cx22-Multi-Train:000057,included,,largest_matched_cytoplasm_instance,7,0,112,17944,0.068603515625,0.006241640659830584,2,crowded,189,0.5057373046875,True,high,low
Cx22-Multi-Train.zip,Multi-Train,00085,57,Cx22-Multi-Train:000058,included,,largest_matched_cytoplasm_instance,0,0,313,11214,0.042724609375,0.027911539147494203,2,crowded,149,0.5057373046875,True,low,middle
Cx22-Multi-Train.zip,Multi-Train,00086,58,Cx22-Multi-Train:000059,included,,largest_matched_cytoplasm_instance,3,3,631,23746,0.09051513671875,0.02657289648782953,2,crowded,217,0.5057373046875,True,high,middle
Cx22-Multi-Train.zip,Multi-Train,00087,59,Cx22-Multi-Train:000060,included,,largest_matched_cytoplasm_instance,1,1,428,13262,0.050537109375,0.032272658724174334,3,crowded,162,0.5057373046875,True,middle,high
Cx22-Multi-Train.zip,Multi-Train,00088,60,Cx22-Multi-Train:000061,included,,largest_matched_cytoplasm_instance,5,6,100,8869,0.0341796875,0.011275228323373548,3,crowded,151,0.5057373046875,True,low,low
Cx22-Multi-Train.zip,Multi-Train,00092,61,Cx22-Multi-Train:000062,included,,largest_matched_cytoplasm_instance,2,2,196,16200,0.0616455078125,0.012098765432098766,1,not_crowded,179,0.5057373046875,True,middle,low
Cx22-Multi-Train.zip,Multi-Train,00093,62,Cx22-Multi-Train:000063,included,,largest_matched_cytoplasm_instance,0,0,58,3416,0.01300048828125,0.016978922716627636,1,not_crowded,83,0.5057373046875,True,low,low
Cx22-Multi-Train.zip,Multi-Train,00095,63,Cx22-Multi-Train:000064,included,,largest_matched_cytoplasm_instance,0,0,218,5899,0.0223388671875,0.03695541617223258,2,crowded,111,0.5057373046875,True,low,high
Cx22-Multi-Train.zip,Multi-Train,00097,64,Cx22-Multi-Train:000065,included,,largest_matched_cytoplasm_instance,4,4,36,3297,0.01263427734375,0.01091901728844404,1,not_crowded,81,0.5057373046875,True,low,low
Cx22-Multi-Train.zip,Multi-Train,00098,65,Cx22-Multi-Train:000066,included,,largest_matched_cytoplasm_instance,5,3,256,17830,0.06793212890625,0.01435782389231632,1,not_crowded,188,0.5057373046875,True,middle,low
Cx22-Multi-Train.zip,Multi-Train,00099,66,Cx22-Multi-Train:000067,included,,largest_matched_cytoplasm_instance,2,2,589,17554,0.0670166015625,0.03355360601572291,1,not_crowded,187,0.5057373046875,True,middle,high
Cx22-Multi-Train.zip,Multi-Train,00099,67,Cx22-Multi-Train:000068,included,,largest_matched_cytoplasm_instance,1,2,367,11617,0.04425048828125,0.0315916329517087,1,not_crowded,152,0.5057373046875,True,low,high
Cx22-Multi-Train.zip,Multi-Train,00100,68,Cx22-Multi-Train:000069,included,,largest_matched_cytoplasm_instance,2,1,546,17004,0.0650634765625,0.03211009174311927,2,crowded,184,0.5057373046875,True,middle,high
Cx22-Multi-Train.zip,Multi-Train,00100,69,Cx22-Multi-Train:000070,included,,largest_matched_cytoplasm_instance,0,4,532,16426,0.062744140625,0.0323876780713503,1,not_crowded,181,0.5057373046875,True,middle,high
Cx22-Multi-Train.zip,Multi-Train,00101,70,Cx22-Multi-Train:000071,included,,largest_matched_cytoplasm_instance,5,5,247,21471,0.08203125,0.01150388896651297,3,crowded,207,0.5057373046875,True,high,low
Cx22-Multi-Train.zip,Multi-Train,00102,71,Cx22-Multi-Train:000072,included,,largest_matched_cytoplasm_instance,3,3,324,9517,0.03643798828125,0.03404434170431859,2,crowded,138,0.5057373046875,True,low,high
Cx22-Multi-Train.zip,Multi-Train,00103,72,Cx22-Multi-Train:000073,included,,largest_matched_cytoplasm_instance,1,1,82,6008,0.0228271484375,0.013648468708388815,1,not_crowded,109,0.5057373046875,True,low,low
Cx22-Multi-Train.zip,Multi-Train,00104,73,Cx22-Multi-Train:000074,included,,largest_matched_cytoplasm_instance,1,2,715,15519,0.0592041015625,0.04607255622140602,2,crowded,176,0.5057373046875,True,middle,high
Cx22-Multi-Train.zip,Multi-Train,00106,74,Cx22-Multi-Train:000075,included,,largest_matched_cytoplasm_instance,8,8,307,11523,0.04376220703125,0.026642367439034975,1,not_crowded,151,0.5057373046875,True,low,middle
Cx22-Multi-Train.zip,Multi-Train,00107,75,Cx22-Multi-Train:000076,included,,largest_matched_cytoplasm_instance,0,1,380,10527,0.04010009765625,0.036097653652512586,1,not_crowded,154,0.5057373046875,True,low,high
Cx22-Multi-Train.zip,Multi-Train,00108,76,Cx22-Multi-Train:000077,included,,largest_matched_cytoplasm_instance,3,3,237,11136,0.0426025390625,0.021282327586206896,3,crowded,149,0.5057373046875,True,low,middle
Cx22-Multi-Train.zip,Multi-Train,00108,77,Cx22-Multi-Train:000078,included,,largest_matched_cytoplasm_instance,3,3,323,21756,0.0831298828125,0.014846479132193419,2,crowded,208,0.5057373046875,True,high,low
Cx22-Multi-Train.zip,Multi-Train,00108,78,Cx22-Multi-Train:000079,included,,largest_matched_cytoplasm_instance,1,1,575,25198,0.09613037109375,0.02281927137074371,3,crowded,224,0.5057373046875,True,high,middle
Cx22-Multi-Train.zip,Multi-Train,00109,79,Cx22-Multi-Train:000080,included,,largest_matched_cytoplasm_instance,0,0,128,7134,0.02728271484375,0.01794224838800112,2,crowded,119,0.5057373046875,True,low,middle
Cx22-Multi-Train.zip,Multi-Train,00109,80,Cx22-Multi-Train:000081,included,,largest_matched_cytoplasm_instance,5,0,89,11354,0.0430908203125,0.007838647172802537,1,not_crowded,150,0.5057373046875,True,low,low
Cx22-Multi-Train.zip,Multi-Train,00109,81,Cx22-Multi-Train:000082,included,,largest_matched_cytoplasm_instance,3,4,67,6844,0.0263671875,0.009789596727060198,1,not_crowded,138,0.5057373046875,True,low,low
Cx22-Multi-Train.zip,Multi-Train,00110,82,Cx22-Multi-Train:000083,included,,largest_matched_cytoplasm_instance,2,2,68,4400,0.0167236328125,0.015454545454545455,2,crowded,94,0.5057373046875,True,low,low
Cx22-Multi-Train.zip,Multi-Train,00110,83,Cx22-Multi-Train:000084,included,,largest_matched_cytoplasm_instance,6,6,95,6441,0.02447509765625,0.014749262536873156,2,crowded,113,0.5057373046875,True,low,low
Cx22-Multi-Train.zip,Multi-Train,00112,84,Cx22-Multi-Train:000085,included,,largest_matched_cytoplasm_instance,0,0,45,3547,0.013671875,0.012686777558500142,1,not_crowded,84,0.5057373046875,True,low,low
Cx22-Multi-Train.zip,Multi-Train,00113,85,Cx22-Multi-Train:000086,included,,largest_matched_cytoplasm_instance,11,4,239,5318,0.0203857421875,0.044941707408800304,1,not_crowded,103,0.5057373046875,True,low,high
Cx22-Multi-Train.zip,Multi-Train,00115,86,Cx22-Multi-Train:000087,included,,largest_matched_cytoplasm_instance,8,8,660,18690,0.07098388671875,0.03531300160513644,3,crowded,193,0.5057373046875,True,high,high
Cx22-Multi-Train.zip,Multi-Train,00115,87,Cx22-Multi-Train:000088,included,,largest_matched_cytoplasm_instance,3,5,941,32188,0.12347412109375,0.029234497328196843,2,crowded,253,0.5057373046875,True,high,middle
Cx22-Multi-Train.zip,Multi-Train,00117,88,Cx22-Multi-Train:000089,included,,largest_matched_cytoplasm_instance,5,4,650,16522,0.0628662109375,0.03934148408183029,1,not_crowded,181,0.5057373046875,True,middle,high
Cx22-Multi-Train.zip,Multi-Train,00119,89,Cx22-Multi-Train:000090,included,,largest_matched_cytoplasm_instance,0,0,434,9775,0.03717041015625,0.04439897698209719,1,not_crowded,148,0.5057373046875,True,low,high
Cx22-Multi-Train.zip,Multi-Train,00120,90,Cx22-Multi-Train:000091,included,,largest_matched_cytoplasm_instance,2,5,376,11048,0.0419921875,0.03403330919623461,2,crowded,148,0.5057373046875,True,low,high
Cx22-Multi-Train.zip,Multi-Train,00121,91,Cx22-Multi-Train:000092,included,,largest_matched_cytoplasm_instance,2,3,679,22809,0.08685302734375,0.02976895085273357,1,not_crowded,213,0.5057373046875,True,high,high
Cx22-Multi-Train.zip,Multi-Train,00122,92,Cx22-Multi-Train:000093,included,,largest_matched_cytoplasm_instance,0,4,337,29311,0.11181640625,0.011497390058339873,1,not_crowded,241,0.5057373046875,True,high,low
Cx22-Multi-Train.zip,Multi-Train,00123,93,Cx22-Multi-Train:000094,included,,largest_matched_cytoplasm_instance,3,1,327,21759,0.08270263671875,0.015028264166551772,2,crowded,208,0.5057373046875,True,high,low
Cx22-Multi-Train.zip,Multi-Train,00125,94,Cx22-Multi-Train:000095,included,,largest_matched_cytoplasm_instance,8,9,270,14302,0.05413818359375,0.018878478534470704,3,crowded,169,0.5057373046875,True,middle,middle
Cx22-Multi-Train.zip,Multi-Train,00130,95,Cx22-Multi-Train:000096,included,,largest_matched_cytoplasm_instance,2,3,491,21829,0.083251953125,0.022493013880617526,2,crowded,217,0.5057373046875,True,high,middle
Cx22-Multi-Train.zip,Multi-Train,00133,96,Cx22-Multi-Train:000097,included,,largest_matched_cytoplasm_instance,5,6,370,8998,0.0341796875,0.041120248944209827,2,crowded,134,0.5057373046875,True,low,high
Cx22-Multi-Train.zip,Multi-Train,00133,97,Cx22-Multi-Train:000098,included,,largest_matched_cytoplasm_instance,7,10,144,7361,0.02783203125,0.019562559434859395,2,crowded,121,0.5057373046875,True,low,middle
Cx22-Multi-Train.zip,Multi-Train,00134,98,Cx22-Multi-Train:000099,included,,largest_matched_cytoplasm_instance,3,3,142,13292,0.0506591796875,0.010683117664760758,3,crowded,163,0.5057373046875,True,middle,low
Cx22-Multi-Train.zip,Multi-Train,00134,99,Cx22-Multi-Train:000100,included,,largest_matched_cytoplasm_instance,3,1,259,11049,0.041748046875,0.023441035387817902,1,not_crowded,148,0.5057373046875,True,low,middle
Cx22-Multi-Train.zip,Multi-Train,00134,100,Cx22-Multi-Train:000101,included,,largest_matched_cytoplasm_instance,0,2,187,11600,0.04400634765625,0.016120689655172413,1,not_crowded,152,0.5057373046875,True,low,low
Cx22-Multi-Train.zip,Multi-Train,00135,101,Cx22-Multi-Train:000102,included,,largest_matched_cytoplasm_instance,1,2,224,6323,0.0240478515625,0.035426221730191366,1,not_crowded,112,0.5057373046875,True,low,high
Cx22-Multi-Train.zip,Multi-Train,00135,102,Cx22-Multi-Train:000103,included,,largest_matched_cytoplasm_instance,4,6,452,13661,0.0518798828125,0.033086889685967354,3,crowded,165,0.5057373046875,True,middle,high
Cx22-Multi-Train.zip,Multi-Train,00136,103,Cx22-Multi-Train:000104,included,,largest_matched_cytoplasm_instance,2,2,310,9801,0.03741455078125,0.03162942556881951,1,not_crowded,168,0.5057373046875,True,low,high
Cx22-Multi-Train.zip,Multi-Train,00137,104,Cx22-Multi-Train:000105,included,,largest_matched_cytoplasm_instance,8,8,236,17103,0.0654296875,0.013798748757527918,1,not_crowded,184,0.5057373046875,True,middle,low
Cx22-Multi-Train.zip,Multi-Train,00137,105,Cx22-Multi-Train:000106,included,,largest_matched_cytoplasm_instance,2,2,228,34549,0.1317138671875,0.006599322701091204,2,crowded,262,0.5057373046875,True,high,low
Cx22-Multi-Train.zip,Multi-Train,00139,106,Cx22-Multi-Train:000107,included,,largest_matched_cytoplasm_instance,6,8,251,7645,0.029296875,0.032831916285153695,3,crowded,123,0.5057373046875,True,low,high
Cx22-Multi-Train.zip,Multi-Train,00140,107,Cx22-Multi-Train:000108,included,,largest_matched_cytoplasm_instance,4,1,737,16730,0.06402587890625,0.044052600119545725,1,not_crowded,189,0.5057373046875,True,middle,high
Cx22-Multi-Train.zip,Multi-Train,00140,108,Cx22-Multi-Train:000109,included,,largest_matched_cytoplasm_instance,4,4,761,11926,0.04571533203125,0.06381016266979708,2,crowded,154,0.5057373046875,True,middle,high
Cx22-Multi-Train.zip,Multi-Train,00141,109,Cx22-Multi-Train:000110,included,,largest_matched_cytoplasm_instance,1,4,732,23855,0.0906982421875,0.030685390903374556,2,crowded,218,0.5057373046875,True,high,high
Cx22-Multi-Train.zip,Multi-Train,00141,110,Cx22-Multi-Train:000111,included,,largest_matched_cytoplasm_instance,0,9,249,13595,0.0518798828125,0.018315557190143435,2,crowded,164,0.5057373046875,True,middle,middle
Cx22-Multi-Train.zip,Multi-Train,00143,111,Cx22-Multi-Train:000112,included,,largest_matched_cytoplasm_instance,6,1,170,8142,0.03076171875,0.02087939081306804,3,crowded,127,0.5057373046875,True,low,middle
Cx22-Multi-Train.zip,Multi-Train,00144,112,Cx22-Multi-Train:000113,included,,largest_matched_cytoplasm_instance,1,0,258,14035,0.05328369140625,0.01838261489134307,2,crowded,167,0.5057373046875,True,middle,middle
Cx22-Multi-Train.zip,Multi-Train,00146,113,Cx22-Multi-Train:000114,included,,largest_matched_cytoplasm_instance,6,6,149,12375,0.04681396484375,0.01204040404040404,1,not_crowded,157,0.5057373046875,True,middle,low
Cx22-Multi-Train.zip,Multi-Train,00146,114,Cx22-Multi-Train:000115,included,,largest_matched_cytoplasm_instance,4,4,189,23283,0.08935546875,0.008117510630073444,1,not_crowded,215,0.5057373046875,True,high,low
Cx22-Multi-Train.zip,Multi-Train,00147,115,Cx22-Multi-Train:000116,included,,largest_matched_cytoplasm_instance,1,1,138,11295,0.0430908203125,0.012217795484727756,2,crowded,150,0.5057373046875,True,low,low
Cx22-Multi-Train.zip,Multi-Train,00149,116,Cx22-Multi-Train:000117,included,,largest_matched_cytoplasm_instance,3,3,275,11516,0.0439453125,0.023879819381729766,2,crowded,151,0.5057373046875,True,low,middle
Cx22-Multi-Train.zip,Multi-Train,00150,117,Cx22-Multi-Train:000118,included,,largest_matched_cytoplasm_instance,6,6,771,15070,0.05755615234375,0.051161247511612475,1,not_crowded,173,0.5057373046875,True,middle,high
Cx22-Multi-Train.zip,Multi-Train,00152,118,Cx22-Multi-Train:000119,included,,largest_matched_cytoplasm_instance,3,4,66,5372,0.02056884765625,0.012285927029039464,1,not_crowded,104,0.5057373046875,True,low,low
Cx22-Multi-Train.zip,Multi-Train,00153,119,Cx22-Multi-Train:000120,included,,largest_matched_cytoplasm_instance,2,1,437,17597,0.06707763671875,0.024833778484969028,1,not_crowded,187,0.5057373046875,True,middle,middle
Cx22-Multi-Train.zip,Multi-Train,00154,120,Cx22-Multi-Train:000121,included,,largest_matched_cytoplasm_instance,3,3,409,16488,0.0631103515625,0.02480591945657448,2,crowded,190,0.5057373046875,True,middle,middle
Cx22-Multi-Train.zip,Multi-Train,00156,121,Cx22-Multi-Train:000122,included,,largest_matched_cytoplasm_instance,1,9,116,11468,0.0438232421875,0.010115102895012208,1,not_crowded,151,0.5057373046875,True,low,low
Cx22-Multi-Train.zip,Multi-Train,00157,122,Cx22-Multi-Train:000123,included,,largest_matched_cytoplasm_instance,0,3,150,24435,0.0928955078125,0.006138735420503376,1,not_crowded,220,0.5057373046875,True,high,low
Cx22-Multi-Train.zip,Multi-Train,00158,123,Cx22-Multi-Train:000124,included,,largest_matched_cytoplasm_instance,4,3,420,11238,0.04278564453125,0.03737319807794982,2,crowded,159,0.5057373046875,True,low,high
Cx22-Multi-Train.zip,Multi-Train,00160,124,Cx22-Multi-Train:000125,included,,largest_matched_cytoplasm_instance,2,2,63,5155,0.01971435546875,0.012221144519883608,1,not_crowded,120,0.5057373046875,True,low,low
Cx22-Multi-Train.zip,Multi-Train,00161,125,Cx22-Multi-Train:000126,included,,largest_matched_cytoplasm_instance,0,3,418,12534,0.04803466796875,0.03334928993138663,1,not_crowded,158,0.5057373046875,True,middle,high
Cx22-Multi-Train.zip,Multi-Train,00161,126,Cx22-Multi-Train:000127,included,,largest_matched_cytoplasm_instance,1,0,567,19265,0.07342529296875,0.02943161173111861,2,crowded,196,0.5057373046875,True,high,high
Cx22-Multi-Train.zip,Multi-Train,00162,127,Cx22-Multi-Train:000128,included,,largest_matched_cytoplasm_instance,6,1,399,15082,0.057373046875,0.026455377270918977,2,crowded,186,0.5057373046875,True,middle,middle
Cx22-Multi-Train.zip,Multi-Train,00162,128,Cx22-Multi-Train:000129,included,,largest_matched_cytoplasm_instance,4,3,295,9145,0.03485107421875,0.03225806451612903,2,crowded,135,0.5057373046875,True,low,high
Cx22-Multi-Train.zip,Multi-Train,00163,129,Cx22-Multi-Train:000130,included,,largest_matched_cytoplasm_instance,0,0,369,26147,0.09991455078125,0.014112517688453742,1,not_crowded,228,0.5057373046875,True,high,low
Cx22-Multi-Train.zip,Multi-Train,00165,130,Cx22-Multi-Train:000131,included,,largest_matched_cytoplasm_instance,3,1,372,16144,0.0615234375,0.023042616451932608,1,not_crowded,179,0.5057373046875,True,middle,middle
Cx22-Multi-Train.zip,Multi-Train,00165,131,Cx22-Multi-Train:000132,included,,largest_matched_cytoplasm_instance,0,0,288,5239,0.02008056640625,0.0549723229623974,1,not_crowded,102,0.5057373046875,True,low,high
Cx22-Multi-Train.zip,Multi-Train,00166,132,Cx22-Multi-Train:000133,included,,largest_matched_cytoplasm_instance,7,7,154,11321,0.04302978515625,0.013603038600830316,2,crowded,150,0.5057373046875,True,low,low
Cx22-Multi-Train.zip,Multi-Train,00166,133,Cx22-Multi-Train:000134,included,,largest_matched_cytoplasm_instance,2,2,273,16775,0.06396484375,0.016274217585692995,2,crowded,183,0.5057373046875,True,middle,low
Cx22-Multi-Train.zip,Multi-Train,00167,134,Cx22-Multi-Train:000135,included,,largest_matched_cytoplasm_instance,3,1,562,21117,0.08056640625,0.026613628829852725,3,crowded,205,0.5057373046875,True,high,middle
Cx22-Multi-Train.zip,Multi-Train,00168,135,Cx22-Multi-Train:000136,included,,largest_matched_cytoplasm_instance,7,6,203,9549,0.03558349609375,0.021258770551890252,1,not_crowded,142,0.5057373046875,True,low,middle
Cx22-Multi-Train.zip,Multi-Train,00168,136,Cx22-Multi-Train:000137,included,,largest_matched_cytoplasm_instance,0,3,190,10413,0.039306640625,0.018246422740804763,1,not_crowded,144,0.5057373046875,True,low,middle
Cx22-Multi-Train.zip,Multi-Train,00168,137,Cx22-Multi-Train:000138,included,,largest_matched_cytoplasm_instance,5,5,264,16051,0.061279296875,0.01644757335991527,2,crowded,179,0.5057373046875,True,middle,low
Cx22-Multi-Train.zip,Multi-Train,00169,138,Cx22-Multi-Train:000139,included,,largest_matched_cytoplasm_instance,2,5,236,14612,0.05584716796875,0.016151108677799068,2,crowded,170,0.5057373046875,True,middle,low
Cx22-Multi-Train.zip,Multi-Train,00169,139,Cx22-Multi-Train:000140,included,,largest_matched_cytoplasm_instance,5,0,150,10731,0.041015625,0.01397819401733296,2,crowded,146,0.5057373046875,True,low,low
Cx22-Multi-Train.zip,Multi-Train,00169,140,Cx22-Multi-Train:000141,included,,largest_matched_cytoplasm_instance,6,2,215,13179,0.0504150390625,0.016313832612489566,4,crowded,162,0.5057373046875,True,middle,low
Cx22-Multi-Train.zip,Multi-Train,00170,141,Cx22-Multi-Train:000142,included,,largest_matched_cytoplasm_instance,0,0,72,7055,0.02685546875,0.010205527994330263,1,not_crowded,119,0.5057373046875,True,low,low
Cx22-Multi-Train.zip,Multi-Train,00171,142,Cx22-Multi-Train:000143,included,,largest_matched_cytoplasm_instance,4,3,692,12488,0.04754638671875,0.05541319666880205,1,not_crowded,204,0.5057373046875,True,middle,high
Cx22-Multi-Train.zip,Multi-Train,00172,143,Cx22-Multi-Train:000144,included,,largest_matched_cytoplasm_instance,3,2,344,12762,0.04852294921875,0.026955022723711017,2,crowded,159,0.5057373046875,True,middle,middle
Cx22-Multi-Train.zip,Multi-Train,00174,144,Cx22-Multi-Train:000145,included,,largest_matched_cytoplasm_instance,3,3,107,5242,0.02020263671875,0.020412056466997328,1,not_crowded,102,0.5057373046875,True,low,middle
Cx22-Multi-Train.zip,Multi-Train,00175,145,Cx22-Multi-Train:000146,included,,largest_matched_cytoplasm_instance,1,5,249,10392,0.03961181640625,0.023960739030023093,3,crowded,144,0.5057373046875,True,low,middle
Cx22-Multi-Train.zip,Multi-Train,00178,146,Cx22-Multi-Train:000147,included,,largest_matched_cytoplasm_instance,2,1,348,18662,0.07110595703125,0.018647519022612795,2,crowded,193,0.5057373046875,True,high,middle
Cx22-Multi-Train.zip,Multi-Train,00178,147,Cx22-Multi-Train:000148,included,,largest_matched_cytoplasm_instance,3,2,330,12634,0.0477294921875,0.02611999366788032,1,not_crowded,164,0.5057373046875,True,middle,middle
Cx22-Multi-Train.zip,Multi-Train,00178,148,Cx22-Multi-Train:000149,included,,largest_matched_cytoplasm_instance,0,3,464,9636,0.03680419921875,0.048152760481527605,1,not_crowded,142,0.5057373046875,True,low,high
Cx22-Multi-Train.zip,Multi-Train,00179,149,Cx22-Multi-Train:000150,included,,largest_matched_cytoplasm_instance,0,2,309,13880,0.05279541015625,0.022262247838616713,1,not_crowded,166,0.5057373046875,True,middle,middle
Cx22-Multi-Train.zip,Multi-Train,00179,150,Cx22-Multi-Train:000151,included,,largest_matched_cytoplasm_instance,8,6,149,6366,0.02423095703125,0.02340559220860823,2,crowded,116,0.5057373046875,True,low,middle
Cx22-Multi-Train.zip,Multi-Train,00181,151,Cx22-Multi-Train:000152,included,,largest_matched_cytoplasm_instance,6,4,65,2609,0.00994873046875,0.02491376006132618,1,not_crowded,72,0.5057373046875,True,low,middle
Cx22-Multi-Train.zip,Multi-Train,00182,152,Cx22-Multi-Train:000153,included,,largest_matched_cytoplasm_instance,2,2,61,6225,0.02386474609375,0.009799196787148594,1,not_crowded,111,0.5057373046875,True,low,low
Cx22-Multi-Train.zip,Multi-Train,00183,153,Cx22-Multi-Train:000154,included,,largest_matched_cytoplasm_instance,3,3,130,17189,0.0650634765625,0.007562976322066438,1,not_crowded,185,0.5057373046875,True,middle,low
Cx22-Multi-Train.zip,Multi-Train,00184,154,Cx22-Multi-Train:000155,included,,largest_matched_cytoplasm_instance,1,5,86,8286,0.0318603515625,0.01037895244991552,1,not_crowded,128,0.5057373046875,True,low,low
Cx22-Multi-Train.zip,Multi-Train,00185,155,Cx22-Multi-Train:000156,included,,largest_matched_cytoplasm_instance,3,2,104,9030,0.034423828125,0.011517165005537098,1,not_crowded,134,0.5057373046875,True,low,low
Cx22-Multi-Train.zip,Multi-Train,00187,156,Cx22-Multi-Train:000157,included,,largest_matched_cytoplasm_instance,22,17,61,7783,0.02978515625,0.007837594757805473,4,crowded,125,0.5057373046875,True,low,low
Cx22-Multi-Train.zip,Multi-Train,00187,157,Cx22-Multi-Train:000158,included,,largest_matched_cytoplasm_instance,2,0,238,19079,0.072509765625,0.01247444834634939,1,not_crowded,195,0.5057373046875,True,high,low
Cx22-Multi-Train.zip,Multi-Train,00188,158,Cx22-Multi-Train:000159,included,,largest_matched_cytoplasm_instance,3,2,308,18346,0.06976318359375,0.016788400741306008,2,crowded,191,0.5057373046875,True,high,low
Cx22-Multi-Train.zip,Multi-Train,00189,159,Cx22-Multi-Train:000160,included,,largest_matched_cytoplasm_instance,5,0,118,7766,0.02978515625,0.015194437290754571,1,not_crowded,124,0.5057373046875,True,low,low
Cx22-Multi-Train.zip,Multi-Train,00189,160,Cx22-Multi-Train:000161,included,,largest_matched_cytoplasm_instance,5,1,590,28630,0.109375,0.020607754104086624,2,crowded,238,0.5057373046875,True,high,middle
Cx22-Multi-Train.zip,Multi-Train,00190,161,Cx22-Multi-Train:000162,included,,largest_matched_cytoplasm_instance,3,2,598,15711,0.05999755859375,0.03806250397810451,1,not_crowded,177,0.5057373046875,True,middle,high
Cx22-Multi-Train.zip,Multi-Train,00190,162,Cx22-Multi-Train:000163,included,,largest_matched_cytoplasm_instance,2,0,437,12443,0.0472412109375,0.03512014787430684,1,not_crowded,175,0.5057373046875,True,middle,high
Cx22-Multi-Train.zip,Multi-Train,00191,163,Cx22-Multi-Train:000164,included,,largest_matched_cytoplasm_instance,6,8,462,11574,0.0435791015625,0.039917055469155,2,crowded,152,0.5057373046875,True,low,high
Cx22-Multi-Train.zip,Multi-Train,00192,164,Cx22-Multi-Train:000165,included,,largest_matched_cytoplasm_instance,1,4,219,12552,0.048095703125,0.017447418738049714,1,not_crowded,158,0.5057373046875,True,middle,low
Cx22-Multi-Train.zip,Multi-Train,00194,165,Cx22-Multi-Train:000166,included,,largest_matched_cytoplasm_instance,1,3,385,15655,0.05950927734375,0.024592781858831046,1,not_crowded,176,0.5057373046875,True,middle,middle
Cx22-Multi-Train.zip,Multi-Train,00195,166,Cx22-Multi-Train:000167,included,,largest_matched_cytoplasm_instance,18,18,99,3086,0.01177978515625,0.03208036292935839,1,not_crowded,79,0.5057373046875,True,low,high
Cx22-Multi-Train.zip,Multi-Train,00196,167,Cx22-Multi-Train:000168,included,,largest_matched_cytoplasm_instance,4,4,98,6695,0.025390625,0.014637789395070948,2,crowded,116,0.5057373046875,True,low,low
Cx22-Multi-Train.zip,Multi-Train,00196,168,Cx22-Multi-Train:000169,included,,largest_matched_cytoplasm_instance,5,4,188,12857,0.048828125,0.014622384693163258,2,crowded,160,0.5057373046875,True,middle,low
Cx22-Multi-Train.zip,Multi-Train,00197,169,Cx22-Multi-Train:000170,included,,largest_matched_cytoplasm_instance,4,4,200,17742,0.06781005859375,0.011272686281140795,1,not_crowded,188,0.5057373046875,True,middle,low
Cx22-Multi-Train.zip,Multi-Train,00198,170,Cx22-Multi-Train:000171,included,,largest_matched_cytoplasm_instance,7,5,290,14943,0.05682373046875,0.01940708023823864,1,not_crowded,172,0.5057373046875,True,middle,middle
Cx22-Multi-Train.zip,Multi-Train,00200,171,Cx22-Multi-Train:000172,included,,largest_matched_cytoplasm_instance,2,2,318,14113,0.053955078125,0.022532416920569686,1,not_crowded,168,0.5057373046875,True,middle,middle
Cx22-Multi-Train.zip,Multi-Train,00201,172,Cx22-Multi-Train:000173,included,,largest_matched_cytoplasm_instance,3,3,157,12738,0.0489501953125,0.012325325796828388,5,crowded,159,0.5057373046875,True,middle,low
Cx22-Multi-Train.zip,Multi-Train,00201,173,Cx22-Multi-Train:000174,included,,largest_matched_cytoplasm_instance,1,0,204,13405,0.05096435546875,0.015218202163371877,2,crowded,163,0.5057373046875,True,middle,low
Cx22-Multi-Train.zip,Multi-Train,00201,174,Cx22-Multi-Train:000175,included,,largest_matched_cytoplasm_instance,3,3,158,8230,0.031494140625,0.01919805589307412,1,not_crowded,128,0.5057373046875,True,low,middle
Cx22-Multi-Train.zip,Multi-Train,00202,175,Cx22-Multi-Train:000176,included,,largest_matched_cytoplasm_instance,1,1,117,8403,0.0321044921875,0.013923598714744734,2,crowded,129,0.5057373046875,True,low,low
Cx22-Multi-Train.zip,Multi-Train,00203,176,Cx22-Multi-Train:000177,included,,largest_matched_cytoplasm_instance,4,4,348,20718,0.07904052734375,0.016796988126267013,1,not_crowded,203,0.5057373046875,True,high,low
Cx22-Multi-Train.zip,Multi-Train,00203,177,Cx22-Multi-Train:000178,included,,largest_matched_cytoplasm_instance,6,2,298,21858,0.08331298828125,0.01363345228291701,2,crowded,208,0.5057373046875,True,high,low
Cx22-Multi-Train.zip,Multi-Train,00204,178,Cx22-Multi-Train:000179,included,,largest_matched_cytoplasm_instance,0,4,216,12525,0.04754638671875,0.017245508982035928,3,crowded,158,0.5057373046875,True,middle,low
Cx22-Multi-Train.zip,Multi-Train,00205,179,Cx22-Multi-Train:000180,included,,largest_matched_cytoplasm_instance,4,7,254,12541,0.04766845703125,0.020253568295989156,3,crowded,158,0.5057373046875,True,middle,middle
Cx22-Multi-Train.zip,Multi-Train,00206,180,Cx22-Multi-Train:000181,included,,largest_matched_cytoplasm_instance,6,2,289,8069,0.03057861328125,0.03581608625604164,1,not_crowded,131,0.5057373046875,True,low,high
Cx22-Multi-Train.zip,Multi-Train,00206,181,Cx22-Multi-Train:000182,included,,largest_matched_cytoplasm_instance,7,3,384,17724,0.0672607421875,0.021665538253215978,2,crowded,188,0.5057373046875,True,middle,middle
Cx22-Multi-Train.zip,Multi-Train,00207,182,Cx22-Multi-Train:000183,included,,largest_matched_cytoplasm_instance,2,14,187,7465,0.02874755859375,0.02505023442732753,2,crowded,122,0.5057373046875,True,low,middle
Cx22-Multi-Train.zip,Multi-Train,00208,183,Cx22-Multi-Train:000184,included,,largest_matched_cytoplasm_instance,5,5,133,12987,0.0494384765625,0.010241010241010241,2,crowded,161,0.5057373046875,True,middle,low
Cx22-Multi-Train.zip,Multi-Train,00209,184,Cx22-Multi-Train:000185,included,,largest_matched_cytoplasm_instance,4,6,82,6853,0.02618408203125,0.01196556252736028,1,not_crowded,117,0.5057373046875,True,low,low
Cx22-Multi-Train.zip,Multi-Train,00210,185,Cx22-Multi-Train:000186,included,,largest_matched_cytoplasm_instance,8,6,50,4893,0.0186767578125,0.010218679746576743,3,crowded,99,0.5057373046875,True,low,low
Cx22-Multi-Train.zip,Multi-Train,00211,186,Cx22-Multi-Train:000187,included,,largest_matched_cytoplasm_instance,1,1,143,8141,0.03106689453125,0.01756540965483356,1,not_crowded,127,0.5057373046875,True,low,low
Cx22-Multi-Train.zip,Multi-Train,00213,187,Cx22-Multi-Train:000188,included,,largest_matched_cytoplasm_instance,2,2,76,5548,0.02105712890625,0.0136986301369863,1,not_crowded,105,0.5057373046875,True,low,low
Cx22-Multi-Train.zip,Multi-Train,00214,188,Cx22-Multi-Train:000189,included,,largest_matched_cytoplasm_instance,7,7,173,16790,0.06390380859375,0.010303752233472305,1,not_crowded,188,0.5057373046875,True,middle,low
Cx22-Multi-Train.zip,Multi-Train,00215,189,Cx22-Multi-Train:000190,included,,largest_matched_cytoplasm_instance,3,3,474,12566,0.04791259765625,0.03772083399649849,1,not_crowded,160,0.5057373046875,True,middle,high
Cx22-Multi-Train.zip,Multi-Train,00217,190,Cx22-Multi-Train:000191,included,,largest_matched_cytoplasm_instance,10,10,244,15900,0.06060791015625,0.015345911949685535,5,crowded,178,0.5057373046875,True,middle,low
Cx22-Multi-Train.zip,Multi-Train,00220,191,Cx22-Multi-Train:000192,included,,largest_matched_cytoplasm_instance,8,10,517,10235,0.0390625,0.05051294577430386,2,crowded,143,0.5057373046875,True,low,high
Cx22-Multi-Train.zip,Multi-Train,00220,192,Cx22-Multi-Train:000193,included,,largest_matched_cytoplasm_instance,4,6,611,12561,0.0479736328125,0.04864262399490486,2,crowded,163,0.5057373046875,True,middle,high
Cx22-Multi-Train.zip,Multi-Train,00220,193,Cx22-Multi-Train:000194,included,,largest_matched_cytoplasm_instance,4,4,613,10064,0.03826904296875,0.06091017488076311,1,not_crowded,142,0.5057373046875,True,low,high
Cx22-Multi-Train.zip,Multi-Train,00221,194,Cx22-Multi-Train:000195,included,,largest_matched_cytoplasm_instance,2,3,177,18843,0.07208251953125,0.009393408692883298,2,crowded,194,0.5057373046875,True,high,low
Cx22-Multi-Train.zip,Multi-Train,00222,195,Cx22-Multi-Train:000196,included,,largest_matched_cytoplasm_instance,3,2,371,15404,0.0589599609375,0.024084653336795638,1,not_crowded,175,0.5057373046875,True,middle,middle
Cx22-Multi-Train.zip,Multi-Train,00223,196,Cx22-Multi-Train:000197,included,,largest_matched_cytoplasm_instance,4,3,312,16300,0.0621337890625,0.019141104294478527,4,crowded,180,0.5057373046875,True,middle,middle
Cx22-Multi-Train.zip,Multi-Train,00223,197,Cx22-Multi-Train:000198,included,,largest_matched_cytoplasm_instance,2,6,299,13646,0.052001953125,0.02191118276417998,1,not_crowded,165,0.5057373046875,True,middle,middle
Cx22-Multi-Train.zip,Multi-Train,00224,198,Cx22-Multi-Train:000199,included,,largest_matched_cytoplasm_instance,5,7,317,9127,0.03497314453125,0.03473211350936781,1,not_crowded,135,0.5057373046875,True,low,high
Cx22-Multi-Train.zip,Multi-Train,00224,199,Cx22-Multi-Train:000200,included,,largest_matched_cytoplasm_instance,3,1,145,4597,0.017333984375,0.03154231020230585,1,not_crowded,103,0.5057373046875,True,low,high
Cx22-Multi-Train.zip,Multi-Train,00225,200,Cx22-Multi-Train:000201,included,,largest_matched_cytoplasm_instance,2,7,122,11221,0.04278564453125,0.010872471259246057,2,crowded,149,0.5057373046875,True,low,low
Cx22-Multi-Train.zip,Multi-Train,00225,201,Cx22-Multi-Train:000202,included,,largest_matched_cytoplasm_instance,1,10,140,5655,0.02130126953125,0.02475685234305924,2,crowded,106,0.5057373046875,True,low,middle
Cx22-Multi-Train.zip,Multi-Train,00226,202,Cx22-Multi-Train:000203,included,,largest_matched_cytoplasm_instance,0,0,114,6397,0.0244140625,0.017820853525089886,2,crowded,113,0.5057373046875,True,low,middle
Cx22-Multi-Train.zip,Multi-Train,00227,203,Cx22-Multi-Train:000204,included,,largest_matched_cytoplasm_instance,3,4,203,13041,0.04937744140625,0.015566290928609769,3,crowded,161,0.5057373046875,True,middle,low
Cx22-Multi-Train.zip,Multi-Train,00228,204,Cx22-Multi-Train:000205,included,,largest_matched_cytoplasm_instance,10,9,129,4807,0.0181884765625,0.026835864364468484,2,crowded,98,0.5057373046875,True,low,middle
Cx22-Multi-Train.zip,Multi-Train,00228,205,Cx22-Multi-Train:000206,included,,largest_matched_cytoplasm_instance,4,6,140,9988,0.0380859375,0.014016820184221065,4,crowded,141,0.5057373046875,True,low,low
Cx22-Multi-Train.zip,Multi-Train,00229,206,Cx22-Multi-Train:000207,included,,largest_matched_cytoplasm_instance,7,6,80,8024,0.03057861328125,0.009970089730807577,2,crowded,126,0.5057373046875,True,low,low
Cx22-Multi-Train.zip,Multi-Train,00230,207,Cx22-Multi-Train:000208,included,,largest_matched_cytoplasm_instance,2,2,458,22539,0.08599853515625,0.02032033364390612,3,crowded,212,0.5057373046875,True,high,middle
Cx22-Multi-Train.zip,Multi-Train,00230,208,Cx22-Multi-Train:000209,included,,largest_matched_cytoplasm_instance,4,2,334,15634,0.0596923828125,0.02136369451196111,1,not_crowded,176,0.5057373046875,True,middle,middle
Cx22-Multi-Train.zip,Multi-Train,00232,209,Cx22-Multi-Train:000210,included,,largest_matched_cytoplasm_instance,2,2,228,19502,0.0743408203125,0.011691108604245718,1,not_crowded,200,0.5057373046875,True,high,low
Cx22-Multi-Train.zip,Multi-Train,00233,210,Cx22-Multi-Train:000211,included,,largest_matched_cytoplasm_instance,2,1,329,11574,0.044189453125,0.02842578192500432,2,crowded,152,0.5057373046875,True,low,middle
Cx22-Multi-Train.zip,Multi-Train,00234,211,Cx22-Multi-Train:000212,included,,largest_matched_cytoplasm_instance,5,2,386,13685,0.05230712890625,0.028206065034709536,1,not_crowded,165,0.5057373046875,True,middle,middle
Cx22-Multi-Train.zip,Multi-Train,00235,212,Cx22-Multi-Train:000213,included,,largest_matched_cytoplasm_instance,6,4,97,6529,0.02471923828125,0.01485679277071527,1,not_crowded,114,0.5057373046875,True,low,low
Cx22-Multi-Train.zip,Multi-Train,00237,213,Cx22-Multi-Train:000214,included,,largest_matched_cytoplasm_instance,6,6,169,13685,0.0518798828125,0.012349287541103399,1,not_crowded,171,0.5057373046875,True,middle,low
Cx22-Multi-Train.zip,Multi-Train,00239,214,Cx22-Multi-Train:000215,included,,largest_matched_cytoplasm_instance,3,8,243,12345,0.0472412109375,0.01968408262454435,2,crowded,157,0.5057373046875,True,middle,middle
Cx22-Multi-Train.zip,Multi-Train,00239,215,Cx22-Multi-Train:000216,included,,largest_matched_cytoplasm_instance,3,1,367,11886,0.0455322265625,0.03087666161871109,1,not_crowded,154,0.5057373046875,True,middle,high
Cx22-Multi-Train.zip,Multi-Train,00241,216,Cx22-Multi-Train:000217,included,,largest_matched_cytoplasm_instance,10,10,82,4010,0.0152587890625,0.020448877805486283,1,not_crowded,90,0.5057373046875,True,low,middle
Cx22-Multi-Train.zip,Multi-Train,00241,217,Cx22-Multi-Train:000218,included,,largest_matched_cytoplasm_instance,4,9,268,7738,0.02935791015625,0.034634272421814424,1,not_crowded,124,0.5057373046875,True,low,high
Cx22-Multi-Train.zip,Multi-Train,00242,218,Cx22-Multi-Train:000219,included,,largest_matched_cytoplasm_instance,2,3,656,20161,0.077392578125,0.032538068548187096,1,not_crowded,200,0.5057373046875,True,high,high
Cx22-Multi-Train.zip,Multi-Train,00243,219,Cx22-Multi-Train:000220,included,,largest_matched_cytoplasm_instance,6,4,369,9696,0.036865234375,0.038056930693069306,2,crowded,139,0.5057373046875,True,low,high
Cx22-Multi-Train.zip,Multi-Train,00243,220,Cx22-Multi-Train:000221,included,,largest_matched_cytoplasm_instance,9,8,540,8427,0.032470703125,0.06407974368102527,3,crowded,136,0.5057373046875,True,low,high
Cx22-Multi-Train.zip,Multi-Train,00244,221,Cx22-Multi-Train:000222,included,,largest_matched_cytoplasm_instance,12,0,61,3620,0.01373291015625,0.01685082872928177,1,not_crowded,85,0.5057373046875,True,low,low
Cx22-Multi-Train.zip,Multi-Train,00245,222,Cx22-Multi-Train:000223,included,,largest_matched_cytoplasm_instance,3,13,307,11117,0.04241943359375,0.027615363857155708,2,crowded,149,0.5057373046875,True,low,middle
Cx22-Multi-Train.zip,Multi-Train,00245,223,Cx22-Multi-Train:000224,included,,largest_matched_cytoplasm_instance,0,2,133,14069,0.05377197265625,0.009453408202430876,2,crowded,167,0.5057373046875,True,middle,low
Cx22-Multi-Train.zip,Multi-Train,00246,224,Cx22-Multi-Train:000225,included,,largest_matched_cytoplasm_instance,1,2,309,6513,0.02471923828125,0.04744357438968217,1,not_crowded,123,0.5057373046875,True,low,high
Cx22-Multi-Train.zip,Multi-Train,00246,225,Cx22-Multi-Train:000226,included,,largest_matched_cytoplasm_instance,3,0,598,11339,0.043212890625,0.05273833671399594,1,not_crowded,150,0.5057373046875,True,low,high
Cx22-Multi-Train.zip,Multi-Train,00247,226,Cx22-Multi-Train:000227,included,,largest_matched_cytoplasm_instance,2,1,367,17404,0.06658935546875,0.021087106412319007,2,crowded,186,0.5057373046875,True,middle,middle
Cx22-Multi-Train.zip,Multi-Train,00247,227,Cx22-Multi-Train:000228,included,,largest_matched_cytoplasm_instance,0,2,158,7371,0.028564453125,0.021435354768688103,1,not_crowded,121,0.5057373046875,True,low,middle
Cx22-Multi-Train.zip,Multi-Train,00248,228,Cx22-Multi-Train:000229,included,,largest_matched_cytoplasm_instance,2,2,505,31281,0.11993408203125,0.016143985166714617,1,not_crowded,249,0.5057373046875,True,high,low
Cx22-Multi-Train.zip,Multi-Train,00249,229,Cx22-Multi-Train:000230,included,,largest_matched_cytoplasm_instance,1,2,211,10683,0.04107666015625,0.01975100627164654,2,crowded,146,0.5057373046875,True,low,middle
Cx22-Multi-Train.zip,Multi-Train,00250,230,Cx22-Multi-Train:000231,included,,largest_matched_cytoplasm_instance,0,2,305,9078,0.03466796875,0.033597708746419916,2,crowded,134,0.5057373046875,True,low,high
Cx22-Multi-Train.zip,Multi-Train,00251,231,Cx22-Multi-Train:000232,included,,largest_matched_cytoplasm_instance,1,3,241,4224,0.01617431640625,0.05705492424242424,2,crowded,92,0.5057373046875,True,low,high
Cx22-Multi-Train.zip,Multi-Train,00251,232,Cx22-Multi-Train:000233,included,,largest_matched_cytoplasm_instance,4,3,329,9100,0.03448486328125,0.036153846153846154,1,not_crowded,135,0.5057373046875,True,low,high
Cx22-Multi-Train.zip,Multi-Train,00252,233,Cx22-Multi-Train:000234,included,,largest_matched_cytoplasm_instance,4,3,556,21510,0.081787109375,0.02584844258484426,2,crowded,207,0.5057373046875,True,high,middle
Cx22-Multi-Train.zip,Multi-Train,00253,234,Cx22-Multi-Train:000235,included,,largest_matched_cytoplasm_instance,13,8,134,4808,0.01812744140625,0.027870216306156406,3,crowded,98,0.5057373046875,True,low,middle
Cx22-Multi-Train.zip,Multi-Train,00253,235,Cx22-Multi-Train:000236,included,,largest_matched_cytoplasm_instance,10,0,384,11426,0.04351806640625,0.033607561701382814,2,crowded,155,0.5057373046875,True,low,high
Cx22-Multi-Train.zip,Multi-Train,00254,236,Cx22-Multi-Train:000237,included,,largest_matched_cytoplasm_instance,0,7,189,8221,0.03118896484375,0.022989903904634474,1,not_crowded,128,0.5057373046875,True,low,middle
Cx22-Multi-Train.zip,Multi-Train,00255,237,Cx22-Multi-Train:000238,included,,largest_matched_cytoplasm_instance,8,4,48,5250,0.02020263671875,0.009142857142857144,1,not_crowded,102,0.5057373046875,True,low,low
Cx22-Multi-Train.zip,Multi-Train,00256,238,Cx22-Multi-Train:000239,included,,largest_matched_cytoplasm_instance,2,2,290,8359,0.031982421875,0.0346931451130518,1,not_crowded,136,0.5057373046875,True,low,high
Cx22-Multi-Train.zip,Multi-Train,00257,239,Cx22-Multi-Train:000240,included,,largest_matched_cytoplasm_instance,11,12,81,3648,0.0140380859375,0.022203947368421052,2,crowded,86,0.5057373046875,True,low,middle
Cx22-Multi-Train.zip,Multi-Train,00257,240,Cx22-Multi-Train:000241,included,,largest_matched_cytoplasm_instance,6,7,220,11171,0.0423583984375,0.019693850147703876,1,not_crowded,149,0.5057373046875,True,low,middle
Cx22-Multi-Train.zip,Multi-Train,00258,241,Cx22-Multi-Train:000242,included,,largest_matched_cytoplasm_instance,1,1,237,13645,0.05181884765625,0.017368999633565408,2,crowded,165,0.5057373046875,True,middle,low
Cx22-Multi-Train.zip,Multi-Train,00259,242,Cx22-Multi-Train:000243,included,,largest_matched_cytoplasm_instance,13,9,208,5845,0.0220947265625,0.03558597091531223,2,crowded,123,0.5057373046875,True,low,high
Cx22-Multi-Train.zip,Multi-Train,00259,243,Cx22-Multi-Train:000244,included,,largest_matched_cytoplasm_instance,3,3,116,7170,0.02716064453125,0.016178521617852163,1,not_crowded,120,0.5057373046875,True,low,low
Cx22-Multi-Train.zip,Multi-Train,00260,244,Cx22-Multi-Train:000245,included,,largest_matched_cytoplasm_instance,3,4,230,14668,0.05609130859375,0.015680392691573494,2,crowded,171,0.5057373046875,True,middle,low
Cx22-Multi-Train.zip,Multi-Train,00261,245,Cx22-Multi-Train:000246,included,,largest_matched_cytoplasm_instance,7,5,90,8643,0.0330810546875,0.010413051023950017,2,crowded,131,0.5057373046875,True,low,low
Cx22-Multi-Train.zip,Multi-Train,00262,246,Cx22-Multi-Train:000247,included,,largest_matched_cytoplasm_instance,4,4,186,18208,0.06951904296875,0.010215289982425307,2,crowded,190,0.5057373046875,True,high,low
Cx22-Multi-Train.zip,Multi-Train,00263,247,Cx22-Multi-Train:000248,included,,largest_matched_cytoplasm_instance,0,1,125,10147,0.03863525390625,0.012318911993692717,3,crowded,142,0.5057373046875,True,low,low
Cx22-Multi-Train.zip,Multi-Train,00265,248,Cx22-Multi-Train:000249,included,,largest_matched_cytoplasm_instance,1,1,837,29569,0.11260986328125,0.028306672528661776,3,crowded,242,0.5057373046875,True,high,middle
Cx22-Multi-Train.zip,Multi-Train,00268,249,Cx22-Multi-Train:000250,included,,largest_matched_cytoplasm_instance,11,10,309,11208,0.0433349609375,0.027569593147751606,1,not_crowded,149,0.5057373046875,True,low,middle
Cx22-Multi-Train.zip,Multi-Train,00269,250,Cx22-Multi-Train:000251,included,,largest_matched_cytoplasm_instance,0,0,112,8443,0.03216552734375,0.013265426980930948,1,not_crowded,130,0.5057373046875,True,low,low
Cx22-Multi-Train.zip,Multi-Train,00269,251,Cx22-Multi-Train:000252,included,,largest_matched_cytoplasm_instance,6,5,110,6106,0.02325439453125,0.018015067147068457,2,crowded,110,0.5057373046875,True,low,middle
Cx22-Multi-Train.zip,Multi-Train,00270,252,Cx22-Multi-Train:000253,included,,largest_matched_cytoplasm_instance,6,6,344,5354,0.0201416015625,0.06425102726933134,1,not_crowded,103,0.5057373046875,True,low,high
Cx22-Multi-Train.zip,Multi-Train,00270,253,Cx22-Multi-Train:000254,included,,largest_matched_cytoplasm_instance,4,4,173,8122,0.03118896484375,0.02130017237133711,2,crowded,127,0.5057373046875,True,low,middle
Cx22-Multi-Train.zip,Multi-Train,00271,254,Cx22-Multi-Train:000255,included,,largest_matched_cytoplasm_instance,6,6,281,9069,0.0345458984375,0.030984673062079613,2,crowded,134,0.5057373046875,True,low,high
Cx22-Multi-Train.zip,Multi-Train,00271,255,Cx22-Multi-Train:000256,included,,largest_matched_cytoplasm_instance,2,8,655,16265,0.06201171875,0.040270519520442666,3,crowded,180,0.5057373046875,True,middle,high
Cx22-Multi-Train.zip,Multi-Train,00273,256,Cx22-Multi-Train:000257,included,,largest_matched_cytoplasm_instance,0,2,171,7841,0.030029296875,0.021808442800663182,1,not_crowded,125,0.5057373046875,True,low,middle
Cx22-Multi-Train.zip,Multi-Train,00273,257,Cx22-Multi-Train:000258,included,,largest_matched_cytoplasm_instance,3,1,194,9545,0.0364990234375,0.020324777370350967,1,not_crowded,138,0.5057373046875,True,low,middle
Cx22-Multi-Train.zip,Multi-Train,00274,258,Cx22-Multi-Train:000259,included,,largest_matched_cytoplasm_instance,1,0,243,9856,0.0374755859375,0.024655032467532468,2,crowded,151,0.5057373046875,True,low,middle
Cx22-Multi-Train.zip,Multi-Train,00276,259,Cx22-Multi-Train:000260,included,,largest_matched_cytoplasm_instance,6,6,186,5498,0.021240234375,0.03383048381229538,1,not_crowded,105,0.5057373046875,True,low,high
Cx22-Multi-Train.zip,Multi-Train,00279,260,Cx22-Multi-Train:000261,included,,largest_matched_cytoplasm_instance,7,7,221,6289,0.02423095703125,0.03514072189537287,1,not_crowded,112,0.5057373046875,True,low,high
Cx22-Multi-Train.zip,Multi-Train,00280,261,Cx22-Multi-Train:000262,included,,largest_matched_cytoplasm_instance,3,4,201,9125,0.03466796875,0.022027397260273973,1,not_crowded,135,0.5057373046875,True,low,middle
Cx22-Multi-Train.zip,Multi-Train,00280,262,Cx22-Multi-Train:000263,included,,largest_matched_cytoplasm_instance,7,4,78,9667,0.03692626953125,0.008068687286645289,3,crowded,139,0.5057373046875,True,low,low
Cx22-Multi-Train.zip,Multi-Train,00281,263,Cx22-Multi-Train:000264,included,,largest_matched_cytoplasm_instance,2,9,152,14997,0.05743408203125,0.010135360405414417,2,crowded,173,0.5057373046875,True,middle,low
Cx22-Multi-Train.zip,Multi-Train,00282,264,Cx22-Multi-Train:000265,included,,largest_matched_cytoplasm_instance,3,4,626,12690,0.0484619140625,0.049330181245074864,1,not_crowded,159,0.5057373046875,True,middle,high
Cx22-Multi-Train.zip,Multi-Train,00284,265,Cx22-Multi-Train:000266,included,,largest_matched_cytoplasm_instance,2,8,275,8749,0.033447265625,0.03143216367584867,2,crowded,132,0.5057373046875,True,low,high
Cx22-Multi-Train.zip,Multi-Train,00287,266,Cx22-Multi-Train:000267,included,,largest_matched_cytoplasm_instance,10,10,49,6368,0.0244140625,0.007694723618090453,1,not_crowded,113,0.5057373046875,True,low,low
Cx22-Multi-Train.zip,Multi-Train,00289,267,Cx22-Multi-Train:000268,included,,largest_matched_cytoplasm_instance,7,6,211,7491,0.0286865234375,0.02816713389400614,1,not_crowded,127,0.5057373046875,True,low,middle
Cx22-Multi-Train.zip,Multi-Train,00291,268,Cx22-Multi-Train:000269,included,,largest_matched_cytoplasm_instance,10,10,44,1813,0.00701904296875,0.024269167126309985,2,crowded,60,0.5057373046875,True,low,middle
Cx22-Multi-Train.zip,Multi-Train,00292,269,Cx22-Multi-Train:000270,included,,largest_matched_cytoplasm_instance,4,4,259,15390,0.0584716796875,0.01682910981156595,4,crowded,175,0.5057373046875,True,middle,low
Cx22-Multi-Train.zip,Multi-Train,00294,270,Cx22-Multi-Train:000271,included,,largest_matched_cytoplasm_instance,7,7,124,7667,0.029052734375,0.01617320986044085,3,crowded,124,0.5057373046875,True,low,low
Cx22-Multi-Train.zip,Multi-Train,00295,271,Cx22-Multi-Train:000272,included,,largest_matched_cytoplasm_instance,5,3,67,7945,0.03057861328125,0.00843297671491504,2,crowded,126,0.5057373046875,True,low,low
Cx22-Multi-Train.zip,Multi-Train,00295,272,Cx22-Multi-Train:000273,included,,largest_matched_cytoplasm_instance,4,6,100,6934,0.02606201171875,0.01442169022209403,1,not_crowded,118,0.5057373046875,True,low,low
Cx22-Multi-Train.zip,Multi-Train,00297,273,Cx22-Multi-Train:000274,included,,largest_matched_cytoplasm_instance,6,4,493,13573,0.05194091796875,0.03632211007146541,2,crowded,164,0.5057373046875,True,middle,high
Cx22-Multi-Train.zip,Multi-Train,00298,274,Cx22-Multi-Train:000275,included,,largest_matched_cytoplasm_instance,10,2,241,11290,0.04296875,0.021346324180690875,1,not_crowded,150,0.5057373046875,True,low,middle
Cx22-Multi-Train.zip,Multi-Train,00305,275,Cx22-Multi-Train:000276,included,,largest_matched_cytoplasm_instance,2,2,312,14582,0.0557861328125,0.021396241942120423,2,crowded,170,0.5057373046875,True,middle,middle
Cx22-Multi-Train.zip,Multi-Train,00311,276,Cx22-Multi-Train:000277,included,,largest_matched_cytoplasm_instance,0,1,225,8434,0.03204345703125,0.02667773298553474,1,not_crowded,130,0.5057373046875,True,low,middle
Cx22-Multi-Train.zip,Multi-Train,00324,277,Cx22-Multi-Train:000278,included,,largest_matched_cytoplasm_instance,1,2,191,13980,0.05377197265625,0.013662374821173105,2,crowded,167,0.5057373046875,True,middle,low
Cx22-Multi-Train.zip,Multi-Train,00326,278,Cx22-Multi-Train:000279,included,,largest_matched_cytoplasm_instance,2,4,333,10475,0.0401611328125,0.03178997613365155,1,not_crowded,144,0.5057373046875,True,low,high
Cx22-Multi-Train.zip,Multi-Train,00329,279,Cx22-Multi-Train:000280,included,,largest_matched_cytoplasm_instance,0,1,127,8460,0.03216552734375,0.015011820330969268,1,not_crowded,130,0.5057373046875,True,low,low
Cx22-Multi-Train.zip,Multi-Train,00334,280,Cx22-Multi-Train:000281,included,,largest_matched_cytoplasm_instance,0,0,254,14370,0.05462646484375,0.01767571329157968,1,not_crowded,169,0.5057373046875,True,middle,low
Cx22-Multi-Train.zip,Multi-Train,00339,281,Cx22-Multi-Train:000282,included,,largest_matched_cytoplasm_instance,4,2,251,3429,0.0130615234375,0.07319918343540391,1,not_crowded,83,0.5057373046875,True,low,high
Cx22-Multi-Train.zip,Multi-Train,00342,282,Cx22-Multi-Train:000283,included,,largest_matched_cytoplasm_instance,12,11,30,3227,0.01214599609375,0.009296560272699102,1,not_crowded,81,0.5057373046875,True,low,low
Cx22-Multi-Train.zip,Multi-Train,00344,283,Cx22-Multi-Train:000284,included,,largest_matched_cytoplasm_instance,2,2,122,5422,0.0208740234375,0.02250092216894135,2,crowded,104,0.5057373046875,True,low,middle
Cx22-Multi-Train.zip,Multi-Train,00346,284,Cx22-Multi-Train:000285,included,,largest_matched_cytoplasm_instance,7,1,40,3905,0.01483154296875,0.010243277848911651,1,not_crowded,88,0.5057373046875,True,low,low
Cx22-Multi-Train.zip,Multi-Train,00347,285,Cx22-Multi-Train:000286,included,,largest_matched_cytoplasm_instance,10,18,67,4686,0.01776123046875,0.014297908664105847,1,not_crowded,97,0.5057373046875,True,low,low
Cx22-Multi-Train.zip,Multi-Train,00348,286,Cx22-Multi-Train:000287,included,,largest_matched_cytoplasm_instance,1,6,119,7191,0.0272216796875,0.016548463356973995,1,not_crowded,120,0.5057373046875,True,low,low
Cx22-Multi-Train.zip,Multi-Train,00350,287,Cx22-Multi-Train:000288,included,,largest_matched_cytoplasm_instance,13,4,524,8810,0.03375244140625,0.05947786606129398,1,not_crowded,132,0.5057373046875,True,low,high
Cx22-Multi-Train.zip,Multi-Train,00350,288,Cx22-Multi-Train:000289,included,,largest_matched_cytoplasm_instance,2,2,581,17685,0.0675048828125,0.03285270002827255,1,not_crowded,187,0.5057373046875,True,middle,high
Cx22-Multi-Train.zip,Multi-Train,00359,289,Cx22-Multi-Train:000290,included,,largest_matched_cytoplasm_instance,7,7,541,22660,0.0859375,0.02387466902030009,2,crowded,229,0.5057373046875,True,high,middle
Cx22-Multi-Train.zip,Multi-Train,00361,290,Cx22-Multi-Train:000291,included,,largest_matched_cytoplasm_instance,1,2,360,12995,0.049560546875,0.02770296267795306,2,crowded,161,0.5057373046875,True,middle,middle
Cx22-Multi-Train.zip,Multi-Train,00363,291,Cx22-Multi-Train:000292,included,,largest_matched_cytoplasm_instance,6,5,98,9310,0.035400390625,0.010526315789473684,1,not_crowded,136,0.5057373046875,True,low,low
Cx22-Multi-Train.zip,Multi-Train,00366,292,Cx22-Multi-Train:000293,included,,largest_matched_cytoplasm_instance,2,10,65,1811,0.00677490234375,0.03589177250138045,2,crowded,60,0.5057373046875,True,low,high
Cx22-Multi-Train.zip,Multi-Train,00367,293,Cx22-Multi-Train:000294,included,,largest_matched_cytoplasm_instance,12,0,66,4263,0.01605224609375,0.015482054890921885,1,not_crowded,92,0.5057373046875,True,low,low
Cx22-Multi-Train.zip,Multi-Train,00368,294,Cx22-Multi-Train:000295,included,,largest_matched_cytoplasm_instance,30,29,21,2226,0.00860595703125,0.009433962264150943,3,crowded,67,0.5057373046875,True,low,low
Cx22-Multi-Train.zip,Multi-Train,00370,295,Cx22-Multi-Train:000296,included,,largest_matched_cytoplasm_instance,5,17,107,6167,0.0234375,0.01735041349116264,4,crowded,111,0.5057373046875,True,low,low
Cx22-Multi-Train.zip,Multi-Train,00371,296,Cx22-Multi-Train:000297,included,,largest_matched_cytoplasm_instance,0,8,29,5810,0.02203369140625,0.0049913941480206545,2,crowded,108,0.5057373046875,True,low,low
Cx22-Multi-Train.zip,Multi-Train,00372,297,Cx22-Multi-Train:000298,included,,largest_matched_cytoplasm_instance,2,5,276,17268,0.06597900390625,0.015983321751216122,1,not_crowded,185,0.5057373046875,True,middle,low
Cx22-Multi-Train.zip,Multi-Train,00374,298,Cx22-Multi-Train:000299,included,,largest_matched_cytoplasm_instance,13,8,30,2253,0.00848388671875,0.013315579227696404,1,not_crowded,67,0.5057373046875,True,low,low
Cx22-Multi-Train.zip,Multi-Train,00375,299,Cx22-Multi-Train:000300,included,,largest_matched_cytoplasm_instance,5,7,119,8421,0.03204345703125,0.014131338320864505,1,not_crowded,130,0.5057373046875,True,low,low
Cx22-Multi-Train.zip,Multi-Train,00376,300,Cx22-Multi-Train:000301,included,,largest_matched_cytoplasm_instance,23,19,89,6996,0.02691650390625,0.012721555174385363,2,crowded,118,0.5057373046875,True,low,low
Cx22-Multi-Train.zip,Multi-Train,00379,301,Cx22-Multi-Train:000302,included,,largest_matched_cytoplasm_instance,6,6,334,9021,0.03448486328125,0.03702472009755016,3,crowded,134,0.5057373046875,True,low,high
Cx22-Multi-Train.zip,Multi-Train,00380,302,Cx22-Multi-Train:000303,included,,largest_matched_cytoplasm_instance,19,17,48,2741,0.01055908203125,0.017511856986501276,1,not_crowded,74,0.5057373046875,True,low,low
Cx22-Multi-Train.zip,Multi-Train,00381,303,Cx22-Multi-Train:000304,included,,largest_matched_cytoplasm_instance,35,31,34,2233,0.00860595703125,0.01522615315718764,3,crowded,67,0.5057373046875,True,low,low
Cx22-Multi-Train.zip,Multi-Train,00383,304,Cx22-Multi-Train:000305,included,,largest_matched_cytoplasm_instance,4,2,235,10222,0.038818359375,0.022989630209352376,3,crowded,143,0.5057373046875,True,low,middle
Cx22-Multi-Train.zip,Multi-Train,00384,305,Cx22-Multi-Train:000306,included,,largest_matched_cytoplasm_instance,0,0,70,4486,0.01715087890625,0.01560410164957646,1,not_crowded,95,0.5057373046875,True,low,low
Cx22-Multi-Train.zip,Multi-Train,00385,306,Cx22-Multi-Train:000307,included,,largest_matched_cytoplasm_instance,3,2,185,13047,0.0496826171875,0.014179504867019238,2,crowded,161,0.5057373046875,True,middle,low
Cx22-Multi-Train.zip,Multi-Train,00385,307,Cx22-Multi-Train:000308,included,,largest_matched_cytoplasm_instance,8,7,303,14209,0.05401611328125,0.02132451263283834,4,crowded,168,0.5057373046875,True,middle,middle
Cx22-Multi-Train.zip,Multi-Train,00386,308,Cx22-Multi-Train:000309,included,,largest_matched_cytoplasm_instance,20,4,285,9734,0.037109375,0.029278816519416478,6,crowded,139,0.5057373046875,True,low,high
Cx22-Multi-Train.zip,Multi-Train,00386,309,Cx22-Multi-Train:000310,included,,largest_matched_cytoplasm_instance,1,4,258,7350,0.0279541015625,0.03510204081632653,4,crowded,121,0.5057373046875,True,low,high
Cx22-Multi-Train.zip,Multi-Train,00387,310,Cx22-Multi-Train:000311,included,,largest_matched_cytoplasm_instance,24,20,71,9711,0.037109375,0.007311296467922974,5,crowded,139,0.5057373046875,True,low,low
Cx22-Multi-Train.zip,Multi-Train,00387,311,Cx22-Multi-Train:000312,included,,largest_matched_cytoplasm_instance,12,6,194,10338,0.03948974609375,0.0187657187076804,3,crowded,143,0.5057373046875,True,low,middle
Cx22-Multi-Train.zip,Multi-Train,00387,312,Cx22-Multi-Train:000313,included,,largest_matched_cytoplasm_instance,2,5,196,11584,0.04425048828125,0.01691988950276243,2,crowded,152,0.5057373046875,True,low,low
Cx22-Multi-Train.zip,Multi-Train,00388,313,Cx22-Multi-Train:000314,included,,largest_matched_cytoplasm_instance,2,5,353,13706,0.05224609375,0.025755143732671824,1,not_crowded,165,0.5057373046875,True,middle,middle
Cx22-Multi-Train.zip,Multi-Train,00388,314,Cx22-Multi-Train:000315,included,,largest_matched_cytoplasm_instance,5,5,153,7652,0.02911376953125,0.019994772608468374,1,not_crowded,124,0.5057373046875,True,low,middle
Cx22-Multi-Train.zip,Multi-Train,00389,315,Cx22-Multi-Train:000316,included,,largest_matched_cytoplasm_instance,19,1,136,5147,0.019775390625,0.026423159121818536,2,crowded,101,0.5057373046875,True,low,middle
Cx22-Multi-Train.zip,Multi-Train,00389,316,Cx22-Multi-Train:000317,included,,largest_matched_cytoplasm_instance,4,2,89,7758,0.02923583984375,0.011472028873420985,1,not_crowded,124,0.5057373046875,True,low,low
Cx22-Multi-Train.zip,Multi-Train,00390,317,Cx22-Multi-Train:000318,included,,largest_matched_cytoplasm_instance,3,0,500,16310,0.0623779296875,0.030656039239730228,2,crowded,180,0.5057373046875,True,middle,high
Cx22-Multi-Train.zip,Multi-Train,00392,318,Cx22-Multi-Train:000319,included,,largest_matched_cytoplasm_instance,3,2,231,10939,0.04180908203125,0.021117103940031082,2,crowded,148,0.5057373046875,True,low,middle
Cx22-Multi-Train.zip,Multi-Train,00395,319,Cx22-Multi-Train:000320,included,,largest_matched_cytoplasm_instance,3,1,36,3321,0.012939453125,0.01084010840108401,1,not_crowded,82,0.5057373046875,True,low,low
Cx22-Multi-Train.zip,Multi-Train,00396,320,Cx22-Multi-Train:000321,included,,largest_matched_cytoplasm_instance,0,3,207,13356,0.05096435546875,0.01549865229110512,1,not_crowded,163,0.5057373046875,True,middle,low
Cx22-Multi-Train.zip,Multi-Train,00397,321,Cx22-Multi-Train:000322,included,,largest_matched_cytoplasm_instance,2,1,163,6741,0.02593994140625,0.024180388666369974,1,not_crowded,116,0.5057373046875,True,low,middle
Cx22-Multi-Train.zip,Multi-Train,00398,322,Cx22-Multi-Train:000323,included,,largest_matched_cytoplasm_instance,6,2,181,7358,0.0279541015625,0.024599075835824952,2,crowded,121,0.5057373046875,True,low,middle
Cx22-Multi-Train.zip,Multi-Train,00402,323,Cx22-Multi-Train:000324,included,,largest_matched_cytoplasm_instance,16,4,60,1885,0.00701904296875,0.03183023872679045,1,not_crowded,62,0.5057373046875,True,low,high
Cx22-Multi-Train.zip,Multi-Train,00403,324,Cx22-Multi-Train:000325,included,,largest_matched_cytoplasm_instance,1,7,111,10724,0.040771484375,0.010350615441999254,3,crowded,146,0.5057373046875,True,low,low
Cx22-Multi-Train.zip,Multi-Train,00404,325,Cx22-Multi-Train:000326,included,,largest_matched_cytoplasm_instance,15,9,80,3697,0.01397705078125,0.021639166892074655,1,not_crowded,86,0.5057373046875,True,low,middle
Cx22-Multi-Train.zip,Multi-Train,00405,326,Cx22-Multi-Train:000327,included,,largest_matched_cytoplasm_instance,20,9,161,11202,0.04302978515625,0.014372433494018925,3,crowded,149,0.5057373046875,True,low,low
Cx22-Multi-Train.zip,Multi-Train,00406,327,Cx22-Multi-Train:000328,included,,largest_matched_cytoplasm_instance,7,21,134,6001,0.0228271484375,0.022329611731378103,1,not_crowded,109,0.5057373046875,True,low,middle
Cx22-Multi-Train.zip,Multi-Train,00406,328,Cx22-Multi-Train:000329,included,,largest_matched_cytoplasm_instance,13,0,269,10657,0.0404052734375,0.025241625222858215,2,crowded,146,0.5057373046875,True,low,middle
Cx22-Multi-Train.zip,Multi-Train,00406,329,Cx22-Multi-Train:000330,included,,largest_matched_cytoplasm_instance,12,19,121,7186,0.0277099609375,0.016838296688004455,2,crowded,120,0.5057373046875,True,low,low
Cx22-Multi-Train.zip,Multi-Train,00407,330,Cx22-Multi-Train:000331,included,,largest_matched_cytoplasm_instance,6,15,117,6441,0.0244140625,0.018164881229622728,3,crowded,113,0.5057373046875,True,low,middle
Cx22-Multi-Train.zip,Multi-Train,00407,331,Cx22-Multi-Train:000332,included,,largest_matched_cytoplasm_instance,9,7,116,4384,0.0167236328125,0.02645985401459854,1,not_crowded,100,0.5057373046875,True,low,middle
Cx22-Multi-Train.zip,Multi-Train,00408,332,Cx22-Multi-Train:000333,included,,largest_matched_cytoplasm_instance,3,3,67,6365,0.02435302734375,0.010526315789473684,1,not_crowded,113,0.5057373046875,True,low,low
Cx22-Multi-Train.zip,Multi-Train,00409,333,Cx22-Multi-Train:000334,included,,largest_matched_cytoplasm_instance,14,17,147,10863,0.04150390625,0.013532173432753383,4,crowded,147,0.5057373046875,True,low,low
Cx22-Multi-Train.zip,Multi-Train,00410,334,Cx22-Multi-Train:000335,included,,largest_matched_cytoplasm_instance,20,24,24,2033,0.0076904296875,0.011805213969503197,2,crowded,64,0.5057373046875,True,low,low
Cx22-Multi-Train.zip,Multi-Train,00411,335,Cx22-Multi-Train:000336,included,,largest_matched_cytoplasm_instance,3,1,158,5902,0.0220947265625,0.02677058624195188,2,crowded,109,0.5057373046875,True,low,middle
Cx22-Multi-Train.zip,Multi-Train,00411,336,Cx22-Multi-Train:000337,included,,largest_matched_cytoplasm_instance,1,1,137,7453,0.0281982421875,0.01838185965383067,1,not_crowded,122,0.5057373046875,True,low,middle
Cx22-Multi-Train.zip,Multi-Train,00412,337,Cx22-Multi-Train:000338,included,,largest_matched_cytoplasm_instance,11,19,130,4870,0.0185546875,0.026694045174537988,3,crowded,119,0.5057373046875,True,low,middle
Cx22-Multi-Train.zip,Multi-Train,00412,338,Cx22-Multi-Train:000339,included,,largest_matched_cytoplasm_instance,7,8,433,12124,0.04669189453125,0.03571428571428571,2,crowded,155,0.5057373046875,True,middle,high
Cx22-Multi-Train.zip,Multi-Train,00412,339,Cx22-Multi-Train:000340,included,,largest_matched_cytoplasm_instance,7,4,200,9960,0.037841796875,0.020080321285140562,2,crowded,141,0.5057373046875,True,low,middle
Cx22-Multi-Train.zip,Multi-Train,00413,340,Cx22-Multi-Train:000341,included,,largest_matched_cytoplasm_instance,27,8,71,2577,0.00982666015625,0.027551416375630577,3,crowded,72,0.5057373046875,True,low,middle
Cx22-Multi-Train.zip,Multi-Train,00416,341,Cx22-Multi-Train:000342,included,,largest_matched_cytoplasm_instance,12,3,480,7817,0.03009033203125,0.06140463093258283,1,not_crowded,125,0.5057373046875,True,low,high
Cx22-Multi-Train.zip,Multi-Train,00417,342,Cx22-Multi-Train:000343,included,,largest_matched_cytoplasm_instance,1,1,139,5951,0.0225830078125,0.023357418921189716,2,crowded,109,0.5057373046875,True,low,middle
Cx22-Multi-Train.zip,Multi-Train,00419,343,Cx22-Multi-Train:000344,included,,largest_matched_cytoplasm_instance,1,12,82,2814,0.01068115234375,0.02914001421464108,1,not_crowded,75,0.5057373046875,True,low,middle
Cx22-Multi-Train.zip,Multi-Train,00420,344,Cx22-Multi-Train:000345,included,,largest_matched_cytoplasm_instance,5,6,731,9282,0.03558349609375,0.07875457875457875,2,crowded,136,0.5057373046875,True,low,high
Cx22-Multi-Train.zip,Multi-Train,00421,345,Cx22-Multi-Train:000346,included,,largest_matched_cytoplasm_instance,20,19,48,2698,0.01025390625,0.017790956263899184,3,crowded,74,0.5057373046875,True,low,middle
Cx22-Multi-Train.zip,Multi-Train,00422,346,Cx22-Multi-Train:000347,included,,largest_matched_cytoplasm_instance,7,9,138,7566,0.02838134765625,0.01823949246629659,1,not_crowded,123,0.5057373046875,True,low,middle
Cx22-Multi-Train.zip,Multi-Train,00423,347,Cx22-Multi-Train:000348,included,,largest_matched_cytoplasm_instance,10,17,42,2768,0.010498046875,0.015173410404624277,1,not_crowded,74,0.5057373046875,True,low,low
Cx22-Multi-Train.zip,Multi-Train,00424,348,Cx22-Multi-Train:000349,included,,largest_matched_cytoplasm_instance,15,9,61,6652,0.0252685546875,0.009170174383644017,2,crowded,115,0.5057373046875,True,low,low
Cx22-Multi-Train.zip,Multi-Train,00424,349,Cx22-Multi-Train:000350,included,,largest_matched_cytoplasm_instance,1,2,80,8291,0.031494140625,0.009649017006392474,2,crowded,129,0.5057373046875,True,low,low
Cx22-Multi-Train.zip,Multi-Train,00425,350,Cx22-Multi-Train:000351,included,,largest_matched_cytoplasm_instance,10,10,103,10089,0.03851318359375,0.010209138665873724,2,crowded,142,0.5057373046875,True,low,low
Cx22-Multi-Train.zip,Multi-Train,00425,351,Cx22-Multi-Train:000352,included,,largest_matched_cytoplasm_instance,7,4,109,4458,0.0172119140625,0.024450426200089727,1,not_crowded,94,0.5057373046875,True,low,middle
Cx22-Multi-Train.zip,Multi-Train,00426,352,Cx22-Multi-Train:000353,included,,largest_matched_cytoplasm_instance,21,18,21,1831,0.00701904296875,0.011469142545057346,1,not_crowded,61,0.5057373046875,True,low,low
Cx22-Multi-Train.zip,Multi-Train,00427,353,Cx22-Multi-Train:000354,included,,largest_matched_cytoplasm_instance,3,2,231,6904,0.02587890625,0.03345886442641947,1,not_crowded,117,0.5057373046875,True,low,high
Cx22-Multi-Train.zip,Multi-Train,00428,354,Cx22-Multi-Train:000355,included,,largest_matched_cytoplasm_instance,5,1,101,2937,0.0111083984375,0.03438883214164113,1,not_crowded,77,0.5057373046875,True,low,high
Cx22-Multi-Train.zip,Multi-Train,00429,355,Cx22-Multi-Train:000356,included,,largest_matched_cytoplasm_instance,5,0,284,7506,0.02850341796875,0.03783639754862776,2,crowded,122,0.5057373046875,True,low,high
Cx22-Multi-Train.zip,Multi-Train,00430,356,Cx22-Multi-Train:000357,included,,largest_matched_cytoplasm_instance,4,5,144,7302,0.02764892578125,0.01972062448644207,1,not_crowded,121,0.5057373046875,True,low,middle
Cx22-Multi-Train.zip,Multi-Train,00431,357,Cx22-Multi-Train:000358,included,,largest_matched_cytoplasm_instance,4,9,292,17747,0.06793212890625,0.016453485096072577,1,not_crowded,188,0.5057373046875,True,middle,low
Cx22-Multi-Train.zip,Multi-Train,00435,358,Cx22-Multi-Train:000359,included,,largest_matched_cytoplasm_instance,0,0,417,15477,0.05926513671875,0.02694320604768366,1,not_crowded,175,0.5057373046875,True,middle,middle
Cx22-Multi-Train.zip,Multi-Train,00435,359,Cx22-Multi-Train:000360,included,,largest_matched_cytoplasm_instance,8,5,72,7987,0.03070068359375,0.009014648804307,1,not_crowded,133,0.5057373046875,True,low,low
Cx22-Multi-Train.zip,Multi-Train,00436,360,Cx22-Multi-Train:000361,included,,largest_matched_cytoplasm_instance,2,2,73,9751,0.037353515625,0.007486411650087171,3,crowded,139,0.5057373046875,True,low,low
Cx22-Multi-Train.zip,Multi-Train,00440,361,Cx22-Multi-Train:000362,included,,largest_matched_cytoplasm_instance,3,3,284,10017,0.0380859375,0.028351801936707596,2,crowded,141,0.5057373046875,True,low,middle
Cx22-Multi-Train.zip,Multi-Train,00441,362,Cx22-Multi-Train:000363,included,,largest_matched_cytoplasm_instance,4,4,423,11688,0.04461669921875,0.036190965092402466,2,crowded,194,0.5057373046875,True,middle,high
Cx22-Multi-Train.zip,Multi-Train,00442,363,Cx22-Multi-Train:000364,included,,largest_matched_cytoplasm_instance,5,5,116,5624,0.0211181640625,0.020625889046941678,1,not_crowded,106,0.5057373046875,True,low,middle
Cx22-Multi-Train.zip,Multi-Train,00443,364,Cx22-Multi-Train:000365,included,,largest_matched_cytoplasm_instance,5,5,39,2871,0.0108642578125,0.013584117032392894,1,not_crowded,76,0.5057373046875,True,low,low
Cx22-Multi-Train.zip,Multi-Train,00445,365,Cx22-Multi-Train:000366,included,,largest_matched_cytoplasm_instance,6,6,186,15895,0.060546875,0.011701793016671909,2,crowded,178,0.5057373046875,True,middle,low
Cx22-Multi-Train.zip,Multi-Train,00446,366,Cx22-Multi-Train:000367,included,,largest_matched_cytoplasm_instance,0,0,440,14316,0.0546875,0.03073484213467449,1,not_crowded,169,0.5057373046875,True,middle,high
Cx22-Multi-Train.zip,Multi-Train,00447,367,Cx22-Multi-Train:000368,included,,largest_matched_cytoplasm_instance,1,1,638,18014,0.06768798828125,0.035416897968246916,1,not_crowded,189,0.5057373046875,True,middle,high
Cx22-Multi-Train.zip,Multi-Train,00447,368,Cx22-Multi-Train:000369,included,,largest_matched_cytoplasm_instance,3,3,728,21075,0.08056640625,0.03454329774614472,2,crowded,212,0.5057373046875,True,high,high
Cx22-Multi-Train.zip,Multi-Train,00448,369,Cx22-Multi-Train:000370,included,,largest_matched_cytoplasm_instance,4,2,288,18807,0.07159423828125,0.015313447120752912,2,crowded,193,0.5057373046875,True,high,low
Cx22-Multi-Train.zip,Multi-Train,00450,370,Cx22-Multi-Train:000371,included,,largest_matched_cytoplasm_instance,1,4,136,8756,0.033203125,0.015532206486980357,3,crowded,132,0.5057373046875,True,low,low
Cx22-Multi-Train.zip,Multi-Train,00452,371,Cx22-Multi-Train:000372,included,,largest_matched_cytoplasm_instance,1,1,513,14392,0.0545654296875,0.03564480266814897,3,crowded,169,0.5057373046875,True,middle,high
Cx22-Multi-Train.zip,Multi-Train,00454,372,Cx22-Multi-Train:000373,included,,largest_matched_cytoplasm_instance,1,2,243,16083,0.06109619140625,0.01510912143256855,3,crowded,179,0.5057373046875,True,middle,low
Cx22-Multi-Train.zip,Multi-Train,00455,373,Cx22-Multi-Train:000374,included,,largest_matched_cytoplasm_instance,2,2,83,6125,0.0234375,0.013551020408163266,1,not_crowded,111,0.5057373046875,True,low,low
Cx22-Multi-Train.zip,Multi-Train,00456,374,Cx22-Multi-Train:000375,included,,largest_matched_cytoplasm_instance,8,8,245,9532,0.03668212890625,0.025702895509861517,1,not_crowded,138,0.5057373046875,True,low,middle
Cx22-Multi-Train.zip,Multi-Train,00456,375,Cx22-Multi-Train:000376,included,,largest_matched_cytoplasm_instance,3,2,277,13129,0.0498046875,0.021098331936933504,2,crowded,178,0.5057373046875,True,middle,middle
Cx22-Multi-Train.zip,Multi-Train,00458,376,Cx22-Multi-Train:000377,included,,largest_matched_cytoplasm_instance,6,5,438,20344,0.077880859375,0.02152968934329532,1,not_crowded,201,0.5057373046875,True,high,middle
Cx22-Multi-Train.zip,Multi-Train,00459,377,Cx22-Multi-Train:000378,included,,largest_matched_cytoplasm_instance,1,4,294,10055,0.03839111328125,0.02923918448533068,1,not_crowded,146,0.5057373046875,True,low,high
Cx22-Multi-Train.zip,Multi-Train,00460,378,Cx22-Multi-Train:000379,included,,largest_matched_cytoplasm_instance,7,11,82,3558,0.013671875,0.02304665542439573,1,not_crowded,84,0.5057373046875,True,low,middle
Cx22-Multi-Train.zip,Multi-Train,00461,379,Cx22-Multi-Train:000380,included,,largest_matched_cytoplasm_instance,13,7,298,8780,0.033447265625,0.03394077448747153,1,not_crowded,132,0.5057373046875,True,low,high
Cx22-Multi-Train.zip,Multi-Train,00462,380,Cx22-Multi-Train:000381,included,,largest_matched_cytoplasm_instance,4,1,184,5581,0.0216064453125,0.032969001970972946,1,not_crowded,106,0.5057373046875,True,low,high
Cx22-Multi-Train.zip,Multi-Train,00462,381,Cx22-Multi-Train:000382,included,,largest_matched_cytoplasm_instance,1,2,346,9791,0.037109375,0.03533857624348892,1,not_crowded,140,0.5057373046875,True,low,high
Cx22-Multi-Train.zip,Multi-Train,00462,382,Cx22-Multi-Train:000383,included,,largest_matched_cytoplasm_instance,2,2,362,9682,0.03704833984375,0.03738896922123528,1,not_crowded,139,0.5057373046875,True,low,high
Cx22-Multi-Train.zip,Multi-Train,00463,383,Cx22-Multi-Train:000384,included,,largest_matched_cytoplasm_instance,7,8,211,5226,0.01983642578125,0.04037504783773441,2,crowded,102,0.5057373046875,True,low,high
Cx22-Multi-Train.zip,Multi-Train,00465,384,Cx22-Multi-Train:000385,included,,largest_matched_cytoplasm_instance,6,24,104,2270,0.00885009765625,0.04581497797356828,1,not_crowded,67,0.5057373046875,True,low,high
Cx22-Multi-Train.zip,Multi-Train,00466,385,Cx22-Multi-Train:000386,included,,largest_matched_cytoplasm_instance,8,21,43,3966,0.01495361328125,0.010842158345940494,2,crowded,89,0.5057373046875,True,low,low
Cx22-Multi-Train.zip,Multi-Train,00467,386,Cx22-Multi-Train:000387,included,,largest_matched_cytoplasm_instance,9,21,62,2438,0.00921630859375,0.02543068088597211,2,crowded,70,0.5057373046875,True,low,middle
Cx22-Multi-Train.zip,Multi-Train,00468,387,Cx22-Multi-Train:000388,included,,largest_matched_cytoplasm_instance,6,4,519,15452,0.05902099609375,0.03358788506342221,1,not_crowded,175,0.5057373046875,True,middle,high
Cx22-Multi-Train.zip,Multi-Train,00469,388,Cx22-Multi-Train:000389,included,,largest_matched_cytoplasm_instance,3,6,119,6058,0.02294921875,0.019643446682073292,1,not_crowded,110,0.5057373046875,True,low,middle
Cx22-Multi-Train.zip,Multi-Train,00469,389,Cx22-Multi-Train:000390,included,,largest_matched_cytoplasm_instance,10,8,353,11733,0.0447998046875,0.030086081990965654,4,crowded,153,0.5057373046875,True,middle,high
Cx22-Multi-Train.zip,Multi-Train,00470,390,Cx22-Multi-Train:000391,included,,largest_matched_cytoplasm_instance,9,5,64,8872,0.03399658203125,0.007213706041478809,1,not_crowded,133,0.5057373046875,True,low,low
Cx22-Multi-Train.zip,Multi-Train,00470,391,Cx22-Multi-Train:000392,included,,largest_matched_cytoplasm_instance,2,1,139,12542,0.04779052734375,0.011082761919948971,2,crowded,158,0.5057373046875,True,middle,low
Cx22-Multi-Train.zip,Multi-Train,00470,392,Cx22-Multi-Train:000393,included,,largest_matched_cytoplasm_instance,7,6,103,7626,0.02874755859375,0.013506425386834513,2,crowded,123,0.5057373046875,True,low,low
Cx22-Multi-Train.zip,Multi-Train,00471,393,Cx22-Multi-Train:000394,included,,largest_matched_cytoplasm_instance,10,6,202,13015,0.04937744140625,0.015520553207837112,3,crowded,161,0.5057373046875,True,middle,low
Cx22-Multi-Train.zip,Multi-Train,00471,394,Cx22-Multi-Train:000395,included,,largest_matched_cytoplasm_instance,3,1,555,18242,0.069580078125,0.03042429558162482,1,not_crowded,190,0.5057373046875,True,high,high
Cx22-Multi-Train.zip,Multi-Train,00472,395,Cx22-Multi-Train:000396,included,,largest_matched_cytoplasm_instance,6,5,20,2876,0.01092529296875,0.006954102920723227,1,not_crowded,76,0.5057373046875,True,low,low
Cx22-Multi-Train.zip,Multi-Train,00473,396,Cx22-Multi-Train:000397,included,,largest_matched_cytoplasm_instance,4,2,352,9141,0.0350341796875,0.03850782190132371,1,not_crowded,135,0.5057373046875,True,low,high
Cx22-Multi-Train.zip,Multi-Train,00475,397,Cx22-Multi-Train:000398,included,,largest_matched_cytoplasm_instance,5,14,40,2934,0.01123046875,0.013633265167007498,1,not_crowded,77,0.5057373046875,True,low,low
Cx22-Multi-Train.zip,Multi-Train,00476,398,Cx22-Multi-Train:000399,included,,largest_matched_cytoplasm_instance,0,3,333,9370,0.03582763671875,0.03553895410885806,1,not_crowded,137,0.5057373046875,True,low,high
Cx22-Multi-Train.zip,Multi-Train,00476,399,Cx22-Multi-Train:000400,included,,largest_matched_cytoplasm_instance,5,4,140,8695,0.03338623046875,0.016101207590569294,1,not_crowded,132,0.5057373046875,True,low,low
Cx22-Multi-Test.zip,Multi-Test,00477,0,Cx22-Multi-Test:000001,included,,largest_matched_cytoplasm_instance,13,11,109,5831,0.02239990234375,0.01869319156233922,1,not_crowded,108,0.5057373046875,True,low,middle
Cx22-Multi-Test.zip,Multi-Test,00478,1,Cx22-Multi-Test:000002,included,,largest_matched_cytoplasm_instance,6,5,237,16082,0.0615234375,0.014736973013306802,3,crowded,184,0.5057373046875,True,middle,low
Cx22-Multi-Test.zip,Multi-Test,00478,2,Cx22-Multi-Test:000003,included,,largest_matched_cytoplasm_instance,8,1,231,18492,0.07061767578125,0.012491888384166126,1,not_crowded,192,0.5057373046875,True,high,low
Cx22-Multi-Test.zip,Multi-Test,00478,3,Cx22-Multi-Test:000004,included,,largest_matched_cytoplasm_instance,3,1,275,13990,0.05328369140625,0.019656897784131523,1,not_crowded,167,0.5057373046875,True,middle,middle
Cx22-Multi-Test.zip,Multi-Test,00479,4,Cx22-Multi-Test:000005,included,,largest_matched_cytoplasm_instance,6,1,307,15606,0.05914306640625,0.019671921056004103,1,not_crowded,176,0.5057373046875,True,middle,middle
Cx22-Multi-Test.zip,Multi-Test,00480,5,Cx22-Multi-Test:000006,included,,largest_matched_cytoplasm_instance,10,11,68,14326,0.05474853515625,0.004746614546977524,1,not_crowded,169,0.5057373046875,True,middle,low
Cx22-Multi-Test.zip,Multi-Test,00480,6,Cx22-Multi-Test:000007,included,,largest_matched_cytoplasm_instance,6,7,79,10482,0.03997802734375,0.007536729631749666,2,crowded,145,0.5057373046875,True,low,low
Cx22-Multi-Test.zip,Multi-Test,00482,7,Cx22-Multi-Test:000008,included,,largest_matched_cytoplasm_instance,2,2,424,18504,0.0706787109375,0.02291396454820579,3,crowded,192,0.5057373046875,True,high,middle
Cx22-Multi-Test.zip,Multi-Test,00483,8,Cx22-Multi-Test:000009,included,,largest_matched_cytoplasm_instance,7,5,185,14300,0.05419921875,0.012937062937062937,4,crowded,169,0.5057373046875,True,middle,low
Cx22-Multi-Test.zip,Multi-Test,00485,9,Cx22-Multi-Test:000010,included,,largest_matched_cytoplasm_instance,0,1,307,11644,0.04425048828125,0.02636551013397458,2,crowded,152,0.5057373046875,True,low,middle
Cx22-Multi-Test.zip,Multi-Test,00485,10,Cx22-Multi-Test:000011,included,,largest_matched_cytoplasm_instance,1,0,177,20668,0.0789794921875,0.008563963615250629,1,not_crowded,203,0.5057373046875,True,high,low
Cx22-Multi-Test.zip,Multi-Test,00487,11,Cx22-Multi-Test:000012,included,,largest_matched_cytoplasm_instance,2,3,70,4757,0.01788330078125,0.014715156611309649,1,not_crowded,97,0.5057373046875,True,low,low
Cx22-Multi-Test.zip,Multi-Test,00488,12,Cx22-Multi-Test:000013,included,,largest_matched_cytoplasm_instance,0,2,258,10063,0.038330078125,0.025638477591175594,1,not_crowded,142,0.5057373046875,True,low,middle
Cx22-Multi-Test.zip,Multi-Test,00488,13,Cx22-Multi-Test:000014,included,,largest_matched_cytoplasm_instance,4,4,233,8360,0.031494140625,0.027870813397129185,1,not_crowded,130,0.5057373046875,True,low,middle
Cx22-Multi-Test.zip,Multi-Test,00489,14,Cx22-Multi-Test:000015,included,,largest_matched_cytoplasm_instance,3,3,386,15134,0.0576171875,0.02550548433989692,2,crowded,173,0.5057373046875,True,middle,middle
Cx22-Multi-Test.zip,Multi-Test,00489,15,Cx22-Multi-Test:000016,included,,largest_matched_cytoplasm_instance,8,8,508,8490,0.0322265625,0.05983510011778563,2,crowded,130,0.5057373046875,True,low,high
Cx22-Multi-Test.zip,Multi-Test,00490,16,Cx22-Multi-Test:000017,included,,largest_matched_cytoplasm_instance,9,2,87,6090,0.0234375,0.014285714285714285,1,not_crowded,110,0.5057373046875,True,low,low
Cx22-Multi-Test.zip,Multi-Test,00490,17,Cx22-Multi-Test:000018,included,,largest_matched_cytoplasm_instance,0,3,273,10910,0.04144287109375,0.025022914757103575,1,not_crowded,147,0.5057373046875,True,low,middle
Cx22-Multi-Test.zip,Multi-Test,00491,18,Cx22-Multi-Test:000019,included,,largest_matched_cytoplasm_instance,7,5,362,20527,0.07806396484375,0.01763530959224436,2,crowded,202,0.5057373046875,True,high,low
Cx22-Multi-Test.zip,Multi-Test,00492,19,Cx22-Multi-Test:000020,included,,largest_matched_cytoplasm_instance,4,4,266,13918,0.05322265625,0.01911194137088662,4,crowded,166,0.5057373046875,True,middle,middle
Cx22-Multi-Test.zip,Multi-Test,00493,20,Cx22-Multi-Test:000021,included,,largest_matched_cytoplasm_instance,5,2,104,6227,0.0235595703125,0.016701461377870562,1,not_crowded,111,0.5057373046875,True,low,low
Cx22-Multi-Test.zip,Multi-Test,00493,21,Cx22-Multi-Test:000022,included,,largest_matched_cytoplasm_instance,5,4,215,7026,0.02593994140625,0.030600626245374324,1,not_crowded,139,0.5057373046875,True,low,high
Cx22-Multi-Test.zip,Multi-Test,00494,22,Cx22-Multi-Test:000023,included,,largest_matched_cytoplasm_instance,7,7,38,2922,0.01116943359375,0.013004791238877482,1,not_crowded,77,0.5057373046875,True,low,low
Cx22-Multi-Test.zip,Multi-Test,00496,23,Cx22-Multi-Test:000024,included,,largest_matched_cytoplasm_instance,2,4,457,19621,0.07513427734375,0.02329137148973039,1,not_crowded,197,0.5057373046875,True,high,middle
Cx22-Multi-Test.zip,Multi-Test,00497,24,Cx22-Multi-Test:000025,included,,largest_matched_cytoplasm_instance,5,5,344,22866,0.08734130859375,0.01504417038397621,2,crowded,213,0.5057373046875,True,high,low
Cx22-Multi-Test.zip,Multi-Test,00498,25,Cx22-Multi-Test:000026,included,,largest_matched_cytoplasm_instance,2,2,65,5627,0.021484375,0.011551448373911498,1,not_crowded,106,0.5057373046875,True,low,low
Cx22-Multi-Test.zip,Multi-Test,00499,26,Cx22-Multi-Test:000027,included,,largest_matched_cytoplasm_instance,7,7,166,13345,0.05108642578125,0.012439115773698014,3,crowded,166,0.5057373046875,True,middle,low
Cx22-Multi-Test.zip,Multi-Test,00500,27,Cx22-Multi-Test:000028,included,,largest_matched_cytoplasm_instance,14,14,63,9982,0.03814697265625,0.006311360448807854,3,crowded,141,0.5057373046875,True,low,low
Cx22-Multi-Test.zip,Multi-Test,00501,28,Cx22-Multi-Test:000029,included,,largest_matched_cytoplasm_instance,2,1,194,10150,0.0386962890625,0.019113300492610837,1,not_crowded,142,0.5057373046875,True,low,middle
Cx22-Multi-Test.zip,Multi-Test,00501,29,Cx22-Multi-Test:000030,included,,largest_matched_cytoplasm_instance,2,0,110,4324,0.01641845703125,0.02543940795559667,1,not_crowded,93,0.5057373046875,True,low,middle
Cx22-Multi-Test.zip,Multi-Test,00502,30,Cx22-Multi-Test:000031,included,,largest_matched_cytoplasm_instance,8,8,590,20257,0.0772705078125,0.029125734314064275,2,crowded,201,0.5057373046875,True,high,middle
Cx22-Multi-Test.zip,Multi-Test,00502,31,Cx22-Multi-Test:000032,included,,largest_matched_cytoplasm_instance,2,2,169,8862,0.03387451171875,0.019070187316632813,2,crowded,133,0.5057373046875,True,low,middle
Cx22-Multi-Test.zip,Multi-Test,00503,32,Cx22-Multi-Test:000033,included,,largest_matched_cytoplasm_instance,4,4,520,9846,0.0377197265625,0.05281332520820638,3,crowded,140,0.5057373046875,True,low,high
Cx22-Multi-Test.zip,Multi-Test,00505,33,Cx22-Multi-Test:000034,included,,largest_matched_cytoplasm_instance,3,3,327,12915,0.04888916015625,0.02531939605110337,1,not_crowded,160,0.5057373046875,True,middle,middle
Cx22-Multi-Test.zip,Multi-Test,00505,34,Cx22-Multi-Test:000035,included,,largest_matched_cytoplasm_instance,1,3,343,20155,0.076904296875,0.017018109650210864,2,crowded,200,0.5057373046875,True,high,low
Cx22-Multi-Test.zip,Multi-Test,00507,35,Cx22-Multi-Test:000036,included,,largest_matched_cytoplasm_instance,2,9,237,16628,0.06304931640625,0.014253067115708444,2,crowded,182,0.5057373046875,True,middle,low
Cx22-Multi-Test.zip,Multi-Test,00508,36,Cx22-Multi-Test:000037,included,,largest_matched_cytoplasm_instance,35,15,69,2797,0.01092529296875,0.02466928852341795,2,crowded,75,0.5057373046875,True,low,middle
Cx22-Multi-Test.zip,Multi-Test,00510,37,Cx22-Multi-Test:000038,included,,largest_matched_cytoplasm_instance,8,4,174,11613,0.04449462890625,0.014983208473262722,2,crowded,152,0.5057373046875,True,middle,low
Cx22-Multi-Test.zip,Multi-Test,00513,38,Cx22-Multi-Test:000039,included,,largest_matched_cytoplasm_instance,2,7,67,2959,0.01116943359375,0.022642784724569112,1,not_crowded,77,0.5057373046875,True,low,middle
Cx22-Multi-Test.zip,Multi-Test,00514,39,Cx22-Multi-Test:000040,included,,largest_matched_cytoplasm_instance,7,8,257,10071,0.03826904296875,0.025518816403534903,3,crowded,142,0.5057373046875,True,low,middle
Cx22-Multi-Test.zip,Multi-Test,00515,40,Cx22-Multi-Test:000041,included,,largest_matched_cytoplasm_instance,2,3,56,5659,0.0213623046875,0.00989574129704895,1,not_crowded,106,0.5057373046875,True,low,low
Cx22-Multi-Test.zip,Multi-Test,00517,41,Cx22-Multi-Test:000042,included,,largest_matched_cytoplasm_instance,12,4,111,9218,0.0352783203125,0.012041657626383163,1,not_crowded,136,0.5057373046875,True,low,low
Cx22-Multi-Test.zip,Multi-Test,00517,42,Cx22-Multi-Test:000043,included,,largest_matched_cytoplasm_instance,7,1,79,12535,0.0477294921875,0.006302353410450738,1,not_crowded,158,0.5057373046875,True,middle,low
Cx22-Multi-Test.zip,Multi-Test,00517,43,Cx22-Multi-Test:000044,included,,largest_matched_cytoplasm_instance,4,1,80,4619,0.01751708984375,0.01731976618315653,2,crowded,96,0.5057373046875,True,low,low
Cx22-Multi-Test.zip,Multi-Test,00518,44,Cx22-Multi-Test:000045,included,,largest_matched_cytoplasm_instance,10,29,25,2088,0.00787353515625,0.011973180076628353,2,crowded,65,0.5057373046875,True,low,low
Cx22-Multi-Test.zip,Multi-Test,00520,45,Cx22-Multi-Test:000046,included,,largest_matched_cytoplasm_instance,32,36,22,1599,0.006103515625,0.013758599124452783,1,not_crowded,57,0.5057373046875,True,low,low
Cx22-Multi-Test.zip,Multi-Test,00521,46,Cx22-Multi-Test:000047,included,,largest_matched_cytoplasm_instance,4,4,67,8386,0.03167724609375,0.007989506320057238,1,not_crowded,129,0.5057373046875,True,low,low
Cx22-Multi-Test.zip,Multi-Test,00522,47,Cx22-Multi-Test:000048,included,,largest_matched_cytoplasm_instance,6,1,472,15642,0.05926513671875,0.030175169415675746,2,crowded,176,0.5057373046875,True,middle,high
Cx22-Multi-Test.zip,Multi-Test,00523,48,Cx22-Multi-Test:000049,included,,largest_matched_cytoplasm_instance,0,5,69,3394,0.01287841796875,0.020329994107248086,1,not_crowded,82,0.5057373046875,True,low,middle
Cx22-Multi-Test.zip,Multi-Test,00524,49,Cx22-Multi-Test:000050,included,,largest_matched_cytoplasm_instance,18,6,38,2747,0.01031494140625,0.01383327266108482,3,crowded,74,0.5057373046875,True,low,low
Cx22-Multi-Test.zip,Multi-Test,00526,50,Cx22-Multi-Test:000051,included,,largest_matched_cytoplasm_instance,5,12,31,2266,0.00848388671875,0.013680494263018535,1,not_crowded,67,0.5057373046875,True,low,low
Cx22-Multi-Test.zip,Multi-Test,00527,51,Cx22-Multi-Test:000052,included,,largest_matched_cytoplasm_instance,4,4,217,5515,0.021240234375,0.03934723481414325,2,crowded,105,0.5057373046875,True,low,high
Cx22-Multi-Test.zip,Multi-Test,00527,52,Cx22-Multi-Test:000053,included,,largest_matched_cytoplasm_instance,3,3,91,6650,0.02508544921875,0.01368421052631579,1,not_crowded,115,0.5057373046875,True,low,low
Cx22-Multi-Test.zip,Multi-Test,00528,53,Cx22-Multi-Test:000054,included,,largest_matched_cytoplasm_instance,2,2,861,15418,0.0589599609375,0.05584381891295888,1,not_crowded,175,0.5057373046875,True,middle,high
Cx22-Multi-Test.zip,Multi-Test,00529,54,Cx22-Multi-Test:000055,included,,largest_matched_cytoplasm_instance,17,15,166,4177,0.01568603515625,0.039741441225760114,3,crowded,94,0.5057373046875,True,low,high
Cx22-Multi-Test.zip,Multi-Test,00529,55,Cx22-Multi-Test:000056,included,,largest_matched_cytoplasm_instance,13,19,117,2237,0.0084228515625,0.052302190433616454,2,crowded,85,0.5057373046875,True,low,high
Cx22-Multi-Test.zip,Multi-Test,00531,56,Cx22-Multi-Test:000057,included,,largest_matched_cytoplasm_instance,5,10,334,9174,0.03485107421875,0.036407237846086765,1,not_crowded,135,0.5057373046875,True,low,high
Cx22-Multi-Test.zip,Multi-Test,00532,57,Cx22-Multi-Test:000058,included,,largest_matched_cytoplasm_instance,1,0,673,16927,0.0645751953125,0.039758964967212145,2,crowded,183,0.5057373046875,True,middle,high
Cx22-Multi-Test.zip,Multi-Test,00532,58,Cx22-Multi-Test:000059,included,,largest_matched_cytoplasm_instance,0,4,230,8236,0.0313720703125,0.027926177756192327,1,not_crowded,128,0.5057373046875,True,low,middle
Cx22-Multi-Test.zip,Multi-Test,00533,59,Cx22-Multi-Test:000060,included,,largest_matched_cytoplasm_instance,1,0,790,21128,0.0804443359375,0.0373911397198031,2,crowded,205,0.5057373046875,True,high,high
Cx22-Multi-Test.zip,Multi-Test,00534,60,Cx22-Multi-Test:000061,included,,largest_matched_cytoplasm_instance,10,0,75,2444,0.00946044921875,0.030687397708674305,1,not_crowded,70,0.5057373046875,True,low,high
Cx22-Multi-Test.zip,Multi-Test,00536,61,Cx22-Multi-Test:000062,included,,largest_matched_cytoplasm_instance,12,15,122,7884,0.03009033203125,0.015474378488077117,3,crowded,125,0.5057373046875,True,low,low
Cx22-Multi-Test.zip,Multi-Test,00536,62,Cx22-Multi-Test:000063,included,,largest_matched_cytoplasm_instance,5,3,91,9027,0.0345458984375,0.010080868505594328,2,crowded,134,0.5057373046875,True,low,low
Cx22-Multi-Test.zip,Multi-Test,00538,63,Cx22-Multi-Test:000064,included,,largest_matched_cytoplasm_instance,3,0,301,29919,0.114013671875,0.010060496674354089,2,crowded,244,0.5057373046875,True,high,low
Cx22-Multi-Test.zip,Multi-Test,00539,64,Cx22-Multi-Test:000065,included,,largest_matched_cytoplasm_instance,4,2,84,5866,0.02239990234375,0.014319809069212411,2,crowded,109,0.5057373046875,True,low,low
Cx22-Multi-Test.zip,Multi-Test,00540,65,Cx22-Multi-Test:000066,included,,largest_matched_cytoplasm_instance,15,10,112,6069,0.02294921875,0.01845444059976932,5,crowded,110,0.5057373046875,True,low,middle
Cx22-Multi-Test.zip,Multi-Test,00542,66,Cx22-Multi-Test:000067,included,,largest_matched_cytoplasm_instance,3,6,257,14167,0.0548095703125,0.018140749629420486,2,crowded,168,0.5057373046875,True,middle,middle
Cx22-Multi-Test.zip,Multi-Test,00544,67,Cx22-Multi-Test:000068,included,,largest_matched_cytoplasm_instance,6,13,166,8174,0.03143310546875,0.02030829459261072,2,crowded,173,0.5057373046875,True,low,middle
Cx22-Multi-Test.zip,Multi-Test,00546,68,Cx22-Multi-Test:000069,included,,largest_matched_cytoplasm_instance,0,2,268,10889,0.04132080078125,0.024611993755165762,2,crowded,147,0.5057373046875,True,low,middle
Cx22-Multi-Test.zip,Multi-Test,00546,69,Cx22-Multi-Test:000070,included,,largest_matched_cytoplasm_instance,0,8,189,5238,0.02008056640625,0.03608247422680412,1,not_crowded,115,0.5057373046875,True,low,high
Cx22-Multi-Test.zip,Multi-Test,00547,70,Cx22-Multi-Test:000071,included,,largest_matched_cytoplasm_instance,2,2,260,17312,0.0654296875,0.015018484288354898,2,crowded,189,0.5057373046875,True,middle,low
Cx22-Multi-Test.zip,Multi-Test,00549,71,Cx22-Multi-Test:000072,included,,largest_matched_cytoplasm_instance,0,3,554,17462,0.06622314453125,0.03172603367311877,2,crowded,186,0.5057373046875,True,middle,high
Cx22-Multi-Test.zip,Multi-Test,00550,72,Cx22-Multi-Test:000073,included,,largest_matched_cytoplasm_instance,15,2,243,4015,0.01531982421875,0.06052303860523039,2,crowded,90,0.5057373046875,True,low,high
Cx22-Multi-Test.zip,Multi-Test,00551,73,Cx22-Multi-Test:000074,included,,largest_matched_cytoplasm_instance,8,9,99,6208,0.0235595703125,0.015947164948453607,3,crowded,111,0.5057373046875,True,low,low
Cx22-Multi-Test.zip,Multi-Test,00552,74,Cx22-Multi-Test:000075,included,,largest_matched_cytoplasm_instance,3,3,216,8998,0.034423828125,0.02400533451878195,2,crowded,134,0.5057373046875,True,low,middle
Cx22-Multi-Test.zip,Multi-Test,00552,75,Cx22-Multi-Test:000076,included,,largest_matched_cytoplasm_instance,9,9,239,8639,0.032958984375,0.027665239032295404,3,crowded,131,0.5057373046875,True,low,middle
Cx22-Multi-Test.zip,Multi-Test,00553,76,Cx22-Multi-Test:000077,included,,largest_matched_cytoplasm_instance,1,1,77,4323,0.0166015625,0.017811704834605598,1,not_crowded,93,0.5057373046875,True,low,middle
Cx22-Multi-Test.zip,Multi-Test,00553,77,Cx22-Multi-Test:000078,included,,largest_matched_cytoplasm_instance,2,2,143,13539,0.0513916015625,0.010562079917276018,1,not_crowded,164,0.5057373046875,True,middle,low
Cx22-Multi-Test.zip,Multi-Test,00556,78,Cx22-Multi-Test:000079,included,,largest_matched_cytoplasm_instance,2,2,134,5817,0.0220947265625,0.023035929173113288,1,not_crowded,108,0.5057373046875,True,low,middle
Cx22-Multi-Test.zip,Multi-Test,00557,79,Cx22-Multi-Test:000080,included,,largest_matched_cytoplasm_instance,11,11,96,8464,0.03289794921875,0.011342155009451797,1,not_crowded,130,0.5057373046875,True,low,low
Cx22-Multi-Test.zip,Multi-Test,00557,80,Cx22-Multi-Test:000081,included,,largest_matched_cytoplasm_instance,5,5,110,12155,0.0462646484375,0.00904977375565611,2,crowded,156,0.5057373046875,True,middle,low
Cx22-Multi-Test.zip,Multi-Test,00558,81,Cx22-Multi-Test:000082,included,,largest_matched_cytoplasm_instance,9,9,90,3675,0.0140380859375,0.024489795918367346,2,crowded,86,0.5057373046875,True,low,middle
Cx22-Multi-Test.zip,Multi-Test,00562,82,Cx22-Multi-Test:000083,included,,largest_matched_cytoplasm_instance,3,11,89,3877,0.0147705078125,0.022955893732267217,2,crowded,88,0.5057373046875,True,low,middle
Cx22-Multi-Test.zip,Multi-Test,00563,83,Cx22-Multi-Test:000084,included,,largest_matched_cytoplasm_instance,1,3,123,12354,0.04681396484375,0.00995628946090335,1,not_crowded,157,0.5057373046875,True,middle,low
Cx22-Multi-Test.zip,Multi-Test,00564,84,Cx22-Multi-Test:000085,included,,largest_matched_cytoplasm_instance,14,1,71,4135,0.01593017578125,0.01717049576783555,2,crowded,91,0.5057373046875,True,low,low
Cx22-Multi-Test.zip,Multi-Test,00565,85,Cx22-Multi-Test:000086,included,,largest_matched_cytoplasm_instance,22,21,41,3978,0.01507568359375,0.010306686777275012,2,crowded,89,0.5057373046875,True,low,low
Cx22-Multi-Test.zip,Multi-Test,00568,86,Cx22-Multi-Test:000087,included,,largest_matched_cytoplasm_instance,11,9,62,3486,0.01300048828125,0.01778542742398164,2,crowded,84,0.5057373046875,True,low,low
Cx22-Multi-Test.zip,Multi-Test,00569,87,Cx22-Multi-Test:000088,included,,largest_matched_cytoplasm_instance,2,4,64,3656,0.0140380859375,0.0175054704595186,1,not_crowded,94,0.5057373046875,True,low,low
Cx22-Multi-Test.zip,Multi-Test,00570,88,Cx22-Multi-Test:000089,included,,largest_matched_cytoplasm_instance,6,7,279,8723,0.0333251953125,0.03198440903358936,1,not_crowded,132,0.5057373046875,True,low,high
Cx22-Multi-Test.zip,Multi-Test,00572,89,Cx22-Multi-Test:000090,included,,largest_matched_cytoplasm_instance,9,9,299,6600,0.02508544921875,0.0453030303030303,1,not_crowded,115,0.5057373046875,True,low,high
Cx22-Multi-Test.zip,Multi-Test,00575,90,Cx22-Multi-Test:000091,included,,largest_matched_cytoplasm_instance,8,6,751,11277,0.0428466796875,0.0665957258136029,3,crowded,150,0.5057373046875,True,low,high
Cx22-Multi-Test.zip,Multi-Test,00576,91,Cx22-Multi-Test:000092,included,,largest_matched_cytoplasm_instance,1,0,230,7854,0.02911376953125,0.02928444104914693,1,not_crowded,128,0.5057373046875,True,low,high
Cx22-Multi-Test.zip,Multi-Test,00576,92,Cx22-Multi-Test:000093,included,,largest_matched_cytoplasm_instance,4,5,108,12556,0.04779052734375,0.008601465434851864,1,not_crowded,158,0.5057373046875,True,middle,low
Cx22-Multi-Test.zip,Multi-Test,00577,93,Cx22-Multi-Test:000094,included,,largest_matched_cytoplasm_instance,5,9,130,11595,0.04412841796875,0.01121172919361794,1,not_crowded,152,0.5057373046875,True,low,low
Cx22-Multi-Test.zip,Multi-Test,00578,94,Cx22-Multi-Test:000095,included,,largest_matched_cytoplasm_instance,9,4,157,5593,0.0218505859375,0.028070802789200787,1,not_crowded,106,0.5057373046875,True,low,middle
Cx22-Multi-Test.zip,Multi-Test,00579,95,Cx22-Multi-Test:000096,included,,largest_matched_cytoplasm_instance,8,4,68,5393,0.02056884765625,0.012608937511589096,1,not_crowded,104,0.5057373046875,True,low,low
Cx22-Multi-Test.zip,Multi-Test,00580,96,Cx22-Multi-Test:000097,included,,largest_matched_cytoplasm_instance,2,6,438,11195,0.0426025390625,0.039124609200535954,3,crowded,149,0.5057373046875,True,low,high
Cx22-Multi-Test.zip,Multi-Test,00581,97,Cx22-Multi-Test:000098,included,,largest_matched_cytoplasm_instance,6,2,54,5170,0.01983642578125,0.010444874274661509,2,crowded,102,0.5057373046875,True,low,low
Cx22-Multi-Test.zip,Multi-Test,00582,98,Cx22-Multi-Test:000099,included,,largest_matched_cytoplasm_instance,4,2,179,22170,0.084716796875,0.008073973838520524,1,not_crowded,210,0.5057373046875,True,high,low
Cx22-Multi-Test.zip,Multi-Test,00584,99,Cx22-Multi-Test:000100,included,,largest_matched_cytoplasm_instance,6,11,178,7694,0.02923583984375,0.02313491031972966,1,not_crowded,124,0.5057373046875,True,low,middle
