archive,source_partition,source_image_name,source_index,sample_id,inclusion_status,exclusion_reason,selection_rule,cytoplasm_instance_index,nucleus_instance_index,nucleus_area_px,whole_cell_area_px,raw_whole_cell_fraction_at_128,nucleus_to_whole_cell_fraction,n_candidate_nuclei_in_normalized_crop,crowding_group,normalized_crop_side_px,target_whole_cell_fraction,outcome_blind,scale_shift_tertile,nucleus_occupancy_tertile,protocol,reference_scope,ground_truth_role,selected_cytoplasm_instance_index_verified,selected_nucleus_instance_index_verified,foreground_dice,cytoplasm_dice,nucleus_dice,gt_cytoplasm_area,pred_cytoplasm_area,gt_nucleus_area,pred_nucleus_area,gt_nc_ratio,pred_nc_ratio,abs_error_nc_ratio,interval_lower_nc_ratio,interval_upper_nc_ratio,interval_width_nc_ratio,covered_nc_ratio,gt_circularity,pred_circularity,abs_error_circularity,interval_lower_circularity,interval_upper_circularity,interval_width_circularity,covered_circularity
Cx22-Pair.zip,Pair,00000,0,Cx22-Pair:000001,included,,largest_matched_cytoplasm_instance,0,0,484,18771,0.07171630859375,0.02578445474402003,1,not_crowded,193,0.5057373046875,True,high,middle,scale_normalized_known_localisation,largest matched target instance,Crop centre and scale only; never model input or prediction guidance.,0,0,0.6786461627174338,0.8524614075604716,0.5048309178743962,18287,22848,484,1172,0.02646688904686389,0.05129551820728291,0.02482862916041902,0.0,0.550241082315971,0.550241082315971,True,0.8199288625601403,0.2391828325453053,0.580746030014835,0.0,0.4916044468999989,0.4916044468999989,False
Cx22-Pair.zip,Pair,00000,1,Cx22-Pair:000002,included,,largest_matched_cytoplasm_instance,0,0,384,6941,0.0264892578125,0.05532344042645152,1,not_crowded,118,0.5057373046875,True,low,high,scale_normalized_known_localisation,largest matched target instance,Crop centre and scale only; never model input or prediction guidance.,0,0,0.7119194386426433,0.8068362480127186,0.6170026292725679,6557,8539,384,757,0.05856336739362513,0.0886520669867666,0.03008869959314147,0.0,0.5875976310954547,0.5875976310954547,True,0.7499437203991139,0.30005626113932393,0.44988745925979,0.04763464678463036,0.5524778754940175,0.5048432287093871,False
Cx22-Pair.zip,Pair,00001,2,Cx22-Pair:000003,included,,largest_matched_cytoplasm_instance,1,0,509,17176,0.06597900390625,0.02963437354448067,2,crowded,185,0.5057373046875,True,middle,high,scale_normalized_known_localisation,largest matched target instance,Crop centre and scale only; never model input or prediction guidance.,1,0,0.9262710116060084,0.9599455685717666,0.8925964546402503,16667,17137,509,450,0.030539389212215756,0.026258971815370253,0.0042804173968455025,0.0,0.5252045359240584,0.5252045359240584,True,0.7960100731448044,0.6472230686534225,0.14878700449138194,0.3948014542987289,0.8996446830081161,0.5048432287093871,True
Cx22-Pair.zip,Pair,00001,3,Cx22-Pair:000004,included,,largest_matched_cytoplasm_instance,1,1,512,20820,0.079345703125,0.024591738712776177,1,not_crowded,203,0.5057373046875,True,high,middle,scale_normalized_known_localisation,largest matched target instance,Crop centre and scale only; never model input or prediction guidance.,1,1,0.5690278081643332,0.8482989666399283,0.289756649688738,20308,22078,512,3022,0.025211739216072483,0.1368783404293867,0.11166660121331423,0.0,0.6358239045380748,0.6358239045380748,True,0.8167111242231974,0.7045490761419295,0.11216204808126784,0.45212746178723595,0.9569706904966231,0.5048432287093871,True
Cx22-Pair.zip,Pair,00002,4,Cx22-Pair:000005,included,,largest_matched_cytoplasm_instance,1,0,2317,62553,0.23712158203125,0.03704058958003613,2,crowded,352,0.5057373046875,True,high,high,scale_normalized_known_localisation,largest matched target instance,Crop centre and scale only; never model input or prediction guidance.,1,0,0.8452477547148725,0.9378884537385979,0.752607055691147,60236,61561,2317,2190,0.03846536954645063,0.03557447085005117,0.002890898696399455,0.0,0.5345200349587392,0.5345200349587392,True,0.8331942151068404,0.655774343448414,0.17741987165842643,0.40335272909372044,0.9081959578031076,0.5048432287093871,True
Cx22-Pair.zip,Pair,00002,5,Cx22-Pair:000006,included,,largest_matched_cytoplasm_instance,1,1,1272,24172,0.0931396484375,0.05262286943571074,1,not_crowded,220,0.5057373046875,True,high,high,scale_normalized_known_localisation,largest matched target instance,Crop centre and scale only; never model input or prediction guidance.,1,1,0.8573565275111799,0.8648471032797322,0.8498659517426274,22900,25793,1272,1712,0.05554585152838428,0.06637459775908192,0.010828746230697635,0.0,0.56532016186777,0.56532016186777,True,0.7553341245964051,0.7144073505534955,0.040926774042909675,0.4619857361988019,0.966828964908189,0.5048432287093871,True
Cx22-Pair.zip,Pair,00002,6,Cx22-Pair:000007,included,,largest_matched_cytoplasm_instance,0,0,939,32702,0.12451171875,0.02871384013210201,2,crowded,256,0.5057373046875,True,high,middle,scale_normalized_known_localisation,largest matched target instance,Crop centre and scale only; never model input or prediction guidance.,0,0,0.7339202168219643,0.8924664405484164,0.5753739930955121,31763,31036,939,1668,0.029562698737524793,0.05374403918030674,0.02418134044278195,0.0,0.5526896032889949,0.5526896032889949,True,0.8603546673679965,0.5513762014538683,0.30897846591412814,0.2989545870991748,0.8037978158085619,0.5048432287093871,False
Cx22-Pair.zip,Pair,00004,7,Cx22-Pair:000008,included,,largest_matched_cytoplasm_instance,1,0,529,9162,0.03466796875,0.057738485046932984,2,crowded,135,0.5057373046875,True,low,high,scale_normalized_known_localisation,largest matched target instance,Crop centre and scale only; never model input or prediction guidance.,1,0,0.89512129028896,0.892060762396102,0.8981818181818182,8633,8812,529,571,0.061276497162052586,0.06479800272355879,0.003521505561506204,0.0,0.5637435668322468,0.5637435668322468,True,0.7654596430854297,0.7784425206144538,0.012982877529024162,0.5260209062597603,1.0,0.4739790937402397,True
Cx22-Pair.zip,Pair,00004,8,Cx22-Pair:000009,included,,largest_matched_cytoplasm_instance,0,0,223,10196,0.0386962890625,0.021871322087092977,2,crowded,142,0.5057373046875,True,low,middle,scale_normalized_known_localisation,largest matched target instance,Crop centre and scale only; never model input or prediction guidance.,0,0,0.837424263707851,0.8770048616475078,0.7978436657681941,9973,12036,223,148,0.02236037300711922,0.012296444001329345,0.010063929005789876,0.0,0.5112420081100174,0.5112420081100174,True,0.7124977591316507,0.8775997839726805,0.16510202484102976,0.6251781696179869,1.0,0.3748218303820131,True
Cx22-Pair.zip,Pair,00004,9,Cx22-Pair:000010,included,,largest_matched_cytoplasm_instance,0,1,283,15354,0.0584716796875,0.01843167904129217,2,crowded,175,0.5057373046875,True,middle,middle,scale_normalized_known_localisation,largest matched target instance,Crop centre and scale only; never model input or prediction guidance.,0,1,0.7498089520432709,0.9010515958428141,0.5985663082437276,15071,17451,283,275,0.018777785150288634,0.015758409260214313,0.003019375890074321,0.0,0.5147039733689024,0.5147039733689024,True,0.579638457692498,0.5477406471849194,0.03189781050757856,0.29531903283022587,0.800162261539613,0.5048432287093871,True
Cx22-Pair.zip,Pair,00005,10,Cx22-Pair:000011,included,,largest_matched_cytoplasm_instance,0,1,302,12694,0.0484619140625,0.023790767291633843,1,not_crowded,162,0.5057373046875,True,middle,middle,scale_normalized_known_localisation,largest matched target instance,Crop centre and scale only; never model input or prediction guidance.,0,1,0.8406275732396289,0.940514405738517,0.7407407407407407,12392,12841,302,184,0.02437056165267915,0.014329102094852426,0.010041459557826723,0.0,0.5132746662035405,0.5132746662035405,True,0.7977777469003118,0.8212706425710364,0.023492895670724656,0.5688490282163429,1.0,0.43115097178365713,True
Cx22-Pair.zip,Pair,00006,11,Cx22-Pair:000012,included,,largest_matched_cytoplasm_instance,1,1,103,3914,0.0147705078125,0.02631578947368421,2,crowded,88,0.5057373046875,True,low,middle,scale_normalized_known_localisation,largest matched target instance,Crop centre and scale only; never model input or prediction guidance.,1,1,0.5265528620430515,0.8024974515800204,0.25060827250608275,3811,4037,103,719,0.02702702702702703,0.17810255139955414,0.1510755243725271,0.0,0.6770481155082422,0.6770481155082422,True,0.7617443615553494,0.23162157759766938,0.5301227839576801,0.0,0.48404319195236295,0.48404319195236295,False
Cx22-Pair.zip,Pair,00006,12,Cx22-Pair:000013,included,,largest_matched_cytoplasm_instance,0,0,178,12561,0.04766845703125,0.014170846270201418,2,crowded,168,0.5057373046875,True,middle,low,scale_normalized_known_localisation,largest matched target instance,Crop centre and scale only; never model input or prediction guidance.,0,0,0.704157657231268,0.8620399194286761,0.54627539503386,12383,14922,178,265,0.014374545748203182,0.017759013537059377,0.0033844677888561943,0.0,0.5167045776457474,0.5167045776457474,True,0.716863657877183,0.8037858844573713,0.08692222658018833,0.5513642701026777,1.0,0.44863572989732226,True
Cx22-Pair.zip,Pair,00008,13,Cx22-Pair:000014,included,,largest_matched_cytoplasm_instance,1,0,455,9777,0.03704833984375,0.046537792778971056,2,crowded,167,0.5057373046875,True,low,high,scale_normalized_known_localisation,largest matched target instance,Crop centre and scale only; never model input or prediction guidance.,1,0,0.5497046303278343,0.6339469864792605,0.46546227417640806,9322,16860,455,1427,0.04880926839733963,0.08463819691577698,0.03582892851843735,0.0,0.5835837610244651,0.5835837610244651,True,0.8454365405003433,0.4194917954299906,0.42594474507035274,0.16707018107529703,0.6719134097846842,0.5048432287093871,False
Cx22-Pair.zip,Pair,00008,14,Cx22-Pair:000015,included,,largest_matched_cytoplasm_instance,0,1,366,12619,0.04766845703125,0.02900388303352088,2,crowded,176,0.5057373046875,True,middle,middle,scale_normalized_known_localisation,largest matched target instance,Crop centre and scale only; never model input or prediction guidance.,0,1,0.5177647305915148,0.7473234811165845,0.28820598006644516,12253,18197,366,2042,0.029870235860605564,0.11221629939000934,0.08234606352940377,0.0,0.6111618634986974,0.6111618634986974,True,0.6961660061062401,0.584275515549099,0.11189049055714118,0.3318539011944054,0.8366971299037925,0.5048432287093871,True
Cx22-Pair.zip,Pair,00009,15,Cx22-Pair:000016,included,,largest_matched_cytoplasm_instance,1,1,566,29930,0.11334228515625,0.018910791847644503,2,crowded,244,0.5057373046875,True,high,middle,scale_normalized_known_localisation,largest matched target instance,Crop centre and scale only; never model input or prediction guidance.,1,1,0.7578681328040656,0.8536202246524999,0.6621160409556314,29364,38118,566,899,0.01927530309222177,0.02358465816674537,0.0043093550745236,0.0,0.5225302222754334,0.5225302222754334,True,0.819714772593986,0.7607193906849181,0.058995381909067834,0.5082977763302245,1.0,0.49170222366977545,True
Cx22-Pair.zip,Pair,00009,16,Cx22-Pair:000017,included,,largest_matched_cytoplasm_instance,0,1,302,5309,0.02032470703125,0.05688453569410435,2,crowded,103,0.5057373046875,True,low,high,scale_normalized_known_localisation,largest matched target instance,Crop centre and scale only; never model input or prediction guidance.,0,1,0.8349987292523923,0.8795782968281378,0.7904191616766467,5007,5996,302,366,0.06031555821849411,0.06104069379586391,0.0007251355773697996,0.0,0.559986257904552,0.559986257904552,True,0.6961677948184106,0.756903518203332,0.06073572338492139,0.5044819038486384,1.0,0.49551809615136155,True
Cx22-Pair.zip,Pair,00010,17,Cx22-Pair:000018,included,,largest_matched_cytoplasm_instance,0,0,201,11143,0.04229736328125,0.018038230279098986,2,crowded,152,0.5057373046875,True,low,middle,scale_normalized_known_localisation,largest matched target instance,Crop centre and scale only; never model input or prediction guidance.,0,0,0.5397425201508922,0.8289355897523338,0.25054945054945055,10942,12517,201,1164,0.018369585084993603,0.09299352880083087,0.07462394371583726,0.0,0.591939092909519,0.591939092909519,True,0.6088751826283734,0.3494096464134199,0.25946553621495344,0.09698803205872636,0.6018312607681136,0.5048432287093871,False
Cx22-Pair.zip,Pair,00011,18,Cx22-Pair:000019,included,,largest_matched_cytoplasm_instance,0,0,320,16050,0.061279296875,0.019937694704049845,2,crowded,179,0.5057373046875,True,middle,middle,scale_normalized_known_localisation,largest matched target instance,Crop centre and scale only; never model input or prediction guidance.,0,0,0.6517944467545564,0.92833116155035,0.3752577319587629,15730,17269,320,165,0.020343293070565798,0.009554693381203311,0.010788599689362487,0.0,0.5085002574898914,0.5085002574898914,True,0.8090930440882006,0.7762623915045705,0.03283065258363005,0.523840777149877,1.0,0.476159222850123,True
Cx22-Pair.zip,Pair,00011,19,Cx22-Pair:000020,included,,largest_matched_cytoplasm_instance,1,1,316,24552,0.0938720703125,0.012870641902899967,1,not_crowded,221,0.5057373046875,True,high,low,scale_normalized_known_localisation,largest matched target instance,Crop centre and scale only; never model input or prediction guidance.,1,1,0.37074805460373955,0.6830209056545553,0.05847520355292376,24236,14653,316,10492,0.013038455190625516,0.7160308469255443,0.7029923917349188,0.21708528281685624,1.2149764110342325,0.9978911282173762,False,0.8180030665679735,0.22343833844859878,0.5945647281193747,0.0,0.47585995280329235,0.47585995280329235,False
Cx22-Pair.zip,Pair,00012,20,Cx22-Pair:000021,included,,largest_matched_cytoplasm_instance,0,0,181,6648,0.02545166015625,0.027226233453670277,2,crowded,149,0.5057373046875,True,low,middle,scale_normalized_known_localisation,largest matched target instance,Crop centre and scale only; never model input or prediction guidance.,0,0,0.4564857301398068,0.6510425262694614,0.26192893401015227,6467,11710,181,804,0.02798824802845214,0.06865926558497011,0.040671017556517974,0.0,0.5676048296936582,0.5676048296936582,True,0.7696879372681641,0.393522107935283,0.37616582933288106,0.14110049358058946,0.6459437222899767,0.5048432287093871,False
Cx22-Pair.zip,Pair,00012,21,Cx22-Pair:000022,included,,largest_matched_cytoplasm_instance,1,1,267,11176,0.042724609375,0.023890479599141017,2,crowded,163,0.5057373046875,True,low,middle,scale_normalized_known_localisation,largest matched target instance,Crop centre and scale only; never model input or prediction guidance.,1,1,0.6559250239399457,0.8009466210886143,0.5109034267912772,10909,11909,267,696,0.024475203960033002,0.05844319422285666,0.033967990262823655,0.0,0.5573887583315448,0.5573887583315448,True,0.5576200142158008,0.2875343362576279,0.27008567795817284,0.03511272190293435,0.5399559506123215,0.5048432287093871,False
Cx22-Pair.zip,Pair,00012,22,Cx22-Pair:000023,included,,largest_matched_cytoplasm_instance,0,0,351,8795,0.03375244140625,0.03990903922683343,1,not_crowded,139,0.5057373046875,True,low,high,scale_normalized_known_localisation,largest matched target instance,Crop centre and scale only; never model input or prediction guidance.,0,0,0.8734230073371358,0.9442653695129813,0.8025806451612904,8444,8619,351,424,0.04156797726196115,0.04919364195382295,0.007625664691861794,0.0,0.548139206062511,0.548139206062511,True,0.7608883524278031,0.8086783072428811,0.047789954815078084,0.5562566928881876,1.0,0.4437433071118124,True
Cx22-Pair.zip,Pair,00013,23,Cx22-Pair:000024,included,,largest_matched_cytoplasm_instance,1,0,250,13014,0.0498046875,0.01921008145074535,2,crowded,161,0.5057373046875,True,middle,middle,scale_normalized_known_localisation,largest matched target instance,Crop centre and scale only; never model input or prediction guidance.,1,0,0.4871526625783877,0.7934192028572514,0.18088612229952397,12764,13555,250,2481,0.019586336571607646,0.18303209147915897,0.1634457549075513,0.0,0.6819776555878471,0.6819776555878471,True,0.8152920581193612,0.32670112857584943,0.4885909295435118,0.07427951422115586,0.579122742930543,0.5048432287093871,False
Cx22-Pair.zip,Pair,00013,24,Cx22-Pair:000025,included,,largest_matched_cytoplasm_instance,1,1,595,11399,0.04327392578125,0.05219756118957803,2,crowded,151,0.5057373046875,True,low,high,scale_normalized_known_localisation,largest matched target instance,Crop centre and scale only; never model input or prediction guidance.,1,1,0.6443801737582922,0.8112396142123502,0.47752073330423395,10804,13147,595,1696,0.05507219548315439,0.12900281433026545,0.07393061884711105,0.0,0.6279483784389535,0.6279483784389535,True,0.8114131194844799,0.335403700281176,0.4760094192033039,0.08298208592648243,0.5878253146358696,0.5048432287093871,False
Cx22-Pair.zip,Pair,00014,25,Cx22-Pair:000026,included,,largest_matched_cytoplasm_instance,1,0,225,15008,0.05706787109375,0.014992004264392324,2,crowded,173,0.5057373046875,True,middle,low,scale_normalized_known_localisation,largest matched target instance,Crop centre and scale only; never model input or prediction guidance.,1,0,0.5850645431944663,0.8787674465646281,0.2913616398243045,14783,14879,225,1141,0.015220185348034905,0.07668526110625715,0.06146507575822224,0.0,0.5756308252149452,0.5756308252149452,True,0.7751494326988982,0.3201016974123914,0.4550477352865068,0.06768008305769785,0.5725233117670849,0.5048432287093871,False
Cx22-Pair.zip,Pair,00014,26,Cx22-Pair:000027,included,,largest_matched_cytoplasm_instance,1,1,299,9510,0.036376953125,0.03144058885383807,2,crowded,138,0.5057373046875,True,low,high,scale_normalized_known_localisation,largest matched target instance,Crop centre and scale only; never model input or prediction guidance.,1,1,0.7221696207645307,0.8894611927485735,0.5548780487804879,9211,10592,299,357,0.032461187710346326,0.033704682779456194,0.0012434950691098678,0.0,0.5326502468881442,0.5326502468881442,True,0.8257410539445756,0.8054192500148423,0.020321803929733373,0.5529976356601487,1.0,0.4470023643398513,True
Cx22-Pair.zip,Pair,00016,27,Cx22-Pair:000028,included,,largest_matched_cytoplasm_instance,0,0,222,19671,0.0750732421875,0.011285648924813176,2,crowded,198,0.5057373046875,True,high,low,scale_normalized_known_localisation,largest matched target instance,Crop centre and scale only; never model input or prediction guidance.,0,0,0.7494850394933519,0.8447327908511106,0.6542372881355932,19449,26021,222,368,0.011414468610211321,0.014142423427231852,0.0027279548170205305,0.0,0.5130879875359199,0.5130879875359199,True,0.8498065694507313,0.7802081651799552,0.06959840427077613,0.5277865508252616,1.0,0.4722134491747384,True
Cx22-Pair.zip,Pair,00017,28,Cx22-Pair:000029,included,,largest_matched_cytoplasm_instance,0,0,333,22385,0.0853271484375,0.01487603305785124,1,not_crowded,211,0.5057373046875,True,high,low,scale_normalized_known_localisation,largest matched target instance,Crop centre and scale only; never model input or prediction guidance.,0,0,0.9193419802145633,0.9315632173950709,0.9071207430340558,22052,24122,333,313,0.015100671140939598,0.012975706823646464,0.0021249643172931345,0.0,0.5119212709323345,0.5119212709323345,True,0.8051190522392898,0.7396740114550754,0.06544504078421443,0.4872523971003818,0.992095625809769,0.5048432287093871,True
Cx22-Pair.zip,Pair,00017,29,Cx22-Pair:000030,included,,largest_matched_cytoplasm_instance,0,0,563,13040,0.05010986328125,0.04317484662576687,1,not_crowded,161,0.5057373046875,True,middle,high,scale_normalized_known_localisation,largest matched target instance,Crop centre and scale only; never model input or prediction guidance.,0,0,0.824217830668206,0.8959070032109905,0.7525286581254215,12477,12126,563,920,0.045123026368518074,0.07587003133762164,0.03074700496910357,0.0,0.5748155954463097,0.5748155954463097,True,0.7619048459438984,0.7243916013993587,0.03751324454453975,0.4719699870446651,0.9768132157540522,0.5048432287093871,True
Cx22-Pair.zip,Pair,00017,30,Cx22-Pair:000031,included,,largest_matched_cytoplasm_instance,1,1,746,19933,0.07574462890625,0.03742537500627101,2,crowded,199,0.5057373046875,True,high,high,scale_normalized_known_localisation,largest matched target instance,Crop centre and scale only; never model input or prediction guidance.,1,1,0.7312097771415034,0.8216976140686806,0.640721940214326,19187,20504,746,1027,0.038880491999791524,0.05008778774873195,0.01120729574894043,0.0,0.54903335185742,0.54903335185742,True,0.8557109194060691,0.7118313533492647,0.1438795660568044,0.45940973899457116,0.9642529677039583,0.5048432287093871,True
Cx22-Pair.zip,Pair,00019,31,Cx22-Pair:000032,included,,largest_matched_cytoplasm_instance,1,1,432,24473,0.09326171875,0.017652106402974706,1,not_crowded,220,0.5057373046875,True,high,low,scale_normalized_known_localisation,largest matched target instance,Crop centre and scale only; never model input or prediction guidance.,1,1,0.6144799308445251,0.8853913969587598,0.34356846473029046,24041,26662,432,1978,0.01796930244166216,0.07418798289700698,0.056218680455344824,0.0,0.5731335470056951,0.5731335470056951,True,0.7664331296477147,0.4472488096256207,0.319184320022094,0.19482719527092712,0.6996704239803142,0.5048432287093871,False
Cx22-Pair.zip,Pair,00019,32,Cx22-Pair:000033,included,,largest_matched_cytoplasm_instance,0,0,496,27887,0.10626220703125,0.017786065191666367,2,crowded,235,0.5057373046875,True,high,low,scale_normalized_known_localisation,largest matched target instance,Crop centre and scale only; never model input or prediction guidance.,0,0,0.85462582879663,0.8654421337837362,0.8438095238095238,27391,29447,496,554,0.018108137709466614,0.01881346147315516,0.0007053237636885472,0.0,0.5177590255818433,0.5177590255818433,True,0.7846774560942054,0.6729443190482269,0.11173313704597843,0.42052270469353337,0.9253659334029205,0.5048432287093871,True
Cx22-Pair.zip,Pair,00020,33,Cx22-Pair:000034,included,,largest_matched_cytoplasm_instance,1,1,477,27002,0.10284423828125,0.017665358121620622,2,crowded,232,0.5057373046875,True,high,low,scale_normalized_known_localisation,largest matched target instance,Crop centre and scale only; never model input or prediction guidance.,1,1,0.8622125431547559,0.8694345025053687,0.8549905838041432,26525,29355,477,585,0.017983034872761545,0.01992846193152785,0.001945427058766304,0.0,0.5188740260402159,0.5188740260402159,True,0.7757216969940621,0.5990913812871562,0.1766303157069059,0.34666976693246265,0.8515129956418498,0.5048432287093871,True
Cx22-Pair.zip,Pair,00020,34,Cx22-Pair:000035,included,,largest_matched_cytoplasm_instance,0,1,327,23769,0.09063720703125,0.013757415120535152,1,not_crowded,217,0.5057373046875,True,high,low,scale_normalized_known_localisation,largest matched target instance,Crop centre and scale only; never model input or prediction guidance.,0,1,0.641004979441724,0.9167131552304799,0.365296803652968,23442,24957,327,1425,0.013949321730227796,0.05709820891934127,0.04314888718911347,0.0,0.5560437730280293,0.5560437730280293,True,0.8041459391412812,0.3609067079090211,0.4432392312322601,0.1084850935543275,0.6133283222637147,0.5048432287093871,False
Cx22-Pair.zip,Pair,00021,35,Cx22-Pair:000036,included,,largest_matched_cytoplasm_instance,1,1,510,13326,0.05072021484375,0.038271049076992344,2,crowded,163,0.5057373046875,True,middle,high,scale_normalized_known_localisation,largest matched target instance,Crop centre and scale only; never model input or prediction guidance.,1,1,0.8441741650144883,0.9288546591429007,0.759493670886076,12816,13412,510,833,0.039794007490636704,0.06210855949895616,0.022314552008319458,0.0,0.5610541236076443,0.5610541236076443,True,0.7868911122181101,0.6595747967754992,0.1273163154426109,0.40715318242080567,0.9119964111301928,0.5048432287093871,True
Cx22-Pair.zip,Pair,00023,36,Cx22-Pair:000037,included,,largest_matched_cytoplasm_instance,1,1,226,12509,0.04754638671875,0.01806699176592853,2,crowded,158,0.5057373046875,True,middle,middle,scale_normalized_known_localisation,largest matched target instance,Crop centre and scale only; never model input or prediction guidance.,1,1,0.7866176521648554,0.8232353043297108,0.75,12283,16518,226,142,0.01839941382398437,0.008596682407071074,0.009802731416913296,0.0,0.5075422465157592,0.5075422465157592,True,0.8464174295616372,0.8047911752682121,0.04162625429342515,0.5523695609135185,1.0,0.4476304390864815,True
Cx22-Pair.zip,Pair,00024,37,Cx22-Pair:000038,included,,largest_matched_cytoplasm_instance,0,0,302,18501,0.070556640625,0.0163234419761094,2,crowded,192,0.5057373046875,True,high,low,scale_normalized_known_localisation,largest matched target instance,Crop centre and scale only; never model input or prediction guidance.,0,0,0.5367431869896528,0.8503611430964095,0.2231252308828962,18199,20013,302,2405,0.016594318369141162,0.12017188827262279,0.10357756990348163,0.0,0.6191174523813109,0.6191174523813109,True,0.8254398671958929,0.6570871239757728,0.16835274322012006,0.4046655096210793,0.9095087383304664,0.5048432287093871,True
Cx22-Pair.zip,Pair,00026,38,Cx22-Pair:000039,included,,largest_matched_cytoplasm_instance,1,1,464,16930,0.06402587890625,0.027406969875959836,2,crowded,183,0.5057373046875,True,middle,middle,scale_normalized_known_localisation,largest matched target instance,Crop centre and scale only; never model input or prediction guidance.,1,1,0.8670345850264417,0.8579884784102321,0.8760806916426513,16466,21376,464,577,0.028179278513300134,0.026992889221556886,0.0011863892917432471,0.0,0.5259384533302449,0.5259384533302449,True,0.8116594898487987,0.7773075060405976,0.034351983808201036,0.524885891685904,1.0,0.47511410831409595,True
Cx22-Pair.zip,Pair,00026,39,Cx22-Pair:000040,included,,largest_matched_cytoplasm_instance,1,0,761,19296,0.0733642578125,0.039438225538971805,1,not_crowded,196,0.5057373046875,True,high,high,scale_normalized_known_localisation,largest matched target instance,Crop centre and scale only; never model input or prediction guidance.,1,0,0.906935447619981,0.8732501125139162,0.9406207827260459,18535,23682,761,721,0.04105745886161316,0.03044506376150663,0.01061239510010653,0.0,0.5293906278701948,0.5293906278701948,True,0.8393826763847541,0.7858819886899825,0.053500687694771565,0.5334603743352889,1.0,0.4665396256647111,True
Cx22-Pair.zip,Pair,00027,40,Cx22-Pair:000041,included,,largest_matched_cytoplasm_instance,0,1,208,23778,0.0909423828125,0.00874758179830095,1,not_crowded,217,0.5057373046875,True,high,low,scale_normalized_known_localisation,largest matched target instance,Crop centre and scale only; never model input or prediction guidance.,0,1,0.3883762604462857,0.7033968516984258,0.07335566919414566,23570,27124,208,5463,0.008824777259227833,0.20140834685149683,0.192583569592269,0.0,0.7003539109601848,0.7003539109601848,True,0.8348406422033097,0.4042944360271777,0.430546206176132,0.15187282167248412,0.6567160503818712,0.5048432287093871,False
Cx22-Pair.zip,Pair,00028,41,Cx22-Pair:000042,included,,largest_matched_cytoplasm_instance,1,0,515,9891,0.0379638671875,0.052067536143969265,2,crowded,140,0.5057373046875,True,low,high,scale_normalized_known_localisation,largest matched target instance,Crop centre and scale only; never model input or prediction guidance.,1,0,0.424185319885011,0.6399108138238573,0.20845982594616475,9376,7667,515,4426,0.054927474402730374,0.5772792487283162,0.5223517743255858,0.07833368461962809,1.0762248128370042,0.9978911282173761,False,0.818090259258029,0.29991639535297265,0.5181738639050564,0.047494780998279085,0.5523380097076662,0.5048432287093871,False
Cx22-Pair.zip,Pair,00028,42,Cx22-Pair:000043,included,,largest_matched_cytoplasm_instance,1,1,615,20347,0.07769775390625,0.030225586081486216,2,crowded,201,0.5057373046875,True,high,high,scale_normalized_known_localisation,largest matched target instance,Crop centre and scale only; never model input or prediction guidance.,1,1,0.591735555916419,0.8450095733712996,0.3384615384615385,19732,21006,615,2765,0.031167646462598824,0.13162905836427688,0.10046141190167805,0.0,0.6305746224729649,0.6305746224729649,True,0.7436800746925172,0.3032042943059857,0.44047578038653146,0.05078267995129215,0.5556259086606793,0.5048432287093871,False
Cx22-Pair.zip,Pair,00028,43,Cx22-Pair:000044,included,,largest_matched_cytoplasm_instance,0,0,294,15780,0.06024169921875,0.018631178707224333,1,not_crowded,177,0.5057373046875,True,middle,middle,scale_normalized_known_localisation,largest matched target instance,Crop centre and scale only; never model input or prediction guidance.,0,0,0.5811355556254719,0.8949353448275862,0.26733576642335766,15486,14210,294,1898,0.01898488957768307,0.13356790992258974,0.11458302034490667,0.0,0.6325134740312778,0.6325134740312778,True,0.7811100969633894,0.23198324969636328,0.5491268472670261,0.0,0.48440486405105687,0.48440486405105687,False
Cx22-Pair.zip,Pair,00032,44,Cx22-Pair:000045,included,,largest_matched_cytoplasm_instance,0,0,339,15453,0.05926513671875,0.0219374878664337,2,crowded,180,0.5057373046875,True,middle,middle,scale_normalized_known_localisation,largest matched target instance,Crop centre and scale only; never model input or prediction guidance.,0,0,0.5932010188750152,0.8074413279908415,0.37896070975918883,15114,19826,339,1239,0.022429535529972212,0.06249369514778574,0.040064159617813525,0.0,0.5614392592564738,0.5614392592564738,True,0.730302338793313,0.6305446320096303,0.09975770678368268,0.3781230176549367,0.8829662463643239,0.5048432287093871,True
Cx22-Pair.zip,Pair,00032,45,Cx22-Pair:000046,included,,largest_matched_cytoplasm_instance,0,0,652,19760,0.0753173828125,0.03299595141700405,2,crowded,198,0.5057373046875,True,high,high,scale_normalized_known_localisation,largest matched target instance,Crop centre and scale only; never model input or prediction guidance.,0,0,0.8328134854855604,0.817542426717488,0.8480845442536328,19108,24968,652,862,0.03412183378689554,0.03452419096443447,0.00040235717753893396,0.0,0.5334697550731226,0.5334697550731226,True,0.8409698456283333,0.7446668086631334,0.09630303696519993,0.4922451943084398,0.997088423017827,0.5048432287093871,True
Cx22-Pair.zip,Pair,00032,46,Cx22-Pair:000047,included,,largest_matched_cytoplasm_instance,0,0,624,17676,0.06787109375,0.035302104548540394,2,crowded,191,0.5057373046875,True,middle,high,scale_normalized_known_localisation,largest matched target instance,Crop centre and scale only; never model input or prediction guidance.,0,0,0.745864969723484,0.7826531357231511,0.7090768037238169,17052,24039,624,665,0.036593947923997186,0.027663380340280378,0.008930567583716808,0.0,0.5266089444489684,0.5266089444489684,True,0.8498101772770421,0.7334389649562497,0.1163712123207924,0.48101735060155615,0.9858605793109433,0.5048432287093871,True
Cx22-Pair.zip,Pair,00033,47,Cx22-Pair:000048,included,,largest_matched_cytoplasm_instance,1,1,546,14684,0.05584716796875,0.03718332879324435,2,crowded,171,0.5057373046875,True,middle,high,scale_normalized_known_localisation,largest matched target instance,Crop centre and scale only; never model input or prediction guidance.,1,1,0.9161116290763573,0.9208791208791208,0.9113441372735939,14138,15892,546,503,0.038619323808176544,0.03165114523030456,0.006968178577871985,0.0,0.5305967093389926,0.5305967093389926,True,0.7885765117201732,0.7701607573755928,0.018415754344580426,0.5177391430208992,1.0,0.4822608569791008,True
Cx22-Pair.zip,Pair,00034,48,Cx22-Pair:000049,included,,largest_matched_cytoplasm_instance,0,0,239,19670,0.07501220703125,0.012150482968988307,2,crowded,198,0.5057373046875,True,high,low,scale_normalized_known_localisation,largest matched target instance,Crop centre and scale only; never model input or prediction guidance.,0,0,0.4497689299680057,0.8995378599360114,0.0,19431,22764,239,122,0.01229993309659822,0.005359339307678791,0.006940593788919429,0.0,0.5043049034163669,0.5043049034163669,True,0.7879283649452634,0.6986382593978594,0.08929010554740402,0.4462166450431658,0.951059873752553,0.5048432287093871,True
Cx22-Pair.zip,Pair,00036,49,Cx22-Pair:000050,included,,largest_matched_cytoplasm_instance,0,0,485,18341,0.06976318359375,0.02644348726896025,1,not_crowded,191,0.5057373046875,True,high,middle,scale_normalized_known_localisation,largest matched target instance,Crop centre and scale only; never model input or prediction guidance.,0,0,0.8220942978841672,0.9033654589496469,0.7408231368186874,17856,20950,485,414,0.02716173835125448,0.019761336515513126,0.0074004018357413555,0.0,0.5187069006242012,0.5187069006242012,True,0.8564933076213831,0.7421396761406621,0.11435363148072097,0.48971806178596855,0.9945612904953557,0.5048432287093871,True
Cx22-Pair.zip,Pair,00036,50,Cx22-Pair:000051,included,,largest_matched_cytoplasm_instance,0,0,651,12132,0.04595947265625,0.05365974282888229,2,crowded,155,0.5057373046875,True,middle,high,scale_normalized_known_localisation,largest matched target instance,Crop centre and scale only; never model input or prediction guidance.,0,0,0.8394763399346351,0.9011749020914924,0.7777777777777778,11481,12521,651,933,0.05670237784165143,0.07451481511061417,0.01781243726896274,0.0,0.5734603792193023,0.5734603792193023,True,0.8111543616134238,0.7987282095325954,0.012426152080828423,0.5463065951779018,1.0,0.4536934048220982,True
Cx22-Pair.zip,Pair,00039,51,Cx22-Pair:000052,included,,largest_matched_cytoplasm_instance,0,1,601,13216,0.05023193359375,0.04547518159806296,1,not_crowded,165,0.5057373046875,True,middle,high,scale_normalized_known_localisation,largest matched target instance,Crop centre and scale only; never model input or prediction guidance.,0,1,0.7303980180483054,0.7696290470572814,0.6911669890393295,12615,17901,601,950,0.04764169639318272,0.05306966091279817,0.005427964519615448,0.0,0.5520152250214863,0.5520152250214863,True,0.7348241320341558,0.36148142169812814,0.3733427103360276,0.10905980734343457,0.6139030360528217,0.5048432287093871,False
Cx22-Pair.zip,Pair,00039,52,Cx22-Pair:000053,included,,largest_matched_cytoplasm_instance,0,0,418,8657,0.03314208984375,0.048284625158831,2,crowded,131,0.5057373046875,True,low,high,scale_normalized_known_localisation,largest matched target instance,Crop centre and scale only; never model input or prediction guidance.,0,0,0.8844414205696428,0.8942847703997358,0.8745980707395499,8239,9923,418,515,0.050734312416555405,0.05189962712889247,0.001165314712337065,0.0,0.5508451912375806,0.5508451912375806,True,0.7756965988100932,0.8375057487128208,0.06180914990272757,0.5850841343581272,1.0,0.41491586564187277,True
Cx22-Pair.zip,Pair,00040,53,Cx22-Pair:000054,included,,largest_matched_cytoplasm_instance,1,1,287,20979,0.08001708984375,0.013680347013680347,1,not_crowded,204,0.5057373046875,True,high,low,scale_normalized_known_localisation,largest matched target instance,Crop centre and scale only; never model input or prediction guidance.,1,1,0.8547396161810077,0.8330313559141389,0.8764478764478765,20692,26221,287,231,0.013870094722598106,0.008809732657030625,0.005060362065567481,0.0,0.5077552967657187,0.5077552967657187,True,0.7107086238713912,0.6403279242418287,0.0703806996295625,0.38790630988713515,0.8927495385965223,0.5048432287093871,True
Cx22-Pair.zip,Pair,00040,54,Cx22-Pair:000055,included,,largest_matched_cytoplasm_instance,0,0,358,18294,0.0699462890625,0.019569257680113698,1,not_crowded,191,0.5057373046875,True,high,middle,scale_normalized_known_localisation,largest matched target instance,Crop centre and scale only; never model input or prediction guidance.,0,0,0.8258025953036567,0.8692922654372456,0.782312925170068,17936,22842,358,230,0.01995985727029438,0.010069170825672007,0.009890686444622375,0.0,0.5090147349343601,0.5090147349343601,True,0.840025346515204,0.8093344887487411,0.030690857766462853,0.5569128743940476,1.0,0.4430871256059524,True
Cx22-Pair.zip,Pair,00040,55,Cx22-Pair:000056,included,,largest_matched_cytoplasm_instance,1,1,429,19681,0.07513427734375,0.021797672882475486,1,not_crowded,198,0.5057373046875,True,high,middle,scale_normalized_known_localisation,largest matched target instance,Crop centre and scale only; never model input or prediction guidance.,1,1,0.805203254448984,0.8726543475146827,0.7377521613832853,19252,22634,429,265,0.02228339912736339,0.011708049836529115,0.010575349290834275,0.0,0.5106536139452171,0.5106536139452171,True,0.8243395547887787,0.8060001706404496,0.01833938414832914,0.553578556285756,1.0,0.44642144371424397,True
Cx22-Pair.zip,Pair,00041,56,Cx22-Pair:000057,included,,largest_matched_cytoplasm_instance,0,1,481,10013,0.03790283203125,0.0480375511834615,2,crowded,141,0.5057373046875,True,low,high,scale_normalized_known_localisation,largest matched target instance,Crop centre and scale only; never model input or prediction guidance.,0,1,0.8938855367978068,0.8896330670238721,0.8981380065717415,9532,11371,481,432,0.050461603021401596,0.03799138158473309,0.012470221436668504,0.0,0.5369369456934212,0.5369369456934212,True,0.8144259960177386,0.8080086798234916,0.006417316194247014,0.555587065468798,1.0,0.444412934531202,True
Cx22-Pair.zip,Pair,00046,57,Cx22-Pair:000058,included,,largest_matched_cytoplasm_instance,1,0,472,12684,0.04833984375,0.03721223588773258,1,not_crowded,159,0.5057373046875,True,middle,high,scale_normalized_known_localisation,largest matched target instance,Crop centre and scale only; never model input or prediction guidance.,1,0,0.8857508045977012,0.8680533333333333,0.903448275862069,12212,15913,472,398,0.038650507697346875,0.025010997297806824,0.013639510399540051,0.0,0.5239565614064949,0.5239565614064949,True,0.8102628970675416,0.7838744200747335,0.026388476992808108,0.53145280572004,1.0,0.46854719427996006,True
Cx22-Pair.zip,Pair,00049,58,Cx22-Pair:000059,included,,largest_matched_cytoplasm_instance,0,1,240,8932,0.03399658203125,0.026869682042095836,1,not_crowded,133,0.5057373046875,True,low,middle,scale_normalized_known_localisation,largest matched target instance,Crop centre and scale only; never model input or prediction guidance.,0,1,0.8213995888428325,0.820881369466487,0.821917808219178,8692,11345,240,344,0.02761159687068569,0.030321727633318644,0.002710130762632955,0.0,0.5292672917420067,0.5292672917420067,True,0.8334313519199523,0.8952499082210159,0.06181855630106359,0.6428282938663223,1.0,0.35717170613367766,True
Cx22-Pair.zip,Pair,00050,59,Cx22-Pair:000060,included,,largest_matched_cytoplasm_instance,0,0,564,19437,0.07373046875,0.0290168235838864,1,not_crowded,197,0.5057373046875,True,high,middle,scale_normalized_known_localisation,largest matched target instance,Crop centre and scale only; never model input or prediction guidance.,0,0,0.4023536088984558,0.6602954907453177,0.1444117270515939,18873,17541,564,7247,0.02988396121443332,0.4131463428538852,0.38326238163945187,0.0,0.9120919069625733,0.9120919069625733,True,0.8356282137799816,0.4021951895952711,0.4334330241847105,0.14977357524057755,0.6546168039499647,0.5048432287093871,False
Cx22-Pair.zip,Pair,00050,60,Cx22-Pair:000061,included,,largest_matched_cytoplasm_instance,1,1,442,10700,0.04052734375,0.041308411214953274,1,not_crowded,151,0.5057373046875,True,low,high,scale_normalized_known_localisation,largest matched target instance,Crop centre and scale only; never model input or prediction guidance.,1,1,0.8407044273757706,0.8656932326748339,0.8157156220767072,10258,11863,442,627,0.04308832131019692,0.05285340976144314,0.009765088451246219,0.0,0.5517989738701312,0.5517989738701312,True,0.8202556910097253,0.7822175491796185,0.038038141830106786,0.5297959348249249,1.0,0.47020406517507507,True
Cx22-Pair.zip,Pair,00051,61,Cx22-Pair:000062,included,,largest_matched_cytoplasm_instance,0,1,376,19168,0.0728759765625,0.01961602671118531,1,not_crowded,195,0.5057373046875,True,high,middle,scale_normalized_known_localisation,largest matched target instance,Crop centre and scale only; never model input or prediction guidance.,0,1,0.6470306476593147,0.8506650689035351,0.44339622641509435,18792,22933,376,1320,0.020008514261387826,0.05755897614790913,0.0375504618865213,0.0,0.5565045402565972,0.5565045402565972,True,0.8105358317835359,0.5315703982544749,0.278965433529061,0.27914878389978137,0.7839920126091685,0.5048432287093871,False
Cx22-Pair.zip,Pair,00053,62,Cx22-Pair:000063,included,,largest_matched_cytoplasm_instance,0,1,379,4930,0.0189208984375,0.07687626774847871,1,not_crowded,99,0.5057373046875,True,low,high,scale_normalized_known_localisation,largest matched target instance,Crop centre and scale only; never model input or prediction guidance.,0,1,0.9295380071762984,0.9268935236004391,0.9321824907521579,4551,4559,379,432,0.08327840035157108,0.09475762228558894,0.01147922193401786,0.0,0.593703186394277,0.593703186394277,True,0.851550607299388,0.8864744408946961,0.03492383359530804,0.6340528265400025,1.0,0.3659471734599975,True
Cx22-Pair.zip,Pair,00054,63,Cx22-Pair:000064,included,,largest_matched_cytoplasm_instance,0,1,243,21152,0.08038330078125,0.011488275340393343,1,not_crowded,205,0.5057373046875,True,high,low,scale_normalized_known_localisation,largest matched target instance,Crop centre and scale only; never model input or prediction guidance.,0,1,0.9050108805123512,0.9131963641993056,0.8968253968253969,20909,24308,243,261,0.011621789659955042,0.010737205858153694,0.0008845838018013488,0.0,0.5096827699668418,0.5096827699668418,True,0.8311420210138843,0.7267882895159998,0.10435373149788452,0.47436667516130626,0.9792099038706934,0.5048432287093871,True
Cx22-Pair.zip,Pair,00056,64,Cx22-Pair:000065,included,,largest_matched_cytoplasm_instance,1,0,468,26884,0.10247802734375,0.017408123791102514,1,not_crowded,231,0.5057373046875,True,high,low,scale_normalized_known_localisation,largest matched target instance,Crop centre and scale only; never model input or prediction guidance.,1,0,0.5425314604468338,0.8308070175438597,0.2542559033498078,26416,30584,468,3174,0.017716535433070866,0.1037797541198012,0.08606321868673034,0.0,0.6027253182284893,0.6027253182284893,True,0.8453237745515156,0.6165846452764066,0.2287391292751091,0.364163030921713,0.8690062596311001,0.5048432287093871,True
Cx22-Pair.zip,Pair,00056,65,Cx22-Pair:000066,included,,largest_matched_cytoplasm_instance,1,0,436,16851,0.06414794921875,0.025873835380689575,1,not_crowded,183,0.5057373046875,True,middle,middle,scale_normalized_known_localisation,largest matched target instance,Crop centre and scale only; never model input or prediction guidance.,1,0,0.6920272516299006,0.8601398601398601,0.5239146431199412,16415,20479,436,923,0.02656107219007006,0.045070560085941694,0.018509487895871635,0.0,0.5440161241946297,0.5440161241946297,True,0.8253957828718195,0.6723233964951523,0.1530723863766672,0.4199017821404587,0.9247450108498458,0.5048432287093871,True
Cx22-Pair.zip,Pair,00057,66,Cx22-Pair:000067,included,,largest_matched_cytoplasm_instance,1,1,298,16138,0.06182861328125,0.018465733052422852,1,not_crowded,179,0.5057373046875,True,middle,middle,scale_normalized_known_localisation,largest matched target instance,Crop centre and scale only; never model input or prediction guidance.,1,1,0.8373822116956431,0.914560341758633,0.7602040816326531,15840,17868,298,486,0.018813131313131313,0.02719946272666219,0.008386331413530877,0.0,0.5261450268353502,0.5261450268353502,True,0.712118501650593,0.7279028124721423,0.015784310821549297,0.4754811981174487,0.9803244268268358,0.5048432287093871,True
Cx22-Pair.zip,Pair,00058,67,Cx22-Pair:000068,included,,largest_matched_cytoplasm_instance,1,1,526,27244,0.10443115234375,0.019307003376890324,2,crowded,233,0.5057373046875,True,high,middle,scale_normalized_known_localisation,largest matched target instance,Crop centre and scale only; never model input or prediction guidance.,1,1,0.8824326313129428,0.8963892709766162,0.8684759916492694,26718,31442,526,432,0.019687102328018565,0.013739583995929013,0.005947518332089553,0.0,0.5126851481046171,0.5126851481046171,True,0.7975366553196729,0.7380852674797191,0.05945138783995374,0.4856636531250256,0.9905068818344127,0.5048432287093871,True
Cx22-Pair.zip,Pair,00059,68,Cx22-Pair:000069,included,,largest_matched_cytoplasm_instance,0,0,171,9309,0.03570556640625,0.018369320012890752,1,not_crowded,139,0.5057373046875,True,low,middle,scale_normalized_known_localisation,largest matched target instance,Crop centre and scale only; never model input or prediction guidance.,0,0,0.5637670412704512,0.880551724137931,0.24698235840297122,9138,8987,171,906,0.01871306631648063,0.10081228441081562,0.08209921809433499,0.0,0.5997578485195036,0.5997578485195036,True,0.6464528017809059,0.5654126877448795,0.0810401140360264,0.31299107339018595,0.8178343020995731,0.5048432287093871,True
Cx22-Pair.zip,Pair,00060,69,Cx22-Pair:000070,included,,largest_matched_cytoplasm_instance,0,0,307,15724,0.06005859375,0.019524294072755025,1,not_crowded,177,0.5057373046875,True,middle,middle,scale_normalized_known_localisation,largest matched target instance,Crop centre and scale only; never model input or prediction guidance.,0,0,0.9342499887305264,0.924143856634344,0.9443561208267091,15417,17171,307,322,0.019913082960368426,0.018752547900529964,0.0011605350598384613,0.0,0.517698112009218,0.517698112009218,True,0.8625352806060764,0.7280497627655061,0.13448551784057028,0.4756281484108126,0.9804713771201997,0.5048432287093871,True
Cx22-Pair.zip,Pair,00061,70,Cx22-Pair:000071,included,,largest_matched_cytoplasm_instance,1,0,246,10509,0.04022216796875,0.023408506994005138,1,not_crowded,145,0.5057373046875,True,low,middle,scale_normalized_known_localisation,largest matched target instance,Crop centre and scale only; never model input or prediction guidance.,1,0,0.8394016621348206,0.895129854881886,0.7836734693877551,10263,11030,246,244,0.023969599532300497,0.02212148685403445,0.0018481126782660465,0.0,0.5210670509627225,0.5210670509627225,True,0.8567441170086223,0.7632609644378143,0.09348315257080797,0.5108393500831208,1.0,0.48916064991687924,True
Cx22-Pair.zip,Pair,00061,71,Cx22-Pair:000072,included,,largest_matched_cytoplasm_instance,0,0,294,9632,0.036865234375,0.030523255813953487,1,not_crowded,152,0.5057373046875,True,low,high,scale_normalized_known_localisation,largest matched target instance,Crop centre and scale only; never model input or prediction guidance.,0,0,0.38653252032520324,0.6290650406504065,0.144,9338,12310,294,2331,0.031484257871064465,0.1893582453290008,0.15787398745793635,0.0,0.6883038094376889,0.6883038094376889,True,0.7658487944241854,0.26864631962516383,0.4972024747990216,0.016224705270470263,0.5210679339798574,0.5048432287093871,False
Cx22-Pair.zip,Pair,00062,72,Cx22-Pair:000073,included,,largest_matched_cytoplasm_instance,1,1,683,20186,0.07666015625,0.03383533141781433,2,crowded,200,0.5057373046875,True,high,high,scale_normalized_known_localisation,largest matched target instance,Crop centre and scale only; never model input or prediction guidance.,1,1,0.790405340635306,0.8144435439150279,0.766367137355584,19503,27383,683,875,0.03502025329436497,0.031954132125771466,0.0030661211685935053,0.0,0.5308996962344595,0.5308996962344595,True,0.8394832314320863,0.7213372792155464,0.1181459522165399,0.4689156648608528,0.9737588935702399,0.5048432287093871,True
Cx22-Pair.zip,Pair,00065,73,Cx22-Pair:000074,included,,largest_matched_cytoplasm_instance,1,1,283,13326,0.05078125,0.021236680174095753,2,crowded,163,0.5057373046875,True,middle,middle,scale_normalized_known_localisation,largest matched target instance,Crop centre and scale only; never model input or prediction guidance.,1,1,0.7400210781340577,0.9129078877310413,0.5671342685370742,13043,13251,283,715,0.021697462240282142,0.05395819183457852,0.03226072959429638,0.0,0.5529037559432666,0.5529037559432666,True,0.7837715636507114,0.7545654684935768,0.02920609515713468,0.5021438541388832,1.0,0.4978561458611168,True
Cx22-Pair.zip,Pair,00068,74,Cx22-Pair:000075,included,,largest_matched_cytoplasm_instance,0,0,450,23758,0.09075927734375,0.01894098829867834,2,crowded,217,0.5057373046875,True,high,middle,scale_normalized_known_localisation,largest matched target instance,Crop centre and scale only; never model input or prediction guidance.,0,0,0.851499063945884,0.8440717858193586,0.8589263420724095,23308,31076,450,351,0.01930667581946113,0.011294889947226156,0.008011785872234974,0.0,0.5102404540559142,0.5102404540559142,True,0.7974709257593923,0.6411859038424017,0.15628502191699056,0.38876428948770814,0.8936075181970953,0.5048432287093871,True
Cx22-Pair.zip,Pair,00068,75,Cx22-Pair:000076,included,,largest_matched_cytoplasm_instance,1,1,345,15011,0.05706787109375,0.02298314569315835,2,crowded,173,0.5057373046875,True,middle,middle,scale_normalized_known_localisation,largest matched target instance,Crop centre and scale only; never model input or prediction guidance.,1,1,0.7122105565296049,0.9295994789970694,0.4948216340621404,14666,16044,345,524,0.02352379653620619,0.032660184492645225,0.009136387956439035,0.0,0.5316057486013333,0.5316057486013333,True,0.8109624425781146,0.7674565993284671,0.04350584324964746,0.5150349849737735,1.0,0.48496501502622646,True
Cx22-Pair.zip,Pair,00068,76,Cx22-Pair:000077,included,,largest_matched_cytoplasm_instance,0,1,343,5582,0.02142333984375,0.06144750985309925,2,crowded,106,0.5057373046875,True,low,high,scale_normalized_known_localisation,largest matched target instance,Crop centre and scale only; never model input or prediction guidance.,0,1,0.7299734414962291,0.818863361547763,0.6410835214446953,5239,7166,343,543,0.06547050963924413,0.07577449065029306,0.01030398101104893,0.0,0.5747200547589811,0.5747200547589811,True,0.7179219863666526,0.7781680768937966,0.060246090527144025,0.5257464625391031,1.0,0.47425353746089693,True
Cx22-Pair.zip,Pair,00068,77,Cx22-Pair:000078,included,,largest_matched_cytoplasm_instance,1,1,177,19247,0.072998046875,0.00919623837481166,2,crowded,196,0.5057373046875,True,high,low,scale_normalized_known_localisation,largest matched target instance,Crop centre and scale only; never model input or prediction guidance.,1,1,0.377927040239287,0.7039859486104422,0.05186813186813187,19070,16229,177,6648,0.009281594126900891,0.40963706944358863,0.40035547531668775,0.0,0.9085826335522766,0.9085826335522766,True,0.7354520545470192,0.5188354962812312,0.21661655826578807,0.2664138819265376,0.7712571106359247,0.5048432287093871,True
Cx22-Pair.zip,Pair,00068,78,Cx22-Pair:000079,included,,largest_matched_cytoplasm_instance,0,0,420,25860,0.09857177734375,0.016241299303944315,2,crowded,227,0.5057373046875,True,high,low,scale_normalized_known_localisation,largest matched target instance,Crop centre and scale only; never model input or prediction guidance.,0,0,0.8860105862723664,0.9396035901271503,0.8324175824175825,25440,28040,420,308,0.01650943396226415,0.010984308131241084,0.005525125831023067,0.0,0.5099298722399291,0.5099298722399291,True,0.8410912557642516,0.7775284128204147,0.06356284294383685,0.5251067984657212,1.0,0.47489320153427883,True
Cx22-Pair.zip,Pair,00068,79,Cx22-Pair:000080,included,,largest_matched_cytoplasm_instance,0,0,436,22294,0.08514404296875,0.01955683143446667,1,not_crowded,210,0.5057373046875,True,high,middle,scale_normalized_known_localisation,largest matched target instance,Crop centre and scale only; never model input or prediction guidance.,0,0,0.8110687354313044,0.9436713941664436,0.6784660766961652,21858,22986,436,581,0.01994693018574435,0.025276255111807186,0.005329324926062837,0.0,0.5242218192204953,0.5242218192204953,True,0.7876847317362874,0.6646753965116379,0.12300933522464952,0.4122537821569443,0.9170970108663314,0.5048432287093871,True
Cx22-Pair.zip,Pair,00068,80,Cx22-Pair:000081,included,,largest_matched_cytoplasm_instance,1,1,378,13036,0.04974365234375,0.028996624731512734,2,crowded,164,0.5057373046875,True,middle,middle,scale_normalized_known_localisation,largest matched target instance,Crop centre and scale only; never model input or prediction guidance.,1,1,0.6073701332986085,0.9407676638574909,0.273972602739726,12658,12379,378,60,0.029862537525675463,0.004846918167864932,0.02501561935781053,0.0,0.503792482276553,0.503792482276553,True,0.7754957195422632,0.6765490615332916,0.09894665800897151,0.42412744717859807,0.9289706758879852,0.5048432287093871,True
Cx22-Pair.zip,Pair,00070,81,Cx22-Pair:000082,included,,largest_matched_cytoplasm_instance,1,1,376,18011,0.068359375,0.02087613125312309,2,crowded,189,0.5057373046875,True,high,middle,scale_normalized_known_localisation,largest matched target instance,Crop centre and scale only; never model input or prediction guidance.,1,1,0.8158023285061768,0.8406078724464374,0.7909967845659164,17635,22505,376,246,0.021321236178055005,0.010930904243501445,0.01039033193455356,0.0,0.5098764683521895,0.5098764683521895,True,0.8021824500792745,0.7538968175858591,0.04828563249341533,0.5014752032311656,1.0,0.49852479676883443,True
Cx22-Pair.zip,Pair,00070,82,Cx22-Pair:000083,included,,largest_matched_cytoplasm_instance,1,1,284,14454,0.05523681640625,0.019648540196485403,1,not_crowded,170,0.5057373046875,True,middle,middle,scale_normalized_known_localisation,largest matched target instance,Crop centre and scale only; never model input or prediction guidance.,1,1,0.8585044409082164,0.9064361945917633,0.8105726872246696,14170,16376,284,397,0.020042342978122796,0.024242794333170493,0.004200451355047697,0.0,0.5231883584418585,0.5231883584418585,True,0.8292644788442182,0.7051425286950319,0.12412195014918626,0.45272091434033834,0.9575641430497255,0.5048432287093871,True
Cx22-Pair.zip,Pair,00072,83,Cx22-Pair:000084,included,,largest_matched_cytoplasm_instance,0,0,683,14508,0.0550537109375,0.047077474496829336,1,not_crowded,170,0.5057373046875,True,middle,high,scale_normalized_known_localisation,largest matched target instance,Crop centre and scale only; never model input or prediction guidance.,0,0,0.8631556371685047,0.9194019590995016,0.8069093152375078,13825,15270,683,938,0.049403254972875225,0.06142763588736084,0.012024380914485613,0.0,0.560373199996049,0.560373199996049,True,0.8502907495265039,0.7977065636241287,0.052584185902375125,0.5452849492694352,1.0,0.45471505073056484,True
Cx22-Pair.zip,Pair,00074,84,Cx22-Pair:000085,included,,largest_matched_cytoplasm_instance,0,0,738,31450,0.11981201171875,0.02346581875993641,2,crowded,250,0.5057373046875,True,high,middle,scale_normalized_known_localisation,largest matched target instance,Crop centre and scale only; never model input or prediction guidance.,0,0,0.8733531605773299,0.9178903439791962,0.8288159771754636,30712,33507,738,664,0.024029695233133627,0.01981675470797147,0.004212940525162159,0.0,0.5187623188166596,0.5187623188166596,True,0.7745844944670234,0.7048346253669704,0.06974986910005299,0.4524130110122768,0.957256239721664,0.5048432287093871,True
Cx22-Pair.zip,Pair,00074,85,Cx22-Pair:000086,included,,largest_matched_cytoplasm_instance,1,0,564,22851,0.0877685546875,0.024681633188919524,2,crowded,213,0.5057373046875,True,high,middle,scale_normalized_known_localisation,largest matched target instance,Crop centre and scale only; never model input or prediction guidance.,1,0,0.5017575810022882,0.8603658777509977,0.14314928425357873,22287,28331,564,414,0.025306232332750034,0.014612968126786911,0.010693264205963122,0.0,0.513558532235475,0.513558532235475,True,0.7976845311061777,0.6858972880702903,0.11178724303588738,0.4334756737155967,0.9383189024249838,0.5048432287093871,True
Cx22-Pair.zip,Pair,00074,86,Cx22-Pair:000087,included,,largest_matched_cytoplasm_instance,1,1,392,16019,0.0611572265625,0.024470940757850054,2,crowded,178,0.5057373046875,True,middle,middle,scale_normalized_known_localisation,largest matched target instance,Crop centre and scale only; never model input or prediction guidance.,1,1,0.5523404715111648,0.818353097639366,0.2863278453829635,15627,20465,392,1005,0.025084789146989184,0.04910823356950892,0.024023444422519736,0.0,0.548053797678197,0.548053797678197,True,0.5856890755886381,0.735524093310641,0.1498350177220028,0.4831024789559474,0.9879457076653345,0.5048432287093871,True
Cx22-Pair.zip,Pair,00074,87,Cx22-Pair:000088,included,,largest_matched_cytoplasm_instance,1,1,751,35411,0.13458251953125,0.021208099178221456,1,not_crowded,265,0.5057373046875,True,high,middle,scale_normalized_known_localisation,largest matched target instance,Crop centre and scale only; never model input or prediction guidance.,1,1,0.7033513319444642,0.9332067289295787,0.4734959349593496,34660,35901,751,2324,0.021667628390075015,0.06473357288097825,0.04306594449090324,0.0,0.5636791369896663,0.5636791369896663,True,0.8376935468931809,0.3518854901136164,0.48580805677956446,0.09946387575892285,0.6043071044683099,0.5048432287093871,False
Cx22-Pair.zip,Pair,00075,88,Cx22-Pair:000089,included,,largest_matched_cytoplasm_instance,0,0,343,29750,0.11370849609375,0.011529411764705882,2,crowded,243,0.5057373046875,True,high,low,scale_normalized_known_localisation,largest matched target instance,Crop centre and scale only; never model input or prediction guidance.,0,0,0.7539655838509203,0.9311117606937542,0.5768194070080862,29407,32171,343,399,0.011663889550107118,0.012402474278076529,0.0007385847279694109,0.0,0.5113480383867646,0.5113480383867646,True,0.7911411362833659,0.726744320631247,0.06439681565211886,0.4743227062765535,0.9791659349859406,0.5048432287093871,True
Cx22-Pair.zip,Pair,00077,89,Cx22-Pair:000090,included,,largest_matched_cytoplasm_instance,1,1,244,9780,0.037109375,0.024948875255623722,2,crowded,169,0.5057373046875,True,low,middle,scale_normalized_known_localisation,largest matched target instance,Crop centre and scale only; never model input or prediction guidance.,1,1,0.46781948934590817,0.7642304785161929,0.17140850017562345,9536,7663,244,2603,0.025587248322147652,0.339684196789769,0.3140969484676214,0.0,0.8386297608984571,0.8386297608984571,True,0.7669066741430738,0.5109887508662833,0.2559179232767905,0.2585671365115897,0.7634103652209768,0.5048432287093871,False
Cx22-Pair.zip,Pair,00077,90,Cx22-Pair:000091,included,,largest_matched_cytoplasm_instance,1,1,373,13566,0.051513671875,0.027495208609759694,2,crowded,172,0.5057373046875,True,middle,middle,scale_normalized_known_localisation,largest matched target instance,Crop centre and scale only; never model input or prediction guidance.,1,1,0.6362201102391181,0.861329109367125,0.4111111111111111,13193,14585,373,887,0.028272568786477676,0.060815906753513886,0.03254333796703621,0.0,0.559761470862202,0.559761470862202,True,0.8383675206476504,0.3994866443394391,0.4388808763082113,0.14706502998474552,0.6519082586941327,0.5048432287093871,False
Cx22-Pair.zip,Pair,00078,91,Cx22-Pair:000092,included,,largest_matched_cytoplasm_instance,1,1,801,16805,0.06427001953125,0.04766438559952395,2,crowded,183,0.5057373046875,True,middle,high,scale_normalized_known_localisation,largest matched target instance,Crop centre and scale only; never model input or prediction guidance.,1,1,0.903502987804512,0.9493280729873012,0.8576779026217228,16004,16440,801,801,0.05004998750312422,0.04872262773722628,0.0013273597658979425,0.0,0.5476681918459143,0.5476681918459143,True,0.8257520758929489,0.7916268929212475,0.03412518297170131,0.539205278566554,1.0,0.460794721433446,True
Cx22-Pair.zip,Pair,00078,92,Cx22-Pair:000093,included,,largest_matched_cytoplasm_instance,0,1,194,14693,0.05609130859375,0.013203566324099912,2,crowded,171,0.5057373046875,True,middle,low,scale_normalized_known_localisation,largest matched target instance,Crop centre and scale only; never model input or prediction guidance.,0,1,0.7876230587236002,0.8634472779887864,0.7117988394584139,14499,18675,194,323,0.013380233119525485,0.017295850066934404,0.003915616947408919,0.0,0.5162414141756224,0.5162414141756224,True,0.670382213710262,0.6427315035079746,0.027650710202287376,0.390309889153281,0.8951531178626682,0.5048432287093871,True
Cx22-Pair.zip,Pair,00078,93,Cx22-Pair:000094,included,,largest_matched_cytoplasm_instance,1,0,734,8243,0.03106689453125,0.08904525051558898,1,not_crowded,128,0.5057373046875,True,low,high,scale_normalized_known_localisation,largest matched target instance,Crop centre and scale only; never model input or prediction guidance.,1,0,0.8044091721761173,0.8803792851932896,0.7284390591589451,7509,8943,734,669,0.09774936742575575,0.07480711170748071,0.022942255718275045,0.0,0.5737526758161687,0.5737526758161687,True,0.8308450218420849,0.8743282718564295,0.04348325001434461,0.6219066575017359,1.0,0.3780933424982641,True
Cx22-Pair.zip,Pair,00078,94,Cx22-Pair:000095,included,,largest_matched_cytoplasm_instance,0,1,585,12326,0.04705810546875,0.047460652279733895,2,crowded,163,0.5057373046875,True,middle,high,scale_normalized_known_localisation,largest matched target instance,Crop centre and scale only; never model input or prediction guidance.,0,1,0.8633877019447688,0.8709701604438447,0.8558052434456929,11741,14935,585,483,0.04982539817732731,0.032340140609307,0.017485257568020315,0.0,0.5312857047179951,0.5312857047179951,True,0.8152371344646497,0.8298757365219321,0.014638602057282402,0.5774541221672386,1.0,0.42254587783276143,True
Cx22-Pair.zip,Pair,00078,95,Cx22-Pair:000096,included,,largest_matched_cytoplasm_instance,1,1,277,10036,0.03814697265625,0.027600637704264647,1,not_crowded,141,0.5057373046875,True,low,middle,scale_normalized_known_localisation,largest matched target instance,Crop centre and scale only; never model input or prediction guidance.,1,1,0.2492426328534364,0.4241627543035994,0.07432251140327341,9759,6216,277,7177,0.028384055743416334,1.1546010296010296,1.1262169738576133,0.6556554654923415,1.6535465937097178,0.9978911282173762,False,0.7350724872415912,0.29265274366842986,0.4424197435731614,0.04023112931373629,0.5450743580231234,0.5048432287093871,False
Cx22-Pair.zip,Pair,00078,96,Cx22-Pair:000097,included,,largest_matched_cytoplasm_instance,1,0,118,11238,0.042724609375,0.010500088983804947,2,crowded,178,0.5057373046875,True,low,low,scale_normalized_known_localisation,largest matched target instance,Crop centre and scale only; never model input or prediction guidance.,1,0,0.28395101630395747,0.521870286576169,0.046031746031746035,11120,8770,118,4922,0.010611510791366907,0.5612314709236031,0.5506199601322362,0.06228590681491508,1.0601770350322912,0.9978911282173761,False,0.48573835289380585,0.31760367257177363,0.16813468032203222,0.06518205821708006,0.5700252869264673,0.5048432287093871,True
Cx22-Pair.zip,Pair,00079,97,Cx22-Pair:000098,included,,largest_matched_cytoplasm_instance,1,0,458,10797,0.0411376953125,0.04241919051588404,2,crowded,147,0.5057373046875,True,low,high,scale_normalized_known_localisation,largest matched target instance,Crop centre and scale only; never model input or prediction guidance.,1,0,0.7443063420491378,0.8741629879470264,0.6144496961512491,10339,9822,458,1023,0.04429828803559339,0.10415394013439218,0.05985565209879879,0.0,0.6030995042430802,0.6030995042430802,True,0.7676204774764938,0.5247014882877278,0.24291898918876598,0.2722798739330342,0.7771231026424213,0.5048432287093871,True
Cx22-Pair.zip,Pair,00079,98,Cx22-Pair:000099,included,,largest_matched_cytoplasm_instance,1,0,427,15357,0.05859375,0.02780490981311454,2,crowded,175,0.5057373046875,True,middle,middle,scale_normalized_known_localisation,largest matched target instance,Crop centre and scale only; never model input or prediction guidance.,1,0,0.4417632039467688,0.7313796058269066,0.15214680206663103,14930,14245,427,5186,0.028600133958472874,0.36405756405756406,0.3354574300990912,0.0,0.8630031281662521,0.8630031281662521,True,0.8230908348434434,0.33343456753790773,0.48965626730553563,0.08101295318321416,0.5858561818926014,0.5048432287093871,False
Cx22-Pair.zip,Pair,00080,99,Cx22-Pair:000100,included,,largest_matched_cytoplasm_instance,0,0,199,12649,0.048095703125,0.01573246896987904,2,crowded,159,0.5057373046875,True,middle,low,scale_normalized_known_localisation,largest matched target instance,Crop centre and scale only; never model input or prediction guidance.,0,0,0.47649782457701784,0.8006879568463433,0.1523076923076923,12450,13133,199,2401,0.015983935742971887,0.1828218990329704,0.1668379632899985,0.0,0.6817674631416585,0.6817674631416585,True,0.799088931250646,0.4235719245309269,0.37551700671971905,0.17115031017623333,0.6759935388856204,0.5048432287093871,False
Cx22-Pair.zip,Pair,00082,100,Cx22-Pair:000101,included,,largest_matched_cytoplasm_instance,0,0,529,16283,0.062255859375,0.03248787078548179,1,not_crowded,180,0.5057373046875,True,middle,high,scale_normalized_known_localisation,largest matched target instance,Crop centre and scale only; never model input or prediction guidance.,0,0,0.8366307009940572,0.8983194066284856,0.7749419953596288,15754,16199,529,764,0.033578773644788625,0.04716340514846595,0.013584631503677329,0.0,0.546108969257154,0.546108969257154,True,0.7798133563614086,0.6808404902476953,0.09897286611371325,0.42841887589300176,0.9332621046023889,0.5048432287093871,True
Cx22-Pair.zip,Pair,00083,101,Cx22-Pair:000102,included,,largest_matched_cytoplasm_instance,0,1,403,16728,0.063720703125,0.024091343854615015,1,not_crowded,182,0.5057373046875,True,middle,middle,scale_normalized_known_localisation,largest matched target instance,Crop centre and scale only; never model input or prediction guidance.,0,1,0.7790875415784699,0.9031750831569398,0.655,16325,16745,403,797,0.024686064318529863,0.047596297402209616,0.022910233083679753,0.0,0.5465418615108977,0.5465418615108977,True,0.7382181522470809,0.6992935642853648,0.03892458796171605,0.44687194993067125,0.9517151786400584,0.5048432287093871,True
Cx22-Pair.zip,Pair,00084,102,Cx22-Pair:000103,included,,largest_matched_cytoplasm_instance,0,0,350,20481,0.07781982421875,0.01708900932571652,1,not_crowded,202,0.5057373046875,True,high,low,scale_normalized_known_localisation,largest matched target instance,Crop centre and scale only; never model input or prediction guidance.,0,0,0.43651226095401374,0.7811069307828294,0.0919175911251981,20131,23991,350,912,0.017386120908052256,0.03801425534575466,0.0206281344377024,0.0,0.5369598194544427,0.5369598194544427,True,0.8346817869529091,0.257699591254239,0.57698219569867,0.005277976899545456,0.5101212056089326,0.5048432287093871,False
Cx22-Pair.zip,Pair,00085,103,Cx22-Pair:000104,included,,largest_matched_cytoplasm_instance,0,0,445,15281,0.058349609375,0.02912113081604607,1,not_crowded,174,0.5057373046875,True,middle,middle,scale_normalized_known_localisation,largest matched target instance,Crop centre and scale only; never model input or prediction guidance.,0,0,0.9023124949638721,0.9202028793749804,0.8844221105527639,14836,16907,445,550,0.029994607710973308,0.03253090435914118,0.002536296648167874,0.0,0.5314764684678293,0.5314764684678293,True,0.8345007651528971,0.7584406402849674,0.07606012486792968,0.5060190259302738,1.0,0.4939809740697262,True
Cx22-Pair.zip,Pair,00086,104,Cx22-Pair:000105,included,,largest_matched_cytoplasm_instance,0,0,674,15546,0.05914306640625,0.04335520391097388,1,not_crowded,176,0.5057373046875,True,middle,high,scale_normalized_known_localisation,largest matched target instance,Crop centre and scale only; never model input or prediction guidance.,0,0,0.3962180095422031,0.628425798862968,0.16401022022143813,14872,10633,674,7545,0.04532006455083378,0.7095833725195148,0.6642633079686809,0.2106378084108267,1.2085289366282028,0.9978911282173761,False,0.7225314256880773,0.31971303463581613,0.40281839105226114,0.06729142028112256,0.5721346489905097,0.5048432287093871,False
Cx22-Pair.zip,Pair,00087,105,Cx22-Pair:000106,included,,largest_matched_cytoplasm_instance,1,1,1041,18892,0.07220458984375,0.05510268896887571,2,crowded,194,0.5057373046875,True,high,high,scale_normalized_known_localisation,largest matched target instance,Crop centre and scale only; never model input or prediction guidance.,1,1,0.5423501575763168,0.745110464613878,0.3395898505387556,17851,16866,1041,4713,0.05831606072488936,0.2794379224475276,0.2211218617226382,0.0,0.7783834865562156,0.7783834865562156,True,0.8397934049668987,0.20898033978959138,0.6308130651773073,0.0,0.461401954144285,0.461401954144285,False
Cx22-Pair.zip,Pair,00090,106,Cx22-Pair:000107,included,,largest_matched_cytoplasm_instance,1,1,727,19484,0.07391357421875,0.037312666803531104,1,not_crowded,203,0.5057373046875,True,high,high,scale_normalized_known_localisation,largest matched target instance,Crop centre and scale only; never model input or prediction guidance.,1,1,0.5898103496158201,0.765849378953687,0.41377132027795327,18757,24557,727,2439,0.0387588633576798,0.09931994950523272,0.06056108614755292,0.0,0.5982655136139208,0.5982655136139208,True,0.744548839288384,0.25523497263187295,0.48931386665651105,0.0028133582771793786,0.5076565869865666,0.5048432287093871,False
Cx22-Pair.zip,Pair,00090,107,Cx22-Pair:000108,included,,largest_matched_cytoplasm_instance,1,1,465,20575,0.07843017578125,0.022600243013365735,1,not_crowded,202,0.5057373046875,True,high,middle,scale_normalized_known_localisation,largest matched target instance,Crop centre and scale only; never model input or prediction guidance.,1,1,0.6863953488372093,0.91,0.4627906976744186,20110,21690,465,1255,0.02312282446544008,0.057860765329645,0.034737940864204925,0.0,0.5568063294383331,0.5568063294383331,True,0.793477156096522,0.29488047280683494,0.4985966832896871,0.04245885845214137,0.5473020871615285,0.5048432287093871,False
Cx22-Pair.zip,Pair,00095,108,Cx22-Pair:000109,included,,largest_matched_cytoplasm_instance,1,1,343,14378,0.0545654296875,0.02385589094449854,2,crowded,169,0.5057373046875,True,middle,middle,scale_normalized_known_localisation,largest matched target instance,Crop centre and scale only; never model input or prediction guidance.,1,1,0.5079089912934402,0.8731329982533063,0.14268498433357435,14035,14018,343,3806,0.024438902743142144,0.27150806106434583,0.24706915832120369,0.0,0.7704536251730338,0.7704536251730338,True,0.7590170276435866,0.5944546496713662,0.1645623779722204,0.3420330353166726,0.8468762640260598,0.5048432287093871,True
Cx22-Pair.zip,Pair,00095,109,Cx22-Pair:000110,included,,largest_matched_cytoplasm_instance,0,0,417,8744,0.03338623046875,0.047689844464775845,2,crowded,132,0.5057373046875,True,low,high,scale_normalized_known_localisation,largest matched target instance,Crop centre and scale only; never model input or prediction guidance.,0,0,0.6418404091324829,0.89671826625387,0.3869625520110957,8327,7823,417,1025,0.05007805932508707,0.13102390387319443,0.08094584454810735,0.0,0.6299694679818825,0.6299694679818825,True,0.777440881414503,0.7497336198287037,0.02770726158579928,0.4973120054740101,1.0,0.5026879945259899,True
Cx22-Pair.zip,Pair,00097,110,Cx22-Pair:000111,included,,largest_matched_cytoplasm_instance,1,1,218,13732,0.0528564453125,0.015875327701718612,2,crowded,165,0.5057373046875,True,middle,low,scale_normalized_known_localisation,largest matched target instance,Crop centre and scale only; never model input or prediction guidance.,1,1,0.5963447851298319,0.8560100335801271,0.3366795366795367,13514,11203,218,1077,0.01613141926890632,0.09613496384896902,0.0800035445800627,0.0,0.5950805279576571,0.5950805279576571,True,0.8531417928265016,0.363169564119341,0.4899722287071606,0.11074794976464741,0.6155911784740346,0.5048432287093871,False
Cx22-Pair.zip,Pair,00100,111,Cx22-Pair:000112,included,,largest_matched_cytoplasm_instance,0,0,948,30740,0.117431640625,0.03083929733246584,2,crowded,247,0.5057373046875,True,high,high,scale_normalized_known_localisation,largest matched target instance,Crop centre and scale only; never model input or prediction guidance.,0,0,0.7241576824225153,0.902534395365677,0.5457809694793537,29792,32353,948,1837,0.03182062298603652,0.05677989676382406,0.02495927377778754,0.0,0.5557254608725122,0.5557254608725122,True,0.8445302070116448,0.660099603465747,0.1844306035458978,0.40767798911105346,0.9125212178204406,0.5048432287093871,True
Cx22-Pair.zip,Pair,00101,112,Cx22-Pair:000113,included,,largest_matched_cytoplasm_instance,0,0,231,7487,0.02850341796875,0.030853479364231336,2,crowded,122,0.5057373046875,True,low,high,scale_normalized_known_localisation,largest matched target instance,Crop centre and scale only; never model input or prediction guidance.,0,0,0.5695474080360856,0.8342299512073064,0.30486486486486486,7256,8730,231,694,0.031835722160970234,0.07949599083619702,0.04766026867522678,0.0,0.5784415549448851,0.5784415549448851,True,0.8364561325831351,0.72799329997522,0.10846283260791512,0.47557168562052643,0.9804149143299136,0.5048432287093871,True
Cx22-Pair.zip,Pair,00102,113,Cx22-Pair:000114,included,,largest_matched_cytoplasm_instance,0,0,671,28111,0.1075439453125,0.023869659563871794,2,crowded,236,0.5057373046875,True,high,middle,scale_normalized_known_localisation,largest matched target instance,Crop centre and scale only; never model input or prediction guidance.,0,0,0.5366975114624365,0.8133033798962891,0.2600916430285839,27440,31763,671,3912,0.0244533527696793,0.1231621698202311,0.09870881705055179,0.0,0.6221077339289192,0.6221077339289192,True,0.7965251413445077,0.32752456149331005,0.46900057985119764,0.07510294713861648,0.5799461758480036,0.5048432287093871,False
Cx22-Pair.zip,Pair,00102,114,Cx22-Pair:000115,included,,largest_matched_cytoplasm_instance,0,0,621,9741,0.03704833984375,0.06375115491222667,2,crowded,140,0.5057373046875,True,low,high,scale_normalized_known_localisation,largest matched target instance,Crop centre and scale only; never model input or prediction guidance.,0,0,0.7391641910811483,0.8823590923350413,0.5959692898272553,9120,10006,621,1463,0.0680921052631579,0.14621227263641814,0.07812016737326025,0.0,0.6451578367451062,0.6451578367451062,True,0.7985084847212979,0.8097361732163281,0.011227688495030197,0.5573145588616345,1.0,0.4426854411383655,True
Cx22-Pair.zip,Pair,00103,115,Cx22-Pair:000116,included,,largest_matched_cytoplasm_instance,1,0,506,16455,0.06256103515625,0.030750531753266485,2,crowded,181,0.5057373046875,True,middle,high,scale_normalized_known_localisation,largest matched target instance,Crop centre and scale only; never model input or prediction guidance.,1,0,0.5372850347969381,0.7926630515305064,0.2819070180633699,15949,17798,506,2871,0.03172612702990783,0.16131025957972805,0.1295841325498202,0.0,0.6602558236884162,0.6602558236884162,True,0.7759455631909059,0.6611643166935885,0.11478124649731736,0.408742702338895,0.9135859310482821,0.5048432287093871,True
Cx22-Pair.zip,Pair,00103,116,Cx22-Pair:000117,included,,largest_matched_cytoplasm_instance,1,1,871,16067,0.06103515625,0.05421049355822493,1,not_crowded,191,0.5057373046875,True,middle,high,scale_normalized_known_localisation,largest matched target instance,Crop centre and scale only; never model input or prediction guidance.,1,1,0.48373711134064024,0.7017228878223941,0.26575133485888636,15196,13767,871,5684,0.05731771518820742,0.41287135904699646,0.355553643858789,0.0,0.9118169231556845,0.9118169231556845,True,0.8033600435578349,0.27138546439639866,0.5319745791614362,0.018963850041705088,0.5238070787510922,0.5048432287093871,False
Cx22-Pair.zip,Pair,00104,117,Cx22-Pair:000118,included,,largest_matched_cytoplasm_instance,1,1,486,14028,0.05340576171875,0.034644995722840036,2,crowded,167,0.5057373046875,True,middle,high,scale_normalized_known_localisation,largest matched target instance,Crop centre and scale only; never model input or prediction guidance.,1,1,0.3771733641151432,0.7543467282302864,0.0,13542,14180,486,2381,0.0358883473637572,0.16791255289139634,0.13202420552763913,0.0,0.6668581170000845,0.6668581170000845,True,0.8403348265788494,0.2680705065716742,0.5722643200071752,0.015648892216980625,0.5204921209263678,0.5048432287093871,False
Cx22-Pair.zip,Pair,00106,118,Cx22-Pair:000119,included,,largest_matched_cytoplasm_instance,0,0,546,19031,0.07269287109375,0.028690032052966212,2,crowded,194,0.5057373046875,True,high,middle,scale_normalized_known_localisation,largest matched target instance,Crop centre and scale only; never model input or prediction guidance.,0,0,0.6943745665405687,0.8698954377568537,0.5188536953242836,18485,19961,546,1443,0.029537462807681904,0.07229096738640349,0.04275350457872158,0.0,0.5712365314950916,0.5712365314950916,True,0.7702307613931543,0.5446141149351995,0.22561664645795476,0.29219250058050594,0.7970357292898931,0.5048432287093871,True
Cx22-Pair.zip,Pair,00106,119,Cx22-Pair:000120,included,,largest_matched_cytoplasm_instance,1,1,728,15232,0.05828857421875,0.04779411764705882,2,crowded,174,0.5057373046875,True,middle,high,scale_normalized_known_localisation,largest matched target instance,Crop centre and scale only; never model input or prediction guidance.,1,1,0.7886385092274784,0.8485450762398683,0.7287319422150883,14504,17697,728,1141,0.05019305019305019,0.06447420466745776,0.014281154474407573,0.0,0.5634197687761459,0.5634197687761459,True,0.8039894467213343,0.5371229003069817,0.2668665464143526,0.28470128595228816,0.7895445146616753,0.5048432287093871,False
Cx22-Pair.zip,Pair,00107,120,Cx22-Pair:000121,included,,largest_matched_cytoplasm_instance,1,0,925,18418,0.0704345703125,0.050222608317949835,1,not_crowded,191,0.5057373046875,True,high,high,scale_normalized_known_localisation,largest matched target instance,Crop centre and scale only; never model input or prediction guidance.,1,0,0.5235155030316233,0.7553643393965799,0.2916666666666667,17493,19231,925,4259,0.05287829417481278,0.221465342415891,0.16858704824107823,0.0,0.7204109065245791,0.7204109065245791,True,0.8409430362578898,0.2323620871275439,0.6085809491303459,0.0,0.4847837014822375,0.4847837014822375,False
Cx22-Pair.zip,Pair,00107,121,Cx22-Pair:000122,included,,largest_matched_cytoplasm_instance,1,1,516,20523,0.0784912109375,0.02514252302294986,1,not_crowded,202,0.5057373046875,True,high,middle,scale_normalized_known_localisation,largest matched target instance,Crop centre and scale only; never model input or prediction guidance.,1,1,0.3301015876555278,0.5621268272596253,0.09807634805143028,20007,18849,516,9517,0.02579097315939421,0.5049074221444109,0.47911644898501665,0.0059618580357228,1.003852986253099,0.9978911282173761,True,0.8041644168589808,0.4113404818919912,0.3928239349669896,0.15891886753729761,0.6637620962466848,0.5048432287093871,False
Cx22-Pair.zip,Pair,00108,122,Cx22-Pair:000123,included,,largest_matched_cytoplasm_instance,1,0,432,13320,0.0506591796875,0.032432432432432434,1,not_crowded,163,0.5057373046875,True,middle,high,scale_normalized_known_localisation,largest matched target instance,Crop centre and scale only; never model input or prediction guidance.,1,0,0.5423384997423166,0.8048842533706436,0.27979274611398963,12888,14629,432,2656,0.0335195530726257,0.1815571809419646,0.1480376278693389,0.0,0.6805027450506527,0.6805027450506527,True,0.8306003691900301,0.6018119278114076,0.22878844137862253,0.349390313456714,0.8542335421661011,0.5048432287093871,True
Cx22-Pair.zip,Pair,00108,123,Cx22-Pair:000124,included,,largest_matched_cytoplasm_instance,1,1,650,20161,0.0771484375,0.032240464262685384,2,crowded,200,0.5057373046875,True,high,high,scale_normalized_known_localisation,largest matched target instance,Crop centre and scale only; never model input or prediction guidance.,1,1,0.4176516658104535,0.6848059647396899,0.1504973668812171,19511,19116,650,7895,0.03331454051560658,0.41300481272232686,0.3796902722067203,0.0,0.9119503768310149,0.9119503768310149,True,0.7961635240971132,0.21759661986850173,0.5785669042286115,0.0,0.47001823422319533,0.47001823422319533,False
Cx22-Pair.zip,Pair,00110,124,Cx22-Pair:000125,included,,largest_matched_cytoplasm_instance,0,0,258,14573,0.05511474609375,0.017703973100940094,2,crowded,191,0.5057373046875,True,middle,low,scale_normalized_known_localisation,largest matched target instance,Crop centre and scale only; never model input or prediction guidance.,0,0,0.35846583856367786,0.6249694600537503,0.09196221707360541,14315,14336,258,5353,0.018023052741879146,0.37339564732142855,0.3553725945795494,0.0,0.8723412114301166,0.8723412114301166,True,0.8034814299816008,0.3875024526810912,0.4159789773005096,0.1350808383263976,0.6399240670357847,0.5048432287093871,False
Cx22-Pair.zip,Pair,00110,125,Cx22-Pair:000126,included,,largest_matched_cytoplasm_instance,1,1,208,18738,0.07135009765625,0.011100437613405912,1,not_crowded,193,0.5057373046875,True,high,low,scale_normalized_known_localisation,largest matched target instance,Crop centre and scale only; never model input or prediction guidance.,1,1,0.5305526377695899,0.8940871397315038,0.16701813580767608,18530,18491,208,2163,0.011225040474905558,0.11697582607755123,0.10575078560264567,0.0,0.6159213901862393,0.6159213901862393,True,0.8143425509483767,0.6432921396525015,0.17105041129587517,0.39087052529780797,0.8957137540071951,0.5048432287093871,True
Cx22-Pair.zip,Pair,00111,126,Cx22-Pair:000127,included,,largest_matched_cytoplasm_instance,0,0,266,10539,0.04010009765625,0.025239586298510294,2,crowded,145,0.5057373046875,True,low,middle,scale_normalized_known_localisation,largest matched target instance,Crop centre and scale only; never model input or prediction guidance.,0,0,0.4999229328073271,0.7954783336822273,0.20436753193242688,10273,8835,266,2161,0.025893117881826147,0.24459535936615734,0.2187022414843312,0.0,0.7435409234748453,0.7435409234748453,True,0.7425421947402121,0.4212640620736054,0.3212781326666067,0.16884244771891183,0.673685676428299,0.5048432287093871,False
Cx22-Pair.zip,Pair,00112,127,Cx22-Pair:000128,included,,largest_matched_cytoplasm_instance,0,0,476,17395,0.06634521484375,0.027364185110663984,1,not_crowded,187,0.5057373046875,True,middle,middle,scale_normalized_known_localisation,largest matched target instance,Crop centre and scale only; never model input or prediction guidance.,0,0,0.4955961135901882,0.8030320699708455,0.18816015720953083,16919,17381,476,3595,0.02813405047579644,0.20683504976698694,0.1787009992911905,0.0,0.705780613875675,0.705780613875675,True,0.8434415757920147,0.4564142401185656,0.38702733567344916,0.203992625763872,0.7088358544732591,0.5048432287093871,False
Cx22-Pair.zip,Pair,00112,128,Cx22-Pair:000129,included,,largest_matched_cytoplasm_instance,0,0,166,14300,0.05438232421875,0.011608391608391609,1,not_crowded,169,0.5057373046875,True,middle,low,scale_normalized_known_localisation,largest matched target instance,Crop centre and scale only; never model input or prediction guidance.,0,0,0.8709436027128485,0.9134848385617919,0.8284023668639053,14134,16404,166,172,0.011744729022215933,0.010485247500609607,0.0012594815216063256,0.0,0.5094308116092977,0.5094308116092977,True,0.8090930501698378,0.7807750881663211,0.02831796200351666,0.5283534738116276,1.0,0.47164652618837244,True
Cx22-Pair.zip,Pair,00112,129,Cx22-Pair:000130,included,,largest_matched_cytoplasm_instance,0,0,154,7411,0.02783203125,0.02077992173795709,2,crowded,129,0.5057373046875,True,low,middle,scale_normalized_known_localisation,largest matched target instance,Crop centre and scale only; never model input or prediction guidance.,0,0,0.5122038493562616,0.7690179806362379,0.25538971807628524,7257,9372,154,1052,0.021220890175003445,0.11224925309432351,0.09102836291932007,0.0,0.6111948172030116,0.6111948172030116,True,0.8515753216707407,0.8023061543659921,0.04926916730474862,0.5498845400112985,1.0,0.4501154599887015,True
Cx22-Pair.zip,Pair,00113,130,Cx22-Pair:000131,included,,largest_matched_cytoplasm_instance,0,1,1171,21343,0.0811767578125,0.054865763950709835,2,crowded,250,0.5057373046875,True,high,high,scale_normalized_known_localisation,largest matched target instance,Crop centre and scale only; never model input or prediction guidance.,0,1,0.4480957808699304,0.5879119776935267,0.3082795840463341,20172,29679,1171,6426,0.058050763434463616,0.21651672900030325,0.15846596556583964,0.0,0.7154622931089913,0.7154622931089913,True,0.8554057204058497,0.27207966929734473,0.583326051108505,0.01965805494265116,0.5245012836520383,0.5048432287093871,False
Cx22-Pair.zip,Pair,00113,131,Cx22-Pair:000132,included,,largest_matched_cytoplasm_instance,1,0,750,9693,0.03692626953125,0.0773754255648406,2,crowded,139,0.5057373046875,True,low,high,scale_normalized_known_localisation,largest matched target instance,Crop centre and scale only; never model input or prediction guidance.,1,0,0.7777819462905,0.8306642941874258,0.7248995983935743,8943,11289,750,1242,0.08386447500838645,0.11001860217911241,0.02615412717072596,0.0,0.6089641662878005,0.6089641662878005,True,0.8166213856012378,0.6011083190842531,0.21551306651698465,0.34868670472955954,0.8535299334389467,0.5048432287093871,True
Cx22-Pair.zip,Pair,00114,132,Cx22-Pair:000133,included,,largest_matched_cytoplasm_instance,0,1,409,26208,0.0999755859375,0.015605921855921856,2,crowded,228,0.5057373046875,True,high,low,scale_normalized_known_localisation,largest matched target instance,Crop centre and scale only; never model input or prediction guidance.,0,1,0.5784861501334474,0.8847289542592902,0.2722433460076046,25799,28048,409,2221,0.015853327648358465,0.07918568168853395,0.06333235404017548,0.0,0.578131245797222,0.578131245797222,True,0.8267559655292177,0.2175235946114843,0.6092323709177334,0.0,0.46994520896617786,0.46994520896617786,False
Cx22-Pair.zip,Pair,00114,133,Cx22-Pair:000134,included,,largest_matched_cytoplasm_instance,0,0,433,20797,0.0794677734375,0.020820310621724288,2,crowded,203,0.5057373046875,True,high,middle,scale_normalized_known_localisation,largest matched target instance,Crop centre and scale only; never model input or prediction guidance.,0,0,0.8062295064886726,0.9427201496900948,0.6697388632872504,20364,22391,433,218,0.021263013160479276,0.009736054664820687,0.01152695849565859,0.0,0.5086816187735087,0.5086816187735087,True,0.7695278571775741,0.6676913870308905,0.10183647014668362,0.4152697726761969,0.920113001385584,0.5048432287093871,True
Cx22-Pair.zip,Pair,00114,134,Cx22-Pair:000135,included,,largest_matched_cytoplasm_instance,1,1,849,14444,0.0546875,0.05877873165328164,2,crowded,169,0.5057373046875,True,middle,high,scale_normalized_known_localisation,largest matched target instance,Crop centre and scale only; never model input or prediction guidance.,1,1,0.3994516603047163,0.5896950253179235,0.20920829529150906,13595,12276,849,6818,0.06244942993747701,0.5553926360377973,0.4929432061003203,0.05644707192910925,1.0543382001464854,0.9978911282173761,True,0.8295086156891361,0.41931499717119414,0.410193618517942,0.16689338281650057,0.6717366115258877,0.5048432287093871,False
Cx22-Pair.zip,Pair,00114,135,Cx22-Pair:000136,included,,largest_matched_cytoplasm_instance,0,0,391,23987,0.09185791015625,0.01630049610205528,2,crowded,218,0.5057373046875,True,high,low,scale_normalized_known_localisation,largest matched target instance,Crop centre and scale only; never model input or prediction guidance.,0,0,0.28688305999232183,0.5145819831497084,0.05918413683493529,23596,19608,391,12822,0.016570605187319884,0.6539167686658507,0.6373461634785308,0.15497120455716262,1.1528623327745389,0.9978911282173762,False,0.8228502140773727,0.6259340778023046,0.1969161362750681,0.373512463447611,0.8783556921569982,0.5048432287093871,True
Cx22-Pair.zip,Pair,00114,136,Cx22-Pair:000137,included,,largest_matched_cytoplasm_instance,0,0,511,19609,0.0748291015625,0.02605946249171299,1,not_crowded,197,0.5057373046875,True,high,middle,scale_normalized_known_localisation,largest matched target instance,Crop centre and scale only; never model input or prediction guidance.,0,0,0.3971746147379407,0.6591581166910951,0.1351911127847863,19098,19791,511,4800,0.026756728453241178,0.24253448537213884,0.21577775691889767,0.0,0.7414800494808269,0.7414800494808269,True,0.7585564678512497,0.47774126252465665,0.2808152053265931,0.22531964816996308,0.7301628768793502,0.5048432287093871,False
Cx22-Pair.zip,Pair,00117,137,Cx22-Pair:000138,included,,largest_matched_cytoplasm_instance,1,0,361,17042,0.06488037109375,0.021182959746508627,2,crowded,201,0.5057373046875,True,middle,middle,scale_normalized_known_localisation,largest matched target instance,Crop centre and scale only; never model input or prediction guidance.,1,0,0.5446634709865223,0.7650560571485266,0.32427088482451805,16681,23635,361,1662,0.021641388405970866,0.07031944150624074,0.048678053100269875,0.0,0.5692650056149288,0.5692650056149288,True,0.8030180147533598,0.42696935702630184,0.3760486577270579,0.17454774267160827,0.6793909713809954,0.5048432287093871,False
Cx22-Pair.zip,Pair,00117,138,Cx22-Pair:000139,included,,largest_matched_cytoplasm_instance,1,1,687,22114,0.0845947265625,0.031066292846160803,2,crowded,210,0.5057373046875,True,high,high,scale_normalized_known_localisation,largest matched target instance,Crop centre and scale only; never model input or prediction guidance.,1,1,0.5975235536671019,0.8588875063366975,0.33615960099750625,21427,21971,687,3323,0.03206235123909087,0.15124482272085932,0.11918247148176844,0.0,0.6501903868295473,0.6501903868295473,True,0.8099691171709055,0.19313369627344273,0.6168354208974627,0.0,0.4455553106281363,0.4455553106281363,False
Cx22-Pair.zip,Pair,00119,139,Cx22-Pair:000140,included,,largest_matched_cytoplasm_instance,0,0,521,11286,0.0430908203125,0.04616338826865143,2,crowded,150,0.5057373046875,True,low,high,scale_normalized_known_localisation,largest matched target instance,Crop centre and scale only; never model input or prediction guidance.,0,0,0.8478805405703078,0.8514628355265805,0.8442982456140351,10765,14084,521,391,0.04839758476544357,0.027761999431979552,0.020635585333464018,0.0,0.5267075635406676,0.5267075635406676,True,0.7090707768433981,0.7060830470059947,0.0029877298374034744,0.4536614326513011,0.9585046613606882,0.5048432287093871,True
Cx22-Pair.zip,Pair,00120,140,Cx22-Pair:000141,included,,largest_matched_cytoplasm_instance,0,1,318,20254,0.07745361328125,0.015700602350153057,2,crowded,201,0.5057373046875,True,high,low,scale_normalized_known_localisation,largest matched target instance,Crop centre and scale only; never model input or prediction guidance.,0,1,0.6299533698662175,0.8641320918451111,0.3957746478873239,19936,22701,318,1102,0.015951043338683787,0.04854411699925113,0.032593073660567344,0.0,0.5474896811079392,0.5474896811079392,True,0.7882969092555024,0.19739143055559522,0.5909054786999073,0.0,0.4498130449102888,0.4498130449102888,False
Cx22-Pair.zip,Pair,00120,141,Cx22-Pair:000142,included,,largest_matched_cytoplasm_instance,1,1,347,15969,0.0606689453125,0.021729601102135388,1,not_crowded,178,0.5057373046875,True,middle,middle,scale_normalized_known_localisation,largest matched target instance,Crop centre and scale only; never model input or prediction guidance.,1,1,0.5071829539476678,0.8210346139216432,0.19333129397369225,15622,15926,347,2922,0.022212264754832928,0.18347356523923145,0.16126130048439852,0.0,0.6824191293479195,0.6824191293479195,True,0.8031526078009725,0.2383250513573503,0.5648275564436223,0.0,0.49074666571204384,0.49074666571204384,False
Cx22-Pair.zip,Pair,00121,142,Cx22-Pair:000143,included,,largest_matched_cytoplasm_instance,1,0,410,18128,0.06903076171875,0.02261694616063548,1,not_crowded,190,0.5057373046875,True,high,middle,scale_normalized_known_localisation,largest matched target instance,Crop centre and scale only; never model input or prediction guidance.,1,0,0.47915573440140824,0.7687834452039964,0.18952802359882007,17718,14611,410,2302,0.023140309289987584,0.1575525289165697,0.13441221962658212,0.0,0.6564980930252577,0.6564980930252577,True,0.7846877811465887,0.4639446328104237,0.32074314833616496,0.21152301845573013,0.7163662471651173,0.5048432287093871,False
Cx22-Pair.zip,Pair,00122,143,Cx22-Pair:000144,included,,largest_matched_cytoplasm_instance,1,1,268,12601,0.04827880859375,0.02126815332116499,1,not_crowded,158,0.5057373046875,True,middle,middle,scale_normalized_known_localisation,largest matched target instance,Crop centre and scale only; never model input or prediction guidance.,1,1,0.4062470332642706,0.7189672293942403,0.09352683713430085,12333,11835,268,4073,0.021730317035595557,0.3441487114490917,0.3224183944134961,0.0,0.8430942755577797,0.8430942755577797,True,0.8756651884333579,0.3594537305233397,0.5162114579100183,0.10703211616864611,0.6118753448780332,0.5048432287093871,False
Cx22-Pair.zip,Pair,00123,144,Cx22-Pair:000145,included,,largest_matched_cytoplasm_instance,1,0,518,17733,0.0673828125,0.029211075396154064,2,crowded,188,0.5057373046875,True,middle,middle,scale_normalized_known_localisation,largest matched target instance,Crop centre and scale only; never model input or prediction guidance.,1,0,0.8199581557232802,0.9395604395604396,0.700355871886121,17215,18093,518,887,0.030090037757769385,0.04902448460730669,0.018934446849537306,0.0,0.5479700487159948,0.5479700487159948,True,0.8480048527283045,0.7633524978999744,0.08465235482833011,0.5109308835452808,1.0,0.4890691164547192,True
Cx22-Pair.zip,Pair,00123,145,Cx22-Pair:000146,included,,largest_matched_cytoplasm_instance,0,0,644,8756,0.033447265625,0.07354956601187757,2,crowded,141,0.5057373046875,True,low,high,scale_normalized_known_localisation,largest matched target instance,Crop centre and scale only; never model input or prediction guidance.,0,0,0.8435828691524088,0.8072858584249376,0.8798798798798799,8112,10719,644,688,0.07938856015779093,0.06418509189290046,0.015203468264890468,0.0,0.5631306560015885,0.5631306560015885,True,0.84479416994968,0.8201957415158815,0.024598428433798558,0.5677741271611879,1.0,0.4322258728388121,True
Cx22-Pair.zip,Pair,00124,146,Cx22-Pair:000147,included,,largest_matched_cytoplasm_instance,1,1,186,14677,0.0560302734375,0.012672889555086189,2,crowded,171,0.5057373046875,True,middle,low,scale_normalized_known_localisation,largest matched target instance,Crop centre and scale only; never model input or prediction guidance.,1,1,0.47232310628555535,0.7951885990717134,0.14945761349939735,14491,16103,186,2303,0.012835553101925332,0.1430168291622679,0.13018127606034258,0.0,0.6419623932709559,0.6419623932709559,True,0.773620667576503,0.5121075953965585,0.2615130721799446,0.2596859810418649,0.764529209751252,0.5048432287093871,False
Cx22-Pair.zip,Pair,00125,147,Cx22-Pair:000148,included,,largest_matched_cytoplasm_instance,1,0,389,18411,0.0699462890625,0.02112867307587855,1,not_crowded,191,0.5057373046875,True,high,middle,scale_normalized_known_localisation,largest matched target instance,Crop centre and scale only; never model input or prediction guidance.,1,0,0.8510025289017341,0.9176300578034682,0.784375,18022,20730,389,251,0.021584729774719785,0.012108055957549445,0.00947667381717034,0.0,0.5110536200662376,0.5110536200662376,True,0.8140510724005043,0.7882858811758242,0.02576519122468013,0.5358642668211306,1.0,0.46413573317886936,True
Cx22-Pair.zip,Pair,00125,148,Cx22-Pair:000149,included,,largest_matched_cytoplasm_instance,0,1,335,13590,0.0517578125,0.024650478292862398,2,crowded,181,0.5057373046875,True,middle,middle,scale_normalized_known_localisation,largest matched target instance,Crop centre and scale only; never model input or prediction guidance.,0,1,0.8406984021541513,0.8318146316063525,0.8495821727019499,13255,17473,335,383,0.025273481705016976,0.021919532993761804,0.0033539487112551718,0.0,0.5208650971024499,0.5208650971024499,True,0.6941362118717631,0.7115252524585136,0.017389040586750504,0.45910363810382004,0.9639468668132072,0.5048432287093871,True
Cx22-Pair.zip,Pair,00125,149,Cx22-Pair:000150,included,,largest_matched_cytoplasm_instance,0,1,344,26105,0.09954833984375,0.013177552193066462,2,crowded,228,0.5057373046875,True,high,low,scale_normalized_known_localisation,largest matched target instance,Crop centre and scale only; never model input or prediction guidance.,0,1,0.8958096818819092,0.9572998371365994,0.834319526627219,25761,27658,344,332,0.013353518885136447,0.012003760214042954,0.0013497586710934928,0.0,0.510949324322731,0.510949324322731,True,0.8234524182298338,0.7264227947418196,0.09702962348801425,0.474001180387126,0.9788444090965132,0.5048432287093871,True
Cx22-Pair.zip,Pair,00125,150,Cx22-Pair:000151,included,,largest_matched_cytoplasm_instance,0,0,452,12845,0.04901123046875,0.03518878941222266,2,crowded,160,0.5057373046875,True,middle,high,scale_normalized_known_localisation,largest matched target instance,Crop centre and scale only; never model input or prediction guidance.,0,0,0.6858966391044593,0.8765832561013284,0.4952100221075903,12393,13503,452,905,0.0364722020495441,0.06702214322743094,0.03054994117788684,0.0,0.565967707336119,0.565967707336119,True,0.8101185839663628,0.4606324416675652,0.34948614229879765,0.2082108273128716,0.7130540560222587,0.5048432287093871,False
Cx22-Pair.zip,Pair,00125,151,Cx22-Pair:000152,included,,largest_matched_cytoplasm_instance,1,0,249,20425,0.07757568359375,0.01219094247246022,1,not_crowded,201,0.5057373046875,True,high,low,scale_normalized_known_localisation,largest matched target instance,Crop centre and scale only; never model input or prediction guidance.,1,0,0.8515008610894526,0.9023202911737943,0.8006814310051107,20176,23784,249,338,0.012341395717684377,0.014211234443323242,0.0018698387256388654,0.0,0.5131567985520114,0.5131567985520114,True,0.8436427601323142,0.7115243122485683,0.13211844788374594,0.4591026978938747,0.9639459266032618,0.5048432287093871,True
Cx22-Pair.zip,Pair,00125,152,Cx22-Pair:000153,included,,largest_matched_cytoplasm_instance,0,1,240,13177,0.05010986328125,0.018213553919708584,1,not_crowded,162,0.5057373046875,True,middle,middle,scale_normalized_known_localisation,largest matched target instance,Crop centre and scale only; never model input or prediction guidance.,0,1,0.414487057146568,0.7294097085681828,0.09956440572495333,12937,9950,240,4581,0.018551441601607793,0.4604020100502513,0.44185056844864345,0.0,0.9593475741589393,0.9593475741589393,True,0.6254044099682908,0.5533148803675166,0.0720895296007742,0.30089326601282307,0.8057364947222102,0.5048432287093871,True
Cx22-Pair.zip,Pair,00126,153,Cx22-Pair:000154,included,,largest_matched_cytoplasm_instance,1,1,208,22302,0.0849609375,0.009326517801094072,1,not_crowded,210,0.5057373046875,True,high,low,scale_normalized_known_localisation,largest matched target instance,Crop centre and scale only; never model input or prediction guidance.,1,1,0.6855925220337642,0.819460906136494,0.5517241379310345,22094,30216,208,401,0.009414320630035304,0.013271114641249668,0.0038567940112143647,0.0,0.5122166787499377,0.5122166787499377,True,0.7706188571433248,0.7354506352885896,0.03516822185473523,0.483029020933896,0.9878722496432831,0.5048432287093871,True
Cx22-Pair.zip,Pair,00127,154,Cx22-Pair:000155,included,,largest_matched_cytoplasm_instance,1,0,343,13096,0.0509033203125,0.026191203420891877,1,not_crowded,161,0.5057373046875,True,middle,middle,scale_normalized_known_localisation,largest matched target instance,Crop centre and scale only; never model input or prediction guidance.,1,0,0.6543625595242112,0.8841726893809032,0.42455242966751916,12753,13398,343,1221,0.026895632400219555,0.09113300492610837,0.06423737252588882,0.0,0.5900785690347965,0.5900785690347965,True,0.7911411362833659,0.6360592743243526,0.1550818619590133,0.38363765996965904,0.8884808886790462,0.5048432287093871,True
Cx22-Pair.zip,Pair,00128,155,Cx22-Pair:000156,included,,largest_matched_cytoplasm_instance,1,1,262,27472,0.10430908203125,0.009536983110075713,2,crowded,234,0.5057373046875,True,high,low,scale_normalized_known_localisation,largest matched target instance,Crop centre and scale only; never model input or prediction guidance.,1,1,0.7934923228110957,0.8917791661701368,0.6952054794520548,27210,31531,262,322,0.009628812936420433,0.010212172148044782,0.0005833592116243486,0.0,0.5091577362567329,0.5091577362567329,True,0.795326205993582,0.48913422610674023,0.3061919798868417,0.23671261175204666,0.7415558404614337,0.5048432287093871,False
Cx22-Pair.zip,Pair,00128,156,Cx22-Pair:000157,included,,largest_matched_cytoplasm_instance,1,0,742,29080,0.110595703125,0.025515818431911967,1,not_crowded,240,0.5057373046875,True,high,middle,scale_normalized_known_localisation,largest matched target instance,Crop centre and scale only; never model input or prediction guidance.,1,0,0.7703787789691698,0.8640309183562156,0.6767266395821242,28338,35831,742,981,0.02618392264803444,0.02737852697384946,0.0011946043258150192,0.0,0.5263240910825375,0.5263240910825375,True,0.843895978372854,0.655586521704958,0.188309456667896,0.40316490735026445,0.9080081360596516,0.5048432287093871,True
Cx22-Pair.zip,Pair,00129,157,Cx22-Pair:000158,included,,largest_matched_cytoplasm_instance,1,0,853,16201,0.06182861328125,0.052651070921548054,1,not_crowded,179,0.5057373046875,True,middle,high,scale_normalized_known_localisation,largest matched target instance,Crop centre and scale only; never model input or prediction guidance.,1,0,0.7231567064984673,0.8500897383418874,0.5962236746550472,15348,16411,853,1901,0.05557727391191035,0.11583693863871793,0.06025966472680758,0.0,0.614782502747406,0.614782502747406,True,0.8182446220284119,0.7740717566567444,0.044172865371667425,0.5216501423020509,1.0,0.47834985769794913,True
Cx22-Pair.zip,Pair,00130,158,Cx22-Pair:000159,included,,largest_matched_cytoplasm_instance,0,0,810,17747,0.06756591796875,0.045641516876091734,2,crowded,188,0.5057373046875,True,middle,high,scale_normalized_known_localisation,largest matched target instance,Crop centre and scale only; never model input or prediction guidance.,0,0,0.8850388733294166,0.9111303782377804,0.8589473684210527,16937,19971,810,615,0.04782429001594143,0.030794652245756348,0.01702963777018508,0.0,0.5297402163544445,0.5297402163544445,True,0.7687391971891673,0.7146110589130411,0.05412813827612617,0.46218944455834754,0.9670326732677347,0.5048432287093871,True
Cx22-Pair.zip,Pair,00133,159,Cx22-Pair:000160,included,,largest_matched_cytoplasm_instance,1,0,424,15921,0.0606689453125,0.026631492996671065,1,not_crowded,178,0.5057373046875,True,middle,middle,scale_normalized_known_localisation,largest matched target instance,Crop centre and scale only; never model input or prediction guidance.,1,0,0.9156978375251266,0.9141024419675463,0.9172932330827067,15497,15994,424,374,0.02736013421952636,0.023383768913342505,0.003976365306183855,0.0,0.5223293330220306,0.5223293330220306,True,0.7473882106150826,0.6818036616938253,0.06558454892125731,0.42938204733913177,0.9342252760485189,0.5048432287093871,True
Cx22-Pair.zip,Pair,00133,160,Cx22-Pair:000161,included,,largest_matched_cytoplasm_instance,0,0,293,11696,0.044677734375,0.025051299589603282,2,crowded,153,0.5057373046875,True,middle,middle,scale_normalized_known_localisation,largest matched target instance,Crop centre and scale only; never model input or prediction guidance.,0,0,0.4366750421302882,0.7121577022567122,0.1611923820038642,11403,11019,293,3330,0.025694992545821273,0.302205281786006,0.2765102892401847,0.0,0.8011508458946941,0.8011508458946941,True,0.8191762390456734,0.47210744297996327,0.3470687960657101,0.2196858286252697,0.7245290573346568,0.5048432287093871,False
Cx22-Pair.zip,Pair,00133,161,Cx22-Pair:000162,included,,largest_matched_cytoplasm_instance,1,1,295,14560,0.0557861328125,0.020260989010989012,2,crowded,170,0.5057373046875,True,middle,middle,scale_normalized_known_localisation,largest matched target instance,Crop centre and scale only; never model input or prediction guidance.,1,1,0.5171023752311882,0.8808851063829787,0.15331964407939766,14265,15110,295,2627,0.020679985979670523,0.17385837193911316,0.15317838595944264,0.0,0.6728039360478012,0.6728039360478012,True,0.8181409655364126,0.298112831802373,0.5200281337340396,0.045691217447679455,0.5505344461570666,0.5048432287093871,False
Cx22-Pair.zip,Pair,00133,162,Cx22-Pair:000163,included,,largest_matched_cytoplasm_instance,0,0,230,9853,0.03778076171875,0.023343144220034508,1,not_crowded,140,0.5057373046875,True,low,middle,scale_normalized_known_localisation,largest matched target instance,Crop centre and scale only; never model input or prediction guidance.,0,0,0.9187755009972663,0.9233879118657773,0.9141630901287554,9623,10165,230,236,0.023901070352280993,0.02321692080668962,0.0006841495455913726,0.0,0.5221624849153776,0.5221624849153776,True,0.8182417947679886,0.7993937459722722,0.018848048795716443,0.5469721316175786,1.0,0.4530278683824214,True
Cx22-Pair.zip,Pair,00134,163,Cx22-Pair:000164,included,,largest_matched_cytoplasm_instance,0,0,430,25528,0.09759521484375,0.016844249451582576,2,crowded,225,0.5057373046875,True,high,low,scale_normalized_known_localisation,largest matched target instance,Crop centre and scale only; never model input or prediction guidance.,0,0,0.7552057897614445,0.8966448491213593,0.6137667304015296,25098,28223,430,616,0.01713283927006136,0.021826170144917265,0.0046933308748559055,0.0,0.5207717342536053,0.5207717342536053,True,0.8389623332403029,0.7051854606278745,0.13377687261242843,0.4527638462731809,0.957607074982568,0.5048432287093871,True
Cx22-Pair.zip,Pair,00135,164,Cx22-Pair:000165,included,,largest_matched_cytoplasm_instance,0,1,299,5057,0.0191650390625,0.05912596401028278,1,not_crowded,104,0.5057373046875,True,low,high,scale_normalized_known_localisation,largest matched target instance,Crop centre and scale only; never model input or prediction guidance.,0,1,0.8696540959079309,0.8425439391194057,0.8967642526964561,4758,6280,299,350,0.06284153005464481,0.05573248407643312,0.007109045978211687,0.0,0.5546780481851212,0.5546780481851212,True,0.7693805094344727,0.7819860765966019,0.012605567162129239,0.5295644622419083,1.0,0.47043553775809166,True
Cx22-Pair.zip,Pair,00136,165,Cx22-Pair:000166,included,,largest_matched_cytoplasm_instance,0,0,722,11762,0.04486083984375,0.06138411834721986,1,not_crowded,153,0.5057373046875,True,middle,high,scale_normalized_known_localisation,largest matched target instance,Crop centre and scale only; never model input or prediction guidance.,0,0,0.43065164036402165,0.5922516690269067,0.26905161170113656,11040,8732,722,4645,0.06539855072463768,0.5319514429683921,0.46655289224375446,0.033005878859704074,1.0308970070770802,0.9978911282173761,True,0.8577088885042747,0.6377975093877161,0.21991137911655867,0.3853758950330225,0.8902191237424096,0.5048432287093871,True
Cx22-Pair.zip,Pair,00136,166,Cx22-Pair:000167,included,,largest_matched_cytoplasm_instance,0,0,218,19570,0.07427978515625,0.011139499233520695,2,crowded,197,0.5057373046875,True,high,low,scale_normalized_known_localisation,largest matched target instance,Crop centre and scale only; never model input or prediction guidance.,0,0,0.6795573769114241,0.8913728183389774,0.46774193548387094,19352,22875,218,650,0.011264985531211245,0.02841530054644809,0.017150315015236846,0.0,0.5273608646551362,0.5273608646551362,True,0.8325952934848496,0.5377530032186337,0.2948422902662159,0.28533138886394016,0.7901746175733273,0.5048432287093871,False
Cx22-Pair.zip,Pair,00136,167,Cx22-Pair:000168,included,,largest_matched_cytoplasm_instance,0,0,338,12665,0.0484619140625,0.02668772206869325,1,not_crowded,159,0.5057373046875,True,middle,middle,scale_normalized_known_localisation,largest matched target instance,Crop centre and scale only; never model input or prediction guidance.,0,0,0.5828069322967282,0.8560900550696469,0.30952380952380953,12327,12369,338,1846,0.02741948568183662,0.14924407793677744,0.12182459225494081,0.0,0.6481896420454655,0.6481896420454655,True,0.8431349551167548,0.1777954710248473,0.6653394840919076,0.0,0.43021708537954084,0.43021708537954084,False
Cx22-Pair.zip,Pair,00137,168,Cx22-Pair:000169,included,,largest_matched_cytoplasm_instance,0,0,506,27361,0.1044921875,0.01849347611563905,2,crowded,233,0.5057373046875,True,high,middle,scale_normalized_known_localisation,largest matched target instance,Crop centre and scale only; never model input or prediction guidance.,0,0,0.4249726245851043,0.7219897554289012,0.12795549374130738,26855,28589,506,7403,0.01884192887730404,0.2589457483647557,0.24010381948745166,0.0,0.7578913124734438,0.7578913124734438,True,0.8433175734668771,0.2613218407512451,0.581995732715632,0.008900226396551525,0.5137434551059387,0.5048432287093871,False
Cx22-Pair.zip,Pair,00137,169,Cx22-Pair:000170,included,,largest_matched_cytoplasm_instance,0,0,376,43658,0.16656494140625,0.008612396353474735,2,crowded,294,0.5057373046875,True,high,low,scale_normalized_known_localisation,largest matched target instance,Crop centre and scale only; never model input or prediction guidance.,0,0,0.7035462277969835,0.8542871750659141,0.5528052805280528,43282,56469,376,836,0.008687214084376877,0.014804583045564822,0.006117368961187945,0.0,0.5137501471542529,0.5137501471542529,True,0.7579531990083911,0.6026133665635041,0.15533983244488703,0.3501917522088105,0.8550349809181976,0.5048432287093871,True
Cx22-Pair.zip,Pair,00138,170,Cx22-Pair:000171,included,,largest_matched_cytoplasm_instance,1,1,582,14188,0.05401611328125,0.041020580772483786,2,crowded,168,0.5057373046875,True,middle,high,scale_normalized_known_localisation,largest matched target instance,Crop centre and scale only; never model input or prediction guidance.,1,1,0.35004366102616125,0.5565785068630733,0.14350881518924916,13606,10290,582,7529,0.04277524621490519,0.7316812439261419,0.6889059977112367,0.2327356798174538,1.23062680803483,0.9978911282173761,False,0.8446253852086751,0.4615258676623677,0.38309951754630744,0.20910425330767413,0.7139474820170613,0.5048432287093871,False
Cx22-Pair.zip,Pair,00138,171,Cx22-Pair:000172,included,,largest_matched_cytoplasm_instance,0,0,856,12797,0.0487060546875,0.06689067750253966,1,not_crowded,160,0.5057373046875,True,middle,high,scale_normalized_known_localisation,largest matched target instance,Crop centre and scale only; never model input or prediction guidance.,0,0,0.644935441764889,0.7806501815666609,0.5092207019631172,11941,11191,856,2506,0.07168578845992798,0.22392994370476277,0.15224415524483478,0.0,0.7228755078134508,0.7228755078134508,True,0.8463386961801651,0.6545483808048579,0.19179031537530722,0.4021267664501643,0.9069699951595515,0.5048432287093871,True
Cx22-Pair.zip,Pair,00139,172,Cx22-Pair:000173,included,,largest_matched_cytoplasm_instance,1,1,526,4715,0.01812744140625,0.11155885471898197,2,crowded,130,0.5057373046875,True,low,high,scale_normalized_known_localisation,largest matched target instance,Crop centre and scale only; never model input or prediction guidance.,1,1,0.43694284983020454,0.5390671127730762,0.3348185868873329,4189,5973,526,2616,0.1255669610885653,0.43797086891009546,0.31240390782153016,0.0,0.9369164330187836,0.9369164330187836,True,0.8369560700334099,0.7817136945875109,0.05524237544589894,0.5292920802328174,1.0,0.4707079197671826,True
Cx22-Pair.zip,Pair,00140,173,Cx22-Pair:000174,included,,largest_matched_cytoplasm_instance,1,1,597,10615,0.0406494140625,0.0562411681582666,2,crowded,150,0.5057373046875,True,low,high,scale_normalized_known_localisation,largest matched target instance,Crop centre and scale only; never model input or prediction guidance.,1,1,0.7351505490030285,0.7949941402980077,0.6753069577080492,10018,13874,597,869,0.05959273308045518,0.06263514487530633,0.003042411794851152,0.0,0.5615807089839944,0.5615807089839944,True,0.8143397652504296,0.7746095256528521,0.03973023959757749,0.5221879112981586,1.0,0.47781208870184144,True
Cx22-Pair.zip,Pair,00140,174,Cx22-Pair:000175,included,,largest_matched_cytoplasm_instance,0,0,880,6073,0.02294921875,0.14490367199077886,2,crowded,110,0.5057373046875,True,low,high,scale_normalized_known_localisation,largest matched target instance,Crop centre and scale only; never model input or prediction guidance.,0,0,0.7659814938339207,0.791559604453788,0.7404033832140533,5193,7650,880,657,0.16945888696321973,0.08588235294117647,0.08357653402204326,0.0,0.5848279170498645,0.5848279170498645,True,0.8271602972998273,0.7438424148349597,0.0833178824648676,0.49142080048026615,0.9962640291896533,0.5048432287093871,True
Cx22-Pair.zip,Pair,00140,175,Cx22-Pair:000176,included,,largest_matched_cytoplasm_instance,1,1,547,8623,0.03302001953125,0.0634349994201554,2,crowded,131,0.5057373046875,True,low,high,scale_normalized_known_localisation,largest matched target instance,Crop centre and scale only; never model input or prediction guidance.,1,1,0.8942046673844946,0.9296791760388303,0.8587301587301587,8076,8818,547,713,0.06773155027241208,0.08085733726468587,0.013125786992273791,0.0,0.579802901373374,0.579802901373374,True,0.7751319147563722,0.849838373823838,0.07470645906746576,0.5974167594691444,1.0,0.4025832405308556,True
Cx22-Pair.zip,Pair,00141,176,Cx22-Pair:000177,included,,largest_matched_cytoplasm_instance,1,0,769,14413,0.05474853515625,0.05335461042114757,1,not_crowded,169,0.5057373046875,True,middle,high,scale_normalized_known_localisation,largest matched target instance,Crop centre and scale only; never model input or prediction guidance.,1,0,0.6580772878402905,0.7988086679675465,0.5173459077130347,13644,15567,769,2200,0.05636177074171797,0.14132459690370655,0.08496282616198858,0.0,0.6402701610123946,0.6402701610123946,True,0.8766098251421567,0.5764325326198373,0.3001772925223194,0.3240109182651437,0.8288541469745309,0.5048432287093871,False
Cx22-Pair.zip,Pair,00141,177,Cx22-Pair:000178,included,,largest_matched_cytoplasm_instance,0,1,499,18346,0.06988525390625,0.027199389512700317,2,crowded,198,0.5057373046875,True,high,middle,scale_normalized_known_localisation,largest matched target instance,Crop centre and scale only; never model input or prediction guidance.,0,1,0.7515171895243951,0.8694859919520158,0.6335483870967742,17847,21666,499,1051,0.027959881212528716,0.04850918489799686,0.020549303685468145,0.0,0.5474547490066849,0.5474547490066849,True,0.8221692305563788,0.7465992148103159,0.07557001574606292,0.4941776004556223,0.9990208291650094,0.5048432287093871,True
Cx22-Pair.zip,Pair,00143,178,Cx22-Pair:000179,included,,largest_matched_cytoplasm_instance,1,0,726,13892,0.05279541015625,0.0522602936942125,2,crowded,166,0.5057373046875,True,middle,high,scale_normalized_known_localisation,largest matched target instance,Crop centre and scale only; never model input or prediction guidance.,1,0,0.6872999311628305,0.8384328228029166,0.5361670395227442,13166,15497,726,1956,0.055142032507975086,0.12621797767309803,0.07107594516512294,0.0,0.6251635417817861,0.6251635417817861,True,0.8556011367891845,0.8012877141946128,0.054313422594571725,0.5488660998399192,1.0,0.4511339001600808,True
Cx22-Pair.zip,Pair,00143,179,Cx22-Pair:000180,included,,largest_matched_cytoplasm_instance,0,0,324,18505,0.07080078125,0.017508781410429615,2,crowded,192,0.5057373046875,True,high,low,scale_normalized_known_localisation,largest matched target instance,Crop centre and scale only; never model input or prediction guidance.,0,0,0.40859530936001,0.7032665680871085,0.11392405063291139,18181,19014,324,5364,0.017820801936087125,0.28210792047964656,0.2642871185435594,0.0,0.7810534845883346,0.7810534845883346,True,0.8047483258480177,0.26798123638010435,0.5367670894679133,0.01555962202541078,0.520402850734798,0.5048432287093871,False
Cx22-Pair.zip,Pair,00143,180,Cx22-Pair:000181,included,,largest_matched_cytoplasm_instance,1,0,796,17450,0.06646728515625,0.04561604584527221,1,not_crowded,186,0.5057373046875,True,middle,high,scale_normalized_known_localisation,largest matched target instance,Crop centre and scale only; never model input or prediction guidance.,1,0,0.8917158594175711,0.8922036486597038,0.8912280701754386,16654,20017,796,914,0.04779632520715744,0.045661187990208324,0.0021351372169491137,0.0,0.5446067520988964,0.5446067520988964,True,0.8234469513027886,0.7025233782996506,0.12092357300313794,0.45010176394495705,0.9549449926543442,0.5048432287093871,True
Cx22-Pair.zip,Pair,00143,181,Cx22-Pair:000182,included,,largest_matched_cytoplasm_instance,1,1,491,14436,0.0548095703125,0.03401219174286506,2,crowded,172,0.5057373046875,True,middle,high,scale_normalized_known_localisation,largest matched target instance,Crop centre and scale only; never model input or prediction guidance.,1,1,0.39940525676280614,0.7988105135256123,0.0,13945,17329,491,1035,0.035209752599498025,0.05972647007905823,0.024516717479560204,0.0,0.5586720341877462,0.5586720341877462,True,0.845613055450854,0.34118379929581866,0.5044292561550353,0.08876218494112509,0.5936054136505122,0.5048432287093871,False
Cx22-Pair.zip,Pair,00143,182,Cx22-Pair:000183,included,,largest_matched_cytoplasm_instance,1,0,444,10290,0.0394287109375,0.04314868804664723,2,crowded,149,0.5057373046875,True,low,high,scale_normalized_known_localisation,largest matched target instance,Crop centre and scale only; never model input or prediction guidance.,1,0,0.3387827998351422,0.6775655996702844,0.0,9846,11991,444,2152,0.04509445460085314,0.17946793428404637,0.13437347968319324,0.0,0.6784134983927345,0.6784134983927345,True,0.7164267962800586,0.6324273523031974,0.08399944397686121,0.3800057379485038,0.8848489666578909,0.5048432287093871,True
Cx22-Pair.zip,Pair,00143,183,Cx22-Pair:000184,included,,largest_matched_cytoplasm_instance,0,0,449,22494,0.0858154296875,0.019960878456477284,2,crowded,212,0.5057373046875,True,high,middle,scale_normalized_known_localisation,largest matched target instance,Crop centre and scale only; never model input or prediction guidance.,0,0,0.5617323331395749,0.8680749482028646,0.25538971807628524,22045,22359,449,2566,0.020367430256293943,0.11476362985822264,0.09439619960192869,0.0,0.6137091939669107,0.6137091939669107,True,0.8302453448805653,0.18326019086722573,0.6469851540133396,0.0,0.4356818052219193,0.4356818052219193,False
Cx22-Pair.zip,Pair,00144,184,Cx22-Pair:000185,included,,largest_matched_cytoplasm_instance,1,1,202,20950,0.0802001953125,0.00964200477326969,2,crowded,204,0.5057373046875,True,high,low,scale_normalized_known_localisation,largest matched target instance,Crop centre and scale only; never model input or prediction guidance.,1,1,0.5998405739338382,0.7996811478676764,0.4,20748,29432,202,628,0.009735878156930788,0.021337319923892362,0.011601441766961575,0.0,0.5202828840325804,0.5202828840325804,True,0.8552325274198773,0.3699816735203681,0.4852508538995092,0.11756005916567452,0.6224032878750616,0.5048432287093871,False
Cx22-Pair.zip,Pair,00144,185,Cx22-Pair:000186,included,,largest_matched_cytoplasm_instance,0,0,530,15089,0.05731201171875,0.03512492544237524,2,crowded,173,0.5057373046875,True,middle,high,scale_normalized_known_localisation,largest matched target instance,Crop centre and scale only; never model input or prediction guidance.,0,0,0.43939075336097516,0.7204787731438189,0.15830273357813138,14559,12176,530,4372,0.03640359914829315,0.3590670170827858,0.32266341793449266,0.0,0.8580125811914738,0.8580125811914738,True,0.8353900350786206,0.751660158364668,0.0837298767139526,0.49923854400997447,1.0,0.5007614559900255,True
Cx22-Pair.zip,Pair,00146,186,Cx22-Pair:000187,included,,largest_matched_cytoplasm_instance,0,0,312,17478,0.0665283203125,0.017851012701682115,1,not_crowded,186,0.5057373046875,True,middle,middle,scale_normalized_known_localisation,largest matched target instance,Crop centre and scale only; never model input or prediction guidance.,0,0,0.4418018847403987,0.7715421783772901,0.11206159110350727,17166,22570,312,2026,0.018175463124781546,0.08976517501107666,0.07158971188629511,0.0,0.5887107391197647,0.5887107391197647,True,0.7532965015051293,0.32255236089247236,0.4307441406126569,0.07013074653777879,0.5749739752471659,0.5048432287093871,False
Cx22-Pair.zip,Pair,00147,187,Cx22-Pair:000188,included,,largest_matched_cytoplasm_instance,0,0,260,14159,0.05389404296875,0.018362878734373898,2,crowded,168,0.5057373046875,True,middle,middle,scale_normalized_known_localisation,largest matched target instance,Crop centre and scale only; never model input or prediction guidance.,0,0,0.8873305107862828,0.8718270134753996,0.902834008097166,13899,14820,260,234,0.018706381754083026,0.015789473684210527,0.0029169080698724995,0.0,0.5147350377928986,0.5147350377928986,True,0.8104530725055161,0.7605675070279171,0.049885565477599036,0.5081458926732235,1.0,0.4918541073267765,True
Cx22-Pair.zip,Pair,00148,188,Cx22-Pair:000189,included,,largest_matched_cytoplasm_instance,1,1,265,19650,0.07501220703125,0.013486005089058525,1,not_crowded,198,0.5057373046875,True,high,low,scale_normalized_known_localisation,largest matched target instance,Crop centre and scale only; never model input or prediction guidance.,1,1,0.7810333264355149,0.9159627567671338,0.6461038961038961,19385,22287,265,351,0.013670363683260254,0.01574909139857316,0.002078727715312907,0.0,0.5146946555072612,0.5146946555072612,True,0.7677175087437523,0.6698151292379724,0.09790237950577996,0.4173935148832788,0.9222367435926659,0.5048432287093871,True
Cx22-Pair.zip,Pair,00148,189,Cx22-Pair:000190,included,,largest_matched_cytoplasm_instance,0,1,198,15573,0.05926513671875,0.012714313234444231,2,crowded,176,0.5057373046875,True,middle,low,scale_normalized_known_localisation,largest matched target instance,Crop centre and scale only; never model input or prediction guidance.,0,1,0.5800598572981523,0.8515372652231128,0.3085824493731919,15375,18061,198,839,0.012878048780487804,0.046453684735064504,0.0335756359545767,0.0,0.5453992488437526,0.5453992488437526,True,0.8579784520130738,0.16626961843094062,0.6917088335821331,0.0,0.4186912327856342,0.4186912327856342,False
Cx22-Pair.zip,Pair,00148,190,Cx22-Pair:000191,included,,largest_matched_cytoplasm_instance,0,0,190,16617,0.0634765625,0.011434073539146657,1,not_crowded,186,0.5057373046875,True,middle,low,scale_normalized_known_localisation,largest matched target instance,Crop centre and scale only; never model input or prediction guidance.,0,0,0.49295890275364046,0.8051142340787095,0.18080357142857142,16427,20646,190,1602,0.011566323735313813,0.07759372275501308,0.06602739901969927,0.0,0.5765392868637012,0.5765392868637012,True,0.8519723488353742,0.4281925770817374,0.4237797717536368,0.17577096272704384,0.680614191436431,0.5048432287093871,False
Cx22-Pair.zip,Pair,00149,191,Cx22-Pair:000192,included,,largest_matched_cytoplasm_instance,0,0,260,23597,0.09033203125,0.011018349790227571,2,crowded,277,0.5057373046875,True,high,low,scale_normalized_known_localisation,largest matched target instance,Crop centre and scale only; never model input or prediction guidance.,0,0,0.3067653787767031,0.5439427534771215,0.06958800407628475,23337,36195,260,6609,0.011141106397566096,0.18259428097803565,0.17145317458046955,0.0,0.6815398450867237,0.6815398450867237,True,0.8056710650743644,0.4953520837141641,0.31031898136020025,0.24293046935947055,0.7477736980688576,0.5048432287093871,False
Cx22-Pair.zip,Pair,00149,192,Cx22-Pair:000193,included,,largest_matched_cytoplasm_instance,1,1,827,14018,0.05303955078125,0.05899557711513768,2,crowded,183,0.5057373046875,True,middle,high,scale_normalized_known_localisation,largest matched target instance,Crop centre and scale only; never model input or prediction guidance.,1,1,0.8021598313084723,0.8155346158879728,0.788785046728972,13191,17373,827,778,0.06269426123872338,0.04478213319518794,0.01791212804353544,0.0,0.543727697303876,0.543727697303876,True,0.8221367576708144,0.7555587313899291,0.06657802628088527,0.5031371170352356,1.0,0.49686288296476444,True
Cx22-Pair.zip,Pair,00149,193,Cx22-Pair:000194,included,,largest_matched_cytoplasm_instance,1,1,539,11821,0.044921875,0.04559681922003215,1,not_crowded,153,0.5057373046875,True,middle,high,scale_normalized_known_localisation,largest matched target instance,Crop centre and scale only; never model input or prediction guidance.,1,1,0.7659064286490764,0.8949969369001429,0.6368159203980099,11282,13203,539,466,0.047775217160078,0.035295008710141636,0.012480208449936366,0.0,0.5342405728188298,0.5342405728188298,True,0.8307181911808521,0.7966518146376603,0.03406637654319178,0.5442302002829668,1.0,0.45576979971703324,True
Cx22-Pair.zip,Pair,00149,194,Cx22-Pair:000195,included,,largest_matched_cytoplasm_instance,0,0,221,16178,0.06170654296875,0.013660526641117566,2,crowded,179,0.5057373046875,True,middle,low,scale_normalized_known_localisation,largest matched target instance,Crop centre and scale only; never model input or prediction guidance.,0,0,0.8536899905598684,0.8519112311197368,0.85546875,15957,19596,221,291,0.013849721125524848,0.01484996938150643,0.0010002482559815819,0.0,0.5137955334901945,0.5137955334901945,True,0.7379514940686516,0.7546485874290325,0.016697093360380943,0.502226973074339,1.0,0.49777302692566106,True
Cx22-Pair.zip,Pair,00150,195,Cx22-Pair:000196,included,,largest_matched_cytoplasm_instance,1,1,457,12757,0.04852294921875,0.0358234694677432,2,crowded,173,0.5057373046875,True,middle,high,scale_normalized_known_localisation,largest matched target instance,Crop centre and scale only; never model input or prediction guidance.,1,1,0.6664280457100671,0.7966149111763883,0.536241180243746,12300,16296,457,1102,0.03715447154471545,0.06762395679921453,0.03046948525449908,0.0,0.5665695209079026,0.5665695209079026,True,0.8369860762894428,0.5136306772689522,0.3233553990204906,0.2612090629142586,0.7660522916236457,0.5048432287093871,False
Cx22-Pair.zip,Pair,00151,196,Cx22-Pair:000197,included,,largest_matched_cytoplasm_instance,0,0,724,17666,0.0672607421875,0.04098267859164497,1,not_crowded,187,0.5057373046875,True,middle,high,scale_normalized_known_localisation,largest matched target instance,Crop centre and scale only; never model input or prediction guidance.,0,0,0.6877061951317124,0.8208355997617013,0.5545767905017235,16942,21665,724,1887,0.042734033762247665,0.08709900761597046,0.044364973853722796,0.0,0.5860445717246585,0.5860445717246585,True,0.8747052950032921,0.6928551950884937,0.1818500999147984,0.4404335807338001,0.9452768094431873,0.5048432287093871,True
Cx22-Pair.zip,Pair,00154,197,Cx22-Pair:000198,included,,largest_matched_cytoplasm_instance,0,0,218,8706,0.0330810546875,0.02504020215943028,2,crowded,132,0.5057373046875,True,low,middle,scale_normalized_known_localisation,largest matched target instance,Crop centre and scale only; never model input or prediction guidance.,0,0,0.5130351514950833,0.7530584056827151,0.27301189730745146,8488,11784,218,1379,0.02568331762488219,0.11702308214528173,0.09133976452039955,0.0,0.6159686462539697,0.6159686462539697,True,0.7702276030451568,0.7465379983623711,0.023689604682785692,0.49411638400767754,0.9989596127170647,0.5048432287093871,True
Cx22-Pair.zip,Pair,00154,198,Cx22-Pair:000199,included,,largest_matched_cytoplasm_instance,0,0,418,20852,0.0792236328125,0.020046038749280643,2,crowded,204,0.5057373046875,True,high,middle,scale_normalized_known_localisation,largest matched target instance,Crop centre and scale only; never model input or prediction guidance.,0,0,0.5764615010333822,0.8412242841180466,0.31169871794871795,20434,25209,418,2078,0.020456102574141138,0.08243087786108136,0.06197477528694022,0.0,0.5813764419697695,0.5813764419697695,True,0.8367332752369693,0.6993232153605775,0.13741005987639177,0.44690160100588394,0.9517448297152711,0.5048432287093871,True
Cx22-Pair.zip,Pair,00154,199,Cx22-Pair:000200,included,,largest_matched_cytoplasm_instance,1,1,282,12177,0.04638671875,0.023158413402315843,1,not_crowded,156,0.5057373046875,True,middle,middle,scale_normalized_known_localisation,largest matched target instance,Crop centre and scale only; never model input or prediction guidance.,1,1,0.5623703017885565,0.8033730822095917,0.3213675213675214,11895,15024,282,1473,0.023707440100882726,0.09804313099041534,0.07433569088953261,0.0,0.5969886950991035,0.5969886950991035,True,0.7623975234811006,0.7992757300481054,0.0368782065670048,0.5468541156934118,1.0,0.4531458843065882,True
Cx22-Pair.zip,Pair,00158,200,Cx22-Pair:000201,included,,largest_matched_cytoplasm_instance,0,0,489,10773,0.04107666015625,0.045391255917571705,2,crowded,146,0.5057373046875,True,low,high,scale_normalized_known_localisation,largest matched target instance,Crop centre and scale only; never model input or prediction guidance.,0,0,0.7769542230127504,0.88401894326307,0.669889502762431,10284,11254,489,959,0.04754959159859977,0.08521414608139329,0.037664554482793516,0.0,0.5841597101900814,0.5841597101900814,True,0.7850642207723749,0.6648483016439051,0.12021591912846985,0.4124266872892115,0.9172699159985986,0.5048432287093871,True
Cx22-Pair.zip,Pair,00159,201,Cx22-Pair:000202,included,,largest_matched_cytoplasm_instance,0,0,483,11633,0.04443359375,0.04151981432132726,2,crowded,152,0.5057373046875,True,middle,high,scale_normalized_known_localisation,largest matched target instance,Crop centre and scale only; never model input or prediction guidance.,0,0,0.8342727475804105,0.8449123381943306,0.8236331569664903,11150,13262,483,651,0.043318385650224216,0.04908761876036797,0.005769233110143754,0.0,0.548033182869056,0.548033182869056,True,0.7854160433292495,0.7929129944876068,0.007496951158357246,0.5404913801329132,1.0,0.4595086198670868,True
Cx22-Pair.zip,Pair,00159,202,Cx22-Pair:000203,included,,largest_matched_cytoplasm_instance,0,0,466,10221,0.0389404296875,0.04559240778788768,2,crowded,143,0.5057373046875,True,low,high,scale_normalized_known_localisation,largest matched target instance,Crop centre and scale only; never model input or prediction guidance.,0,0,0.65502387368222,0.83004774736444,0.48,9755,11398,466,1234,0.0477703741670938,0.10826460782593438,0.060494233658840574,0.0,0.6072101719346225,0.6072101719346225,True,0.8154567272282082,0.5047572804124966,0.3106994468157116,0.252335666057803,0.7571788947671901,0.5048432287093871,False
Cx22-Pair.zip,Pair,00160,203,Cx22-Pair:000204,included,,largest_matched_cytoplasm_instance,0,0,190,27688,0.10565185546875,0.006862178561109506,2,crowded,234,0.5057373046875,True,high,low,scale_normalized_known_localisation,largest matched target instance,Crop centre and scale only; never model input or prediction guidance.,0,0,0.5443597801971783,0.8426092350761106,0.24611032531824611,27498,35371,190,1224,0.006909593424976362,0.034604619603630093,0.027695026178653732,0.0,0.5335501837123182,0.5335501837123182,True,0.7725423885860904,0.30148344356605317,0.4710589450200372,0.0490618292113596,0.5539050579207467,0.5048432287093871,False
Cx22-Pair.zip,Pair,00161,204,Cx22-Pair:000205,included,,largest_matched_cytoplasm_instance,0,1,666,13417,0.05108642578125,0.049638518297682045,1,not_crowded,163,0.5057373046875,True,middle,high,scale_normalized_known_localisation,largest matched target instance,Crop centre and scale only; never model input or prediction guidance.,0,1,0.6403122356530172,0.803955411722402,0.4766690595836324,12751,15059,666,2120,0.05223119755313309,0.1407796002390597,0.0885484026859266,0.0,0.6397251643477477,0.6397251643477477,True,0.8311828602838566,0.34989877582872536,0.4812840844551312,0.09747716147403179,0.6023203901834189,0.5048432287093871,False
Cx22-Pair.zip,Pair,00161,205,Cx22-Pair:000206,included,,largest_matched_cytoplasm_instance,0,1,574,15871,0.0604248046875,0.03616659315733098,1,not_crowded,192,0.5057373046875,True,middle,high,scale_normalized_known_localisation,largest matched target instance,Crop centre and scale only; never model input or prediction guidance.,0,1,0.6291333005794136,0.7674585635359116,0.49080803762291575,15297,20903,574,1765,0.03752369745701772,0.08443764053006746,0.04691394307304974,0.0,0.5833832046387555,0.5833832046387555,True,0.7874456489449625,0.7612009112145294,0.02624473773043312,0.5087792968598358,1.0,0.4912207031401642,True
Cx22-Pair.zip,Pair,00161,206,Cx22-Pair:000207,included,,largest_matched_cytoplasm_instance,1,1,479,21961,0.08380126953125,0.0218113929238195,2,crowded,241,0.5057373046875,True,high,middle,scale_normalized_known_localisation,largest matched target instance,Crop centre and scale only; never model input or prediction guidance.,1,1,0.585198293003583,0.7603547450029818,0.4100418410041841,21482,30499,479,1672,0.022297737640815565,0.0548214695563789,0.032523731915563334,0.0,0.553767033665067,0.553767033665067,True,0.7520080058259011,0.7341022788421564,0.017905726983744708,0.48168066448746283,0.98652389319685,0.5048432287093871,True
Cx22-Pair.zip,Pair,00161,207,Cx22-Pair:000208,included,,largest_matched_cytoplasm_instance,1,1,525,14930,0.05694580078125,0.035164099129269925,1,not_crowded,172,0.5057373046875,True,middle,high,scale_normalized_known_localisation,largest matched target instance,Crop centre and scale only; never model input or prediction guidance.,1,1,0.6884138349501738,0.7915433889638928,0.5852842809364549,14405,20408,525,1269,0.03644567858382506,0.062181497451979616,0.025735818868154556,0.0,0.5611270615606677,0.5611270615606677,True,0.8001906220430232,0.7590290423829286,0.041161579660094594,0.506607428028235,1.0,0.493392571971765,True
Cx22-Pair.zip,Pair,00161,208,Cx22-Pair:000209,included,,largest_matched_cytoplasm_instance,1,1,478,17938,0.0684814453125,0.026647340840673432,2,crowded,189,0.5057373046875,True,high,middle,scale_normalized_known_localisation,largest matched target instance,Crop centre and scale only; never model input or prediction guidance.,1,1,0.3353450820043677,0.5709613928841787,0.09972877112455665,17460,15565,478,9108,0.027376861397479954,0.5851590106007067,0.5577821492032268,0.08621344649201867,1.0841045747093947,0.997891128217376,False,0.7957835992165477,0.15088930456333227,0.6448942946532155,0.0,0.40331091891802584,0.40331091891802584,False
Cx22-Pair.zip,Pair,00161,209,Cx22-Pair:000210,included,,largest_matched_cytoplasm_instance,0,0,567,19265,0.073486328125,0.02943161173111861,2,crowded,196,0.5057373046875,True,high,high,scale_normalized_known_localisation,largest matched target instance,Crop centre and scale only; never model input or prediction guidance.,0,0,0.34182918530744616,0.5662670662670662,0.11739130434782609,18698,17338,567,9093,0.030324098834099904,0.5244549544353443,0.49413085560124437,0.025509390326656223,1.0234005185440322,0.997891128217376,True,0.8366298050630262,0.4423766383869397,0.3942531666760865,0.18995502403224612,0.6947982527416332,0.5048432287093871,False
Cx22-Pair.zip,Pair,00163,210,Cx22-Pair:000211,included,,largest_matched_cytoplasm_instance,1,1,272,21692,0.08282470703125,0.012539184952978056,1,not_crowded,208,0.5057373046875,True,high,low,scale_normalized_known_localisation,largest matched target instance,Crop centre and scale only; never model input or prediction guidance.,1,1,0.38103079299881043,0.6938997015219912,0.06816188447562962,21420,19119,272,7709,0.012698412698412698,0.40321146503478217,0.39051305233636946,0.0,0.9021570291434702,0.9021570291434702,True,0.8118453732784686,0.33341578263716587,0.47842959064130275,0.0809941682824723,0.5858373969918594,0.5048432287093871,False
Cx22-Pair.zip,Pair,00163,211,Cx22-Pair:000212,included,,largest_matched_cytoplasm_instance,0,0,658,27684,0.10540771484375,0.023768241583586185,1,not_crowded,234,0.5057373046875,True,high,middle,scale_normalized_known_localisation,largest matched target instance,Crop centre and scale only; never model input or prediction guidance.,0,0,0.6304931811082366,0.8942354495514916,0.3667509126649817,27026,30498,658,2903,0.02434692518315696,0.09518656961112204,0.07083964442796509,0.0,0.5941321337198101,0.5941321337198101,True,0.8494917744412955,0.5136841234311265,0.3358076510101691,0.2612625090764329,0.76610573778582,0.5048432287093871,False
Cx22-Pair.zip,Pair,00166,212,Cx22-Pair:000213,included,,largest_matched_cytoplasm_instance,0,0,535,11401,0.04345703125,0.04692570827120428,2,crowded,151,0.5057373046875,True,low,high,scale_normalized_known_localisation,largest matched target instance,Crop centre and scale only; never model input or prediction guidance.,0,0,0.8555901601800113,0.87771544269625,0.8334648776637726,10866,12841,535,732,0.049236149457021906,0.05700490615995639,0.007768756702934483,0.0,0.5559504702686444,0.5559504702686444,True,0.7236136836520745,0.8182906099414183,0.09467692628934388,0.5658689955867248,1.0,0.43413100441327523,True
Cx22-Pair.zip,Pair,00166,213,Cx22-Pair:000214,included,,largest_matched_cytoplasm_instance,1,1,393,9538,0.0361328125,0.04120360662612707,1,not_crowded,139,0.5057373046875,True,low,high,scale_normalized_known_localisation,largest matched target instance,Crop centre and scale only; never model input or prediction guidance.,1,1,0.4096254962149513,0.6289362224541157,0.19031476997578692,9145,7146,393,3737,0.04297430289775834,0.522949902043101,0.47997559914534266,0.024004337934412923,1.021895466151789,0.997891128217376,True,0.6954974893524171,0.33374589403522603,0.36175159531719103,0.08132427968053246,0.5861675083899196,0.5048432287093871,False
Cx22-Pair.zip,Pair,00166,214,Cx22-Pair:000215,included,,largest_matched_cytoplasm_instance,1,1,273,16794,0.06427001953125,0.01625580564487317,2,crowded,183,0.5057373046875,True,middle,low,scale_normalized_known_localisation,largest matched target instance,Crop centre and scale only; never model input or prediction guidance.,1,1,0.5040541192141957,0.8182023359476387,0.1899059024807528,16521,18925,273,2065,0.016524423461049573,0.10911492734478204,0.09259050388373247,0.0,0.6080604914534701,0.6080604914534701,True,0.7232164767347051,0.4851060553736116,0.2381104213610935,0.23268444101891805,0.7375276697283052,0.5048432287093871,True
Cx22-Pair.zip,Pair,00168,215,Cx22-Pair:000216,included,,largest_matched_cytoplasm_instance,0,0,243,5029,0.01904296875,0.04831974547623782,1,not_crowded,110,0.5057373046875,True,low,high,scale_normalized_known_localisation,largest matched target instance,Crop centre and scale only; never model input or prediction guidance.,0,0,0.8249835634451019,0.9388560157790927,0.7111111111111111,4786,4847,243,387,0.05077308817384037,0.07984320198060656,0.02907011380676619,0.0,0.5787887660892946,0.5787887660892946,True,0.8027251351844664,0.8668162273673916,0.06409109218292519,0.614394613012698,1.0,0.38560538698730196,True
Cx22-Pair.zip,Pair,00168,216,Cx22-Pair:000217,included,,largest_matched_cytoplasm_instance,1,1,342,4645,0.0177001953125,0.0736275565123789,1,not_crowded,118,0.5057373046875,True,low,high,scale_normalized_known_localisation,largest matched target instance,Crop centre and scale only; never model input or prediction guidance.,1,1,0.8528475646343691,0.9279173514909603,0.7777777777777778,4303,4215,342,414,0.07947943295375319,0.09822064056939502,0.018741207615641825,0.0,0.5971662046780831,0.5971662046780831,True,0.8704725102136142,0.8711374028633728,0.0006648926497586638,0.6187157885086793,1.0,0.38128421149132075,True
Cx22-Pair.zip,Pair,00169,217,Cx22-Pair:000218,included,,largest_matched_cytoplasm_instance,1,1,363,34513,0.13165283203125,0.010517775910526468,2,crowded,262,0.5057373046875,True,high,low,scale_normalized_known_localisation,largest matched target instance,Crop centre and scale only; never model input or prediction guidance.,1,1,0.756761119737781,0.9077650429799426,0.6057571964956195,34150,35650,363,436,0.010629575402635432,0.012230014025245442,0.0016004386226100096,0.0,0.5111755781339336,0.5111755781339336,True,0.8575248824058992,0.6579643368211869,0.19956054558471226,0.40554272246649337,0.9103859511758805,0.5048432287093871,True
Cx22-Pair.zip,Pair,00169,218,Cx22-Pair:000219,included,,largest_matched_cytoplasm_instance,1,1,479,29700,0.11285400390625,0.016127946127946127,2,crowded,243,0.5057373046875,True,high,low,scale_normalized_known_localisation,largest matched target instance,Crop centre and scale only; never model input or prediction guidance.,1,1,0.6833238598102169,0.9138712601994561,0.4527764594209777,29221,30341,479,1628,0.016392320591355532,0.05365676806960878,0.03726444747825325,0.0,0.5526023321782968,0.5526023321782968,True,0.8031463336912422,0.4696691524282626,0.3334771812629796,0.21724753807356906,0.7220907667829561,0.5048432287093871,False
Cx22-Pair.zip,Pair,00169,219,Cx22-Pair:000220,included,,largest_matched_cytoplasm_instance,1,1,828,29152,0.1112060546875,0.028402854006586167,2,crowded,241,0.5057373046875,True,high,middle,scale_normalized_known_localisation,largest matched target instance,Crop centre and scale only; never model input or prediction guidance.,1,1,0.7586034829745603,0.858697510999176,0.6585094549499444,28324,35999,828,970,0.029233159158310974,0.026945192922025612,0.0022879662362853617,0.0,0.5258907570307136,0.5258907570307136,True,0.8169919656172998,0.7160405722855587,0.10095139333174108,0.46361895793086516,0.9684621866402523,0.5048432287093871,True
Cx22-Pair.zip,Pair,00169,220,Cx22-Pair:000221,included,,largest_matched_cytoplasm_instance,1,0,270,17325,0.06622314453125,0.015584415584415584,2,crowded,221,0.5057373046875,True,middle,low,scale_normalized_known_localisation,largest matched target instance,Crop centre and scale only; never model input or prediction guidance.,1,0,0.8733531866274726,0.828924346486303,0.9177820267686424,17055,21238,270,253,0.0158311345646438,0.011912609473585084,0.003918525091058717,0.0,0.5108581735822731,0.5108581735822731,True,0.8051909030056943,0.7256753674679836,0.07951553553771074,0.47325375311329,0.9780969818226771,0.5048432287093871,True
Cx22-Pair.zip,Pair,00169,221,Cx22-Pair:000222,included,,largest_matched_cytoplasm_instance,1,1,803,24822,0.094970703125,0.03235033438079123,1,not_crowded,222,0.5057373046875,True,high,high,scale_normalized_known_localisation,largest matched target instance,Crop centre and scale only; never model input or prediction guidance.,1,1,0.9083596237576537,0.8952341592621118,0.9214850882531954,24019,29214,803,840,0.03343186643906907,0.02875333744095297,0.004678528998116101,0.0,0.527698901549641,0.527698901549641,True,0.8215761370448629,0.7217657981215961,0.09981033892326674,0.46934418376690257,0.9741874124762897,0.5048432287093871,True
Cx22-Pair.zip,Pair,00170,222,Cx22-Pair:000223,included,,largest_matched_cytoplasm_instance,1,1,849,16549,0.06317138671875,0.05130219348601124,1,not_crowded,181,0.5057373046875,True,middle,high,scale_normalized_known_localisation,largest matched target instance,Crop centre and scale only; never model input or prediction guidance.,1,1,0.7263707715689149,0.8608976951071573,0.5918438480306727,15700,13976,849,2020,0.05407643312101911,0.14453348597595878,0.09045705285493966,0.0,0.6434790500846468,0.6434790500846468,True,0.8748656401728643,0.7322555375365858,0.1426101026362785,0.4798339231818922,0.9846771518912794,0.5048432287093871,True
Cx22-Pair.zip,Pair,00170,223,Cx22-Pair:000224,included,,largest_matched_cytoplasm_instance,1,0,731,18849,0.07183837890625,0.03878189824393867,2,crowded,194,0.5057373046875,True,high,high,scale_normalized_known_localisation,largest matched target instance,Crop centre and scale only; never model input or prediction guidance.,1,0,0.8025319032348268,0.8070840084898555,0.797979797979798,18118,25699,731,1051,0.040346616624351475,0.040896532939024864,0.000549916314673389,0.0,0.5398420970477129,0.5398420970477129,True,0.8408188809929874,0.7782245143169506,0.0625943666760368,0.525802899962257,1.0,0.47419710003774296,True
Cx22-Pair.zip,Pair,00172,224,Cx22-Pair:000225,included,,largest_matched_cytoplasm_instance,1,1,345,11065,0.04217529296875,0.031179394487121554,1,not_crowded,148,0.5057373046875,True,low,high,scale_normalized_known_localisation,largest matched target instance,Crop centre and scale only; never model input or prediction guidance.,1,1,0.5580307428103329,0.7967416934619507,0.31931979215871514,10720,12605,345,1772,0.032182835820895525,0.1405791352637842,0.10839629944288869,0.0,0.6395246993724722,0.6395246993724722,True,0.7353040385724414,0.2177602473801191,0.5175437911923223,0.0,0.4701818617348127,0.4701818617348127,False
Cx22-Pair.zip,Pair,00172,225,Cx22-Pair:000226,included,,largest_matched_cytoplasm_instance,0,0,460,4497,0.01715087890625,0.10229041583277741,1,not_crowded,95,0.5057373046875,True,low,high,scale_normalized_known_localisation,largest matched target instance,Crop centre and scale only; never model input or prediction guidance.,0,0,0.2056314406741434,0.20221948212083848,0.2090433992274483,4037,2451,460,3941,0.1139459995045826,1.6079151366789066,1.493969137174324,1.1089695725702184,2.106860700787595,0.9978911282173764,False,0.8607599438268004,0.6859929270722102,0.17476701675459028,0.4335713127175166,0.9384145414269037,0.5048432287093871,True
Cx22-Pair.zip,Pair,00173,226,Cx22-Pair:000227,included,,largest_matched_cytoplasm_instance,0,0,582,11540,0.0439453125,0.05043327556325823,2,crowded,159,0.5057373046875,True,low,high,scale_normalized_known_localisation,largest matched target instance,Crop centre and scale only; never model input or prediction guidance.,0,0,0.6363905846565108,0.7628033422620237,0.5099778270509978,10958,14055,582,1673,0.05311188173024275,0.11903237282106012,0.06592049109081738,0.0,0.6179779369297482,0.6179779369297482,True,0.8329493814795067,0.460672322897815,0.3722770585816917,0.20825070854312144,0.7130939372525086,0.5048432287093871,False
Cx22-Pair.zip,Pair,00173,227,Cx22-Pair:000228,included,,largest_matched_cytoplasm_instance,0,1,358,20760,0.0789794921875,0.01724470134874759,1,not_crowded,203,0.5057373046875,True,high,low,scale_normalized_known_localisation,largest matched target instance,Crop centre and scale only; never model input or prediction guidance.,0,1,0.5025599860443025,0.8697653429602888,0.1353546291283162,20402,23918,358,1489,0.017547299284383883,0.06225436909440589,0.04470706981002201,0.0,0.5611999332030939,0.5611999332030939,True,0.8763929072276949,0.39940772761991794,0.476985179607777,0.14698611326522437,0.6518293419746115,0.5048432287093871,False
Cx22-Pair.zip,Pair,00173,228,Cx22-Pair:000229,included,,largest_matched_cytoplasm_instance,1,0,327,18224,0.06951904296875,0.017943371378402108,2,crowded,190,0.5057373046875,True,high,middle,scale_normalized_known_localisation,largest matched target instance,Crop centre and scale only; never model input or prediction guidance.,1,0,0.8422557446326546,0.9031494820968505,0.7813620071684588,17897,20141,327,231,0.01827121863999553,0.011469142545057346,0.006802076094938185,0.0,0.5104147066537454,0.5104147066537454,True,0.8260981464738227,0.8026141493216012,0.023483997152221492,0.5501925349669077,1.0,0.4498074650330923,True
Cx22-Pair.zip,Pair,00174,229,Cx22-Pair:000230,included,,largest_matched_cytoplasm_instance,1,1,734,14658,0.05584716796875,0.05007504434438532,1,not_crowded,171,0.5057373046875,True,middle,high,scale_normalized_known_localisation,largest matched target instance,Crop centre and scale only; never model input or prediction guidance.,1,1,0.8775728596732895,0.8863729368435411,0.8687727825030377,13924,15400,734,912,0.05271473714449871,0.05922077922077922,0.006506042076280513,0.0,0.5581663433294672,0.5581663433294672,True,0.8444959314929565,0.7899303152628823,0.054565616230074276,0.5375087009081887,1.0,0.4624912990918113,True
Cx22-Pair.zip,Pair,00174,230,Cx22-Pair:000231,included,,largest_matched_cytoplasm_instance,1,0,814,16644,0.06365966796875,0.04890651285748618,1,not_crowded,182,0.5057373046875,True,middle,high,scale_normalized_known_localisation,largest matched target instance,Crop centre and scale only; never model input or prediction guidance.,1,0,0.8434594754286031,0.8729654624851131,0.813953488372093,15830,19436,814,562,0.05142135186355022,0.02891541469438156,0.022505937169168662,0.0,0.5278609788030696,0.5278609788030696,True,0.8399797477242755,0.8165744284249216,0.023405319299353966,0.564152814070228,1.0,0.435847185929772,True
Cx22-Pair.zip,Pair,00175,231,Cx22-Pair:000232,included,,largest_matched_cytoplasm_instance,1,0,1124,9623,0.036865234375,0.11680349163462538,2,crowded,138,0.5057373046875,True,low,high,scale_normalized_known_localisation,largest matched target instance,Crop centre and scale only; never model input or prediction guidance.,1,0,0.621480710288624,0.7631905648665426,0.4797708557107053,8499,10833,1124,1669,0.1322508530415343,0.1540662789624296,0.021815425920895304,0.0,0.6530118430711177,0.6530118430711177,True,0.5191020360787371,0.22634275287149988,0.2927592832072372,0.0,0.4787643672261934,0.4787643672261934,False
Cx22-Pair.zip,Pair,00175,232,Cx22-Pair:000233,included,,largest_matched_cytoplasm_instance,0,0,839,11712,0.04510498046875,0.07163592896174864,1,not_crowded,153,0.5057373046875,True,middle,high,scale_normalized_known_localisation,largest matched target instance,Crop centre and scale only; never model input or prediction guidance.,0,0,0.5944422155397421,0.8007204049844237,0.38816402609506057,10873,9671,839,3453,0.07716361629725006,0.3570468410712439,0.27988322477399386,0.0,0.8559924051799319,0.8559924051799319,True,0.8100160235080619,0.2339836768565691,0.5760323466514928,0.0,0.48640529121126264,0.48640529121126264,False
Cx22-Pair.zip,Pair,00175,233,Cx22-Pair:000234,included,,largest_matched_cytoplasm_instance,0,0,575,12060,0.04595947265625,0.04767827529021559,2,crowded,155,0.5057373046875,True,middle,high,scale_normalized_known_localisation,largest matched target instance,Crop centre and scale only; never model input or prediction guidance.,0,0,0.5872927210605582,0.8064707981444035,0.36811464397671295,11485,13736,575,1658,0.0500653025685677,0.12070471753057659,0.07063941496200889,0.0,0.6196502816392646,0.6196502816392646,True,0.8149579839570019,0.7144276981429383,0.10053028581406365,0.4620060837882447,0.9668493124976318,0.5048432287093871,True
Cx22-Pair.zip,Pair,00176,234,Cx22-Pair:000235,included,,largest_matched_cytoplasm_instance,1,0,315,5981,0.02294921875,0.05266677813074737,1,not_crowded,109,0.5057373046875,True,low,high,scale_normalized_known_localisation,largest matched target instance,Crop centre and scale only; never model input or prediction guidance.,1,0,0.886435651681108,0.8875209848908786,0.8853503184713376,5666,6843,315,313,0.055594775855983054,0.04574017243898875,0.009854603416994304,0.0,0.5446857365476768,0.5446857365476768,True,0.8311995052668445,0.8636121838767726,0.032412678609928136,0.6111905695220791,1.0,0.38880943047792094,True
Cx22-Pair.zip,Pair,00176,235,Cx22-Pair:000236,included,,largest_matched_cytoplasm_instance,0,0,546,16168,0.06182861328125,0.03377041068777833,1,not_crowded,179,0.5057373046875,True,middle,high,scale_normalized_known_localisation,largest matched target instance,Crop centre and scale only; never model input or prediction guidance.,0,0,0.6958733302423022,0.8624579575557342,0.5292887029288703,15622,17975,546,1366,0.03495071053642299,0.07599443671766343,0.041043726181240435,0.0,0.5749400008263514,0.5749400008263514,True,0.834085196813102,0.2996404714195305,0.5344447253935716,0.04721885706483692,0.552062085774224,0.5048432287093871,False
Cx22-Pair.zip,Pair,00177,236,Cx22-Pair:000237,included,,largest_matched_cytoplasm_instance,1,1,312,4248,0.0159912109375,0.07344632768361582,2,crowded,101,0.5057373046875,True,low,high,scale_normalized_known_localisation,largest matched target instance,Crop centre and scale only; never model input or prediction guidance.,1,1,0.7195404520145732,0.8789372774582306,0.5601436265709157,3936,3366,312,802,0.07926829268292683,0.23826500297088532,0.15899671028795848,0.0,0.7372105670795734,0.7372105670795734,True,0.8436061829183306,0.6773476605608871,0.16625852235744343,0.42492604620619356,0.9297692749155807,0.5048432287093871,True
Cx22-Pair.zip,Pair,00179,237,Cx22-Pair:000238,included,,largest_matched_cytoplasm_instance,1,0,674,30446,0.1163330078125,0.02213755501543717,2,crowded,254,0.5057373046875,True,high,middle,scale_normalized_known_localisation,largest matched target instance,Crop centre and scale only; never model input or prediction guidance.,1,0,0.89701238289987,0.8742460659380527,0.9197786998616874,29772,36381,674,772,0.022638720945855166,0.02121986751326242,0.0014188534325927475,0.0,0.5201654316219505,0.5201654316219505,True,0.8348270152690528,0.7218692656190553,0.1129577496499975,0.4694476512643617,0.9742908799737489,0.5048432287093871,True
Cx22-Pair.zip,Pair,00181,238,Cx22-Pair:000239,included,,largest_matched_cytoplasm_instance,0,1,841,20124,0.0770263671875,0.04179089644205923,2,crowded,203,0.5057373046875,True,high,high,scale_normalized_known_localisation,largest matched target instance,Crop centre and scale only; never model input or prediction guidance.,0,1,0.8768232415669253,0.7959335587741125,0.957712924359738,19283,27736,841,838,0.04361354561012291,0.03021344101528699,0.013400104594835916,0.0,0.5291590051239751,0.5291590051239751,True,0.8464910366820937,0.7598336364910525,0.08665740019104118,0.5074120221363589,1.0,0.49258797786364106,True
Cx22-Pair.zip,Pair,00184,239,Cx22-Pair:000240,included,,largest_matched_cytoplasm_instance,0,0,802,28413,0.10791015625,0.028226516031394082,2,crowded,285,0.5057373046875,True,high,middle,scale_normalized_known_localisation,largest matched target instance,Crop centre and scale only; never model input or prediction guidance.,0,0,0.4673669483914467,0.5885549287881188,0.34617896799477466,27611,54468,802,3791,0.029046394552895587,0.06960049937578028,0.04055410482288469,0.0,0.5685460634844683,0.5685460634844683,True,0.7549874305741147,0.3836059641592773,0.3713814664148374,0.1311843498045837,0.6360275785139708,0.5048432287093871,False
Cx22-Pair.zip,Pair,00187,240,Cx22-Pair:000241,included,,largest_matched_cytoplasm_instance,1,1,261,17597,0.06719970703125,0.01483207364891743,2,crowded,187,0.5057373046875,True,middle,low,scale_normalized_known_localisation,largest matched target instance,Crop centre and scale only; never model input or prediction guidance.,1,1,0.6049224166157822,0.8671781665648977,0.3426666666666667,17336,20331,261,1239,0.015055376095985232,0.060941419507156556,0.04588604341117132,0.0,0.5598869836158447,0.5598869836158447,True,0.6775244860486176,0.3831937420273783,0.29433074402123927,0.13077212767268476,0.6356153563820719,0.5048432287093871,False
Cx22-Pair.zip,Pair,00189,241,Cx22-Pair:000242,included,,largest_matched_cytoplasm_instance,1,0,590,28630,0.10888671875,0.020607754104086624,2,crowded,238,0.5057373046875,True,high,middle,scale_normalized_known_localisation,largest matched target instance,Crop centre and scale only; never model input or prediction guidance.,1,0,0.3169178479277983,0.5537596915124913,0.08007600434310531,28040,20714,590,14146,0.021041369472182596,0.6829197644105436,0.661878394938361,0.18397420030185552,1.1818653285192315,0.997891128217376,False,0.8001649133015545,0.276227792586443,0.5239371207151116,0.02380617823174941,0.5286494069411365,0.5048432287093871,False
Cx22-Pair.zip,Pair,00192,242,Cx22-Pair:000243,included,,largest_matched_cytoplasm_instance,0,0,243,31902,0.12188720703125,0.007617077299228888,2,crowded,252,0.5057373046875,True,high,low,scale_normalized_known_localisation,largest matched target instance,Crop centre and scale only; never model input or prediction guidance.,0,0,0.2996884891317352,0.5704999729158767,0.028877005347593583,31659,23724,243,16587,0.0076755424997631,0.6991654021244309,0.6914898596246678,0.20021983801574283,1.198110966233119,0.9978911282173762,False,0.7589616289159661,0.2219401575996383,0.5370214713163277,0.0,0.4743617719543319,0.4743617719543319,False
Cx22-Pair.zip,Pair,00193,243,Cx22-Pair:000244,included,,largest_matched_cytoplasm_instance,0,1,196,16096,0.0615234375,0.012176938369781311,1,not_crowded,179,0.5057373046875,True,middle,low,scale_normalized_known_localisation,largest matched target instance,Crop centre and scale only; never model input or prediction guidance.,0,1,0.28347682774441363,0.5202202267811497,0.04673342870767763,15900,14614,196,8192,0.012327044025157233,0.5605583686875599,0.5482313246624027,0.06161280457887186,1.059503932796248,0.9978911282173762,False,0.7803945133639634,0.386098583769821,0.3942959295941424,0.1336769694151274,0.6385201981245145,0.5048432287093871,False
Cx22-Pair.zip,Pair,00196,244,Cx22-Pair:000245,included,,largest_matched_cytoplasm_instance,0,1,465,17707,0.0673828125,0.026260800813237704,2,crowded,188,0.5057373046875,True,middle,middle,scale_normalized_known_localisation,largest matched target instance,Crop centre and scale only; never model input or prediction guidance.,0,1,0.41821325617086474,0.6895998625153954,0.14682664982633406,17242,17671,465,5869,0.026969029114951863,0.3321260822817045,0.3051570531667526,0.0,0.8310716463903925,0.8310716463903925,True,0.8096705619218861,0.6127282895666357,0.19694227235525041,0.36030667521194215,0.8651499039213293,0.5048432287093871,True
Cx22-Pair.zip,Pair,00196,245,Cx22-Pair:000246,included,,largest_matched_cytoplasm_instance,0,0,218,8272,0.03131103515625,0.026353965183752416,2,crowded,128,0.5057373046875,True,low,middle,scale_normalized_known_localisation,largest matched target instance,Crop centre and scale only; never model input or prediction guidance.,0,0,0.46990993667453584,0.7679448733490717,0.171875,8054,7619,218,2214,0.027067295753662776,0.29058931618322614,0.26352202042956335,0.0,0.7895348802919142,0.7895348802919142,True,0.7886286330257019,0.4122842437212043,0.37634438930449754,0.15986262936651074,0.6647058580758979,0.5048432287093871,False
Cx22-Pair.zip,Pair,00199,246,Cx22-Pair:000247,included,,largest_matched_cytoplasm_instance,0,1,1671,56564,0.2159423828125,0.029541758008627395,2,crowded,335,0.5057373046875,True,high,high,scale_normalized_known_localisation,largest matched target instance,Crop centre and scale only; never model input or prediction guidance.,0,1,0.3542292698159111,0.6081204239414264,0.10033811569039569,54893,42762,1671,31158,0.0304410398411455,0.7286375754174267,0.6981965355762811,0.22969201130873862,1.2275831395261148,0.9978911282173761,False,0.8088991778923522,0.3094503715880879,0.4994488063042643,0.057028757233394345,0.5618719859427814,0.5048432287093871,False
Cx22-Pair.zip,Pair,00200,247,Cx22-Pair:000248,included,,largest_matched_cytoplasm_instance,1,0,205,14553,0.055419921875,0.014086442657871229,2,crowded,170,0.5057373046875,True,middle,low,scale_normalized_known_localisation,largest matched target instance,Crop centre and scale only; never model input or prediction guidance.,1,0,0.480167324789988,0.8106747856343979,0.14965986394557823,14348,17840,205,1265,0.014287705603568441,0.07090807174887892,0.05662036614531048,0.0,0.569853635857567,0.569853635857567,True,0.8010290523419981,0.6611122533196084,0.13991679902238963,0.40869063896491487,0.913533867674302,0.5048432287093871,True
Cx22-Pair.zip,Pair,00200,248,Cx22-Pair:000249,included,,largest_matched_cytoplasm_instance,0,1,583,18629,0.07086181640625,0.03129529228622041,2,crowded,192,0.5057373046875,True,high,high,scale_normalized_known_localisation,largest matched target instance,Crop centre and scale only; never model input or prediction guidance.,0,1,0.4072319632284521,0.6694778188539742,0.14498610760293004,18046,16578,583,7335,0.032306328272193284,0.44245385450597174,0.4101475262337785,0.0,0.9413994186146598,0.9413994186146598,True,0.8117781671348976,0.6718503891417932,0.1399277779931044,0.4194287747870996,0.9242720034964867,0.5048432287093871,True
Cx22-Pair.zip,Pair,00200,249,Cx22-Pair:000250,included,,largest_matched_cytoplasm_instance,1,1,404,11310,0.04302978515625,0.03572060123784262,1,not_crowded,150,0.5057373046875,True,low,high,scale_normalized_known_localisation,largest matched target instance,Crop centre and scale only; never model input or prediction guidance.,1,1,0.8548285958202961,0.8977549599721545,0.8119022316684378,10906,12078,404,537,0.03704382908490739,0.04446100347739692,0.0074171743924895325,0.0,0.543406567586085,0.543406567586085,True,0.7798021625294955,0.8230066133915667,0.04320445086207114,0.5705849990368731,1.0,0.4294150009631269,True
Cx22-Pair.zip,Pair,00200,250,Cx22-Pair:000251,included,,largest_matched_cytoplasm_instance,1,1,441,15179,0.05780029296875,0.029053297318663945,2,crowded,174,0.5057373046875,True,middle,middle,scale_normalized_known_localisation,largest matched target instance,Crop centre and scale only; never model input or prediction guidance.,1,1,0.8144177395468499,0.9152938124270333,0.7135416666666666,14738,16098,441,711,0.029922648934726556,0.04416697726425643,0.014244328329529876,0.0,0.5431125413729445,0.5431125413729445,True,0.7410542846647892,0.6683478913488591,0.0727063933159301,0.4159262769941655,0.9207695057035526,0.5048432287093871,True
Cx22-Pair.zip,Pair,00201,251,Cx22-Pair:000252,included,,largest_matched_cytoplasm_instance,0,1,557,12735,0.048828125,0.043737730663525716,1,not_crowded,159,0.5057373046875,True,middle,high,scale_normalized_known_localisation,largest matched target instance,Crop centre and scale only; never model input or prediction guidance.,0,1,0.8575293369289813,0.8293174085132977,0.8857412653446648,12178,16624,557,502,0.04573821645590409,0.03019730510105871,0.01554091135484538,0.0,0.5291428692097467,0.5291428692097467,True,0.787589989892968,0.7973453071739303,0.009755317280962239,0.5449236928192367,1.0,0.4550763071807633,True
Cx22-Pair.zip,Pair,00201,252,Cx22-Pair:000253,included,,largest_matched_cytoplasm_instance,1,1,281,18505,0.07098388671875,0.015185085112131857,1,not_crowded,192,0.5057373046875,True,high,low,scale_normalized_known_localisation,largest matched target instance,Crop centre and scale only; never model input or prediction guidance.,1,1,0.43796846419507957,0.7439190754420736,0.13201785294808552,18224,20627,281,3976,0.015419227392449518,0.1927570659814806,0.17733783858903107,0.0,0.6917026300901686,0.6917026300901686,True,0.8546349841531679,0.386520785865226,0.4681141982879419,0.1340991715105324,0.6389424002199195,0.5048432287093871,False
Cx22-Pair.zip,Pair,00201,253,Cx22-Pair:000254,included,,largest_matched_cytoplasm_instance,1,1,326,20243,0.07733154296875,0.01610433236180408,2,crowded,201,0.5057373046875,True,high,low,scale_normalized_known_localisation,largest matched target instance,Crop centre and scale only; never model input or prediction guidance.,1,1,0.23074593774440133,0.41401499498199423,0.04747688050680842,19917,13961,326,13407,0.016367926896620977,0.960318028794499,0.943950101897878,0.46137246468581095,1.459263592903187,0.997891128217376,False,0.7993661308715195,0.48062196553022823,0.3187441653412913,0.22820035117553467,0.7330435798849217,0.5048432287093871,False
Cx22-Pair.zip,Pair,00201,254,Cx22-Pair:000255,included,,largest_matched_cytoplasm_instance,1,0,233,15065,0.0574951171875,0.015466312645204115,2,crowded,173,0.5057373046875,True,middle,low,scale_normalized_known_localisation,largest matched target instance,Crop centre and scale only; never model input or prediction guidance.,1,0,0.7267726625306763,0.872497943515218,0.5810473815461347,14832,17991,233,569,0.01570927723840345,0.03162692457339781,0.01591764733499436,0.0,0.5305724886820858,0.5305724886820858,True,0.8553464912304053,0.7245540459586508,0.1307924452717545,0.47213243160395724,0.9769756603133444,0.5048432287093871,True
Cx22-Pair.zip,Pair,00202,255,Cx22-Pair:000256,included,,largest_matched_cytoplasm_instance,1,1,393,16540,0.06298828125,0.023760580411124547,2,crowded,181,0.5057373046875,True,middle,middle,scale_normalized_known_localisation,largest matched target instance,Crop centre and scale only; never model input or prediction guidance.,1,1,0.3899988208582637,0.6597957759878227,0.1202018657287047,16147,15387,393,6146,0.024338886480460765,0.39942808864625984,0.37508920216579905,0.0,0.898373652754948,0.898373652754948,True,0.7692555782566409,0.4390417041245328,0.3302138741321081,0.18662008976983924,0.6914633184792264,0.5048432287093871,False
Cx22-Pair.zip,Pair,00202,256,Cx22-Pair:000257,included,,largest_matched_cytoplasm_instance,0,0,289,25808,0.09844970703125,0.01119807811531308,2,crowded,226,0.5057373046875,True,high,low,scale_normalized_known_localisation,largest matched target instance,Crop centre and scale only; never model input or prediction guidance.,0,0,0.1873955419081924,0.34319084326092036,0.03160024055546443,25519,17291,289,18002,0.011324895176143266,1.0411196576253543,1.029794762449211,0.5421740935166662,1.5400652217340425,0.9978911282173762,False,0.8330176766895421,0.6811347765950075,0.15188290009453453,0.42871316224031397,0.9335563909497011,0.5048432287093871,True
Cx22-Pair.zip,Pair,00202,257,Cx22-Pair:000258,included,,largest_matched_cytoplasm_instance,1,1,332,22791,0.0867919921875,0.014567153701022333,1,not_crowded,220,0.5057373046875,True,high,low,scale_normalized_known_localisation,largest matched target instance,Crop centre and scale only; never model input or prediction guidance.,1,1,0.1212282279672737,0.20803447563387348,0.03442198030067392,22459,11420,332,18958,0.01478249254196536,1.6600700525394045,1.6452875599974393,1.1611244884307164,2.1590156166480927,0.9978911282173764,False,0.7591797412642941,0.6247748625299873,0.13440487873430684,0.3723532481752937,0.8771964768846808,0.5048432287093871,True
Cx22-Pair.zip,Pair,00204,258,Cx22-Pair:000259,included,,largest_matched_cytoplasm_instance,1,1,316,20231,0.07757568359375,0.01561959369284761,1,not_crowded,201,0.5057373046875,True,high,low,scale_normalized_known_localisation,largest matched target instance,Crop centre and scale only; never model input or prediction guidance.,1,1,0.8981640630964924,0.9096614595263182,0.8866666666666667,19915,23743,316,284,0.015867436605573687,0.011961420208061324,0.0039060163975123633,0.0,0.5109069843167494,0.5109069843167494,True,0.7763932689460579,0.720770945011069,0.05562232393498889,0.4683493306563754,0.9731925593657625,0.5048432287093871,True
Cx22-Pair.zip,Pair,00206,259,Cx22-Pair:000260,included,,largest_matched_cytoplasm_instance,1,0,514,12639,0.0478515625,0.04066777434923649,2,crowded,159,0.5057373046875,True,middle,high,scale_normalized_known_localisation,largest matched target instance,Crop centre and scale only; never model input or prediction guidance.,1,0,0.3950416514553118,0.7900833029106236,0.0,12125,18006,514,138,0.042391752577319586,0.007664111962679107,0.03472764061464048,0.0,0.5066096760713672,0.5066096760713672,True,0.8370162758341142,0.7414890609465988,0.09552721488751537,0.48906744659190526,0.9939106753012924,0.5048432287093871,True
Cx22-Pair.zip,Pair,00206,260,Cx22-Pair:000261,included,,largest_matched_cytoplasm_instance,0,1,325,12805,0.0489501953125,0.025380710659898477,2,crowded,160,0.5057373046875,True,middle,middle,scale_normalized_known_localisation,largest matched target instance,Crop centre and scale only; never model input or prediction guidance.,0,1,0.846858165912288,0.8885215266297707,0.8051948051948052,12480,15346,325,445,0.026041666666666668,0.028997784438941743,0.002956117772275075,0.0,0.5279433485476298,0.5279433485476298,True,0.8322451006382638,0.8111256732460509,0.021119427392212953,0.5587040588913573,1.0,0.4412959411086427,True
Cx22-Pair.zip,Pair,00207,261,Cx22-Pair:000262,included,,largest_matched_cytoplasm_instance,1,0,497,8663,0.03277587890625,0.05737042594944015,1,not_crowded,185,0.5057373046875,True,low,high,scale_normalized_known_localisation,largest matched target instance,Crop centre and scale only; never model input or prediction guidance.,1,0,0.6848981414230637,0.7672578726924867,0.6025384101536406,8166,11173,497,1000,0.06086211119275043,0.08950147677436678,0.028639365581616345,0.0,0.5884470408830549,0.5884470408830549,True,0.8609220915401793,0.6850537115489311,0.17586837999124816,0.43263209719423756,0.9374753259036247,0.5048432287093871,True
Cx22-Pair.zip,Pair,00207,262,Cx22-Pair:000263,included,,largest_matched_cytoplasm_instance,1,0,639,12513,0.0482177734375,0.05106689043394869,2,crowded,158,0.5057373046875,True,middle,high,scale_normalized_known_localisation,largest matched target instance,Crop centre and scale only; never model input or prediction guidance.,1,0,0.30570519961272813,0.4504329461457233,0.16097745307973296,11874,11801,639,7300,0.05381505811015665,0.6185916447758665,0.5647765866657098,0.11964608066717841,1.1175372088845545,0.9978911282173761,False,0.8054974379705899,0.6122789185240542,0.19321851944653567,0.3598573041693607,0.8647005328787478,0.5048432287093871,True
Cx22-Pair.zip,Pair,00207,263,Cx22-Pair:000264,included,,largest_matched_cytoplasm_instance,0,0,699,11128,0.04278564453125,0.06281452192667146,2,crowded,149,0.5057373046875,True,low,high,scale_normalized_known_localisation,largest matched target instance,Crop centre and scale only; never model input or prediction guidance.,0,0,0.5573714812001764,0.7049514846125016,0.4097914777878513,10429,13584,699,2610,0.06702464282289769,0.19213780918727916,0.12511316636438147,0.0,0.6910833732959673,0.6910833732959673,True,0.7424117404659674,0.24340873005577462,0.49900301041019274,0.0,0.4958303444104682,0.4958303444104682,False
Cx22-Pair.zip,Pair,00207,264,Cx22-Pair:000265,included,,largest_matched_cytoplasm_instance,1,0,407,13004,0.0496826171875,0.03129806213472778,2,crowded,161,0.5057373046875,True,middle,high,scale_normalized_known_localisation,largest matched target instance,Crop centre and scale only; never model input or prediction guidance.,1,0,0.5219456675084113,0.7583125873887392,0.2855787476280835,12597,16726,407,1701,0.032309279987298566,0.10169795527920603,0.06938867529190745,0.0,0.6006435193878941,0.6006435193878941,True,0.8046269791692061,0.6092775079468885,0.1953494712223176,0.35685589359219494,0.8616991223015821,0.5048432287093871,True
Cx22-Pair.zip,Pair,00208,265,Cx22-Pair:000266,included,,largest_matched_cytoplasm_instance,0,0,572,14830,0.0567626953125,0.03857046527309508,2,crowded,172,0.5057373046875,True,middle,high,scale_normalized_known_localisation,largest matched target instance,Crop centre and scale only; never model input or prediction guidance.,0,0,0.7194785978699331,0.8351004464285714,0.6038567493112947,14258,14414,572,1243,0.04011782858745967,0.08623560427362287,0.046117775686163195,0.0,0.5851811683823109,0.5851811683823109,True,0.7878909435955486,0.4775880979452348,0.31030284565031374,0.22516648359054126,0.7300097122999284,0.5048432287093871,False
Cx22-Pair.zip,Pair,00208,266,Cx22-Pair:000267,included,,largest_matched_cytoplasm_instance,1,1,486,34348,0.13140869140625,0.014149295446605334,2,crowded,261,0.5057373046875,True,high,low,scale_normalized_known_localisation,largest matched target instance,Crop centre and scale only; never model input or prediction guidance.,1,1,0.3429476797408633,0.6858953594817266,0.0,33862,37143,486,9759,0.014352371389758431,0.26274129714885713,0.2483889257590987,0.0,0.7616868612575451,0.7616868612575451,True,0.7427500310757869,0.6589522903712578,0.08379774070452906,0.40653067601656423,0.9113739047259514,0.5048432287093871,True
Cx22-Pair.zip,Pair,00208,267,Cx22-Pair:000268,included,,largest_matched_cytoplasm_instance,1,0,265,28481,0.1090087890625,0.009304448579754925,2,crowded,238,0.5057373046875,True,high,low,scale_normalized_known_localisation,largest matched target instance,Crop centre and scale only; never model input or prediction guidance.,1,0,0.44570062597824067,0.7747895907903647,0.11661166116611661,28216,33806,265,4280,0.009391834420187128,0.1266047447198722,0.11721291029968509,0.0,0.6255503088285603,0.6255503088285603,True,0.655644358654485,0.3622682716895392,0.2933760869649458,0.10984665733484561,0.6146898860442327,0.5048432287093871,False
Cx22-Pair.zip,Pair,00210,268,Cx22-Pair:000269,included,,largest_matched_cytoplasm_instance,0,0,571,19365,0.07379150390625,0.029486186418796797,2,crowded,196,0.5057373046875,True,high,high,scale_normalized_known_localisation,largest matched target instance,Crop centre and scale only; never model input or prediction guidance.,0,0,0.3551460536446395,0.5942234011199529,0.11606870616932616,18794,15136,571,9268,0.030382036820261787,0.6123150105708245,0.5819329737505627,0.11336944646213643,1.1112605746795126,0.9978911282173761,False,0.8233208348207115,0.5715553888305547,0.2517654459901568,0.3191337744758611,0.8239770031852482,0.5048432287093871,True
Cx22-Pair.zip,Pair,00210,269,Cx22-Pair:000270,included,,largest_matched_cytoplasm_instance,1,0,264,14560,0.05535888671875,0.018131868131868133,1,not_crowded,170,0.5057373046875,True,middle,middle,scale_normalized_known_localisation,largest matched target instance,Crop centre and scale only; never model input or prediction guidance.,1,0,0.40849081840840934,0.7254879752331332,0.09149366158368546,14296,12191,264,5179,0.01846670397313934,0.4248215896973177,0.4063548857241784,0.0,0.9237671538060057,0.9237671538060057,True,0.8068331703238723,0.6002235891063363,0.20660958121753592,0.34780197475164276,0.8526452034610299,0.5048432287093871,True
Cx22-Pair.zip,Pair,00210,270,Cx22-Pair:000271,included,,largest_matched_cytoplasm_instance,0,0,268,15402,0.0589599609375,0.017400337618491104,1,not_crowded,175,0.5057373046875,True,middle,low,scale_normalized_known_localisation,largest matched target instance,Crop centre and scale only; never model input or prediction guidance.,0,0,0.6809305297996774,0.8633870005963029,0.49847405900305186,15134,18406,268,715,0.017708470992467293,0.03884602846897751,0.021137557476510214,0.0,0.5377915925776656,0.5377915925776656,True,0.8283807091101271,0.7157488192553312,0.11263188985479589,0.4633272049006376,0.9681704336100247,0.5048432287093871,True
Cx22-Pair.zip,Pair,00210,271,Cx22-Pair:000272,included,,largest_matched_cytoplasm_instance,1,0,401,16332,0.06207275390625,0.0245530247367132,1,not_crowded,180,0.5057373046875,True,middle,middle,scale_normalized_known_localisation,largest matched target instance,Crop centre and scale only; never model input or prediction guidance.,1,0,0.49098820336850435,0.7947681901170274,0.18720821661998133,15931,17480,401,3883,0.02517105015378821,0.22213958810068649,0.19696853794689828,0.0,0.7210851522093745,0.7210851522093745,True,0.8696990397203211,0.23022876989031987,0.6394702698300012,0.0,0.48265038424501344,0.48265038424501344,False
Cx22-Pair.zip,Pair,00211,272,Cx22-Pair:000273,included,,largest_matched_cytoplasm_instance,0,0,266,29692,0.11358642578125,0.008958642058466927,2,crowded,243,0.5057373046875,True,high,low,scale_normalized_known_localisation,largest matched target instance,Crop centre and scale only; never model input or prediction guidance.,0,0,0.5244351219661749,0.8076321920434103,0.24123805188893946,29426,38392,266,1931,0.009039624821586352,0.05029693686184622,0.04125731204025987,0.0,0.5492425009705343,0.5492425009705343,True,0.7129269413931987,0.2779493727523291,0.43497756864086956,0.025527758397635547,0.5303709871070227,0.5048432287093871,False
Cx22-Pair.zip,Pair,00213,273,Cx22-Pair:000274,included,,largest_matched_cytoplasm_instance,0,1,573,9367,0.035888671875,0.06117220027757019,1,not_crowded,137,0.5057373046875,True,low,high,scale_normalized_known_localisation,largest matched target instance,Crop centre and scale only; never model input or prediction guidance.,0,1,0.45586067240642086,0.6349765971673454,0.2767447476454963,8794,7657,573,3568,0.06515806231521491,0.4659788428888599,0.40082078057364495,0.0,0.964924406997548,0.964924406997548,True,0.8830487126595213,0.3362205577348,0.5468281549247214,0.0837989433801064,0.5886421720894935,0.5048432287093871,False
Cx22-Pair.zip,Pair,00213,274,Cx22-Pair:000275,included,,largest_matched_cytoplasm_instance,0,0,473,13603,0.05206298828125,0.034771741527604205,1,not_crowded,165,0.5057373046875,True,middle,high,scale_normalized_known_localisation,largest matched target instance,Crop centre and scale only; never model input or prediction guidance.,0,0,0.8165450977558557,0.8085091899251191,0.8245810055865922,13130,16250,473,422,0.036024371667936025,0.02596923076923077,0.010055140898705257,0.0,0.5249147948779188,0.5249147948779188,True,0.6845987613932497,0.710070032940387,0.025471271547137242,0.4576484185856934,0.9624916472950805,0.5048432287093871,True
Cx22-Pair.zip,Pair,00216,275,Cx22-Pair:000276,included,,largest_matched_cytoplasm_instance,1,1,379,22344,0.0849609375,0.01696204797708557,1,not_crowded,211,0.5057373046875,True,high,low,scale_normalized_known_localisation,largest matched target instance,Crop centre and scale only; never model input or prediction guidance.,1,1,0.7249941719395095,0.8133517072423825,0.6366366366366366,21965,23752,379,620,0.0172547234236285,0.026103065005052207,0.008848341581423707,0.0,0.5250486291137403,0.5250486291137403,True,0.8034821962466141,0.6962039650607675,0.10727823118584656,0.44378235070607397,0.9486255794154611,0.5048432287093871,True
Cx22-Pair.zip,Pair,00216,276,Cx22-Pair:000277,included,,largest_matched_cytoplasm_instance,1,1,298,14510,0.05511474609375,0.020537560303239145,2,crowded,170,0.5057373046875,True,middle,middle,scale_normalized_known_localisation,largest matched target instance,Crop centre and scale only; never model input or prediction guidance.,1,1,0.763938138361538,0.8704560270698165,0.6574202496532594,14212,18001,298,423,0.02096819589079651,0.02349869451697128,0.0025304986261747674,0.0,0.5224442586256594,0.5224442586256594,True,0.8394965200952189,0.8250545275739251,0.014441992521293856,0.5726329132192315,1.0,0.4273670867807685,True
Cx22-Pair.zip,Pair,00216,277,Cx22-Pair:000278,included,,largest_matched_cytoplasm_instance,1,1,475,25494,0.097412109375,0.018631834941554876,1,not_crowded,225,0.5057373046875,True,high,middle,scale_normalized_known_localisation,largest matched target instance,Crop centre and scale only; never model input or prediction guidance.,1,1,0.48435161471935273,0.7753836905678808,0.1933195388708247,25019,28214,475,2908,0.01898557096606579,0.10306939817112072,0.08408382720505493,0.0,0.6020149622798088,0.6020149622798088,True,0.8726868911183178,0.660533061800312,0.21215382931800575,0.40811144744561845,0.9129546761550056,0.5048432287093871,True
Cx22-Pair.zip,Pair,00217,278,Cx22-Pair:000279,included,,largest_matched_cytoplasm_instance,0,0,398,16604,0.06329345703125,0.02397012768007709,2,crowded,196,0.5057373046875,True,middle,middle,scale_normalized_known_localisation,largest matched target instance,Crop centre and scale only; never model input or prediction guidance.,0,0,0.7833857728401072,0.8110897274983963,0.7556818181818182,16206,19647,398,306,0.02455880538072319,0.015574896930829134,0.008983908449894055,0.0,0.5145204610395172,0.5145204610395172,True,0.8289293591710803,0.7510745825717832,0.07785477659929718,0.4986529682170896,1.0,0.5013470317829104,True
Cx22-Pair.zip,Pair,00217,279,Cx22-Pair:000280,included,,largest_matched_cytoplasm_instance,1,1,457,40192,0.15399169921875,0.011370421974522293,2,crowded,282,0.5057373046875,True,high,low,scale_normalized_known_localisation,largest matched target instance,Crop centre and scale only; never model input or prediction guidance.,1,1,0.5358160554367156,0.7954157313025639,0.2762163795708673,39735,53366,457,2852,0.011501195419655216,0.05344226661170033,0.04194107119204511,0.0,0.5523878307203884,0.5523878307203884,True,0.841114556541221,0.5332750923946403,0.3078394641465807,0.28085347803994676,0.7856967067493339,0.5048432287093871,False
Cx22-Pair.zip,Pair,00217,280,Cx22-Pair:000281,included,,largest_matched_cytoplasm_instance,1,1,279,29127,0.1114501953125,0.009578741373982902,1,not_crowded,240,0.5057373046875,True,high,low,scale_normalized_known_localisation,largest matched target instance,Crop centre and scale only; never model input or prediction guidance.,1,1,0.30533040287261926,0.5735276454337991,0.03713316031143941,28848,21106,279,14748,0.009671381031613977,0.6987586468302852,0.6890872657986712,0.19981308272159715,1.1977042109389733,0.9978911282173761,False,0.8351360192331788,0.652266413145659,0.1828696060875198,0.39984479879096546,0.9046880275003526,0.5048432287093871,True
Cx22-Pair.zip,Pair,00218,281,Cx22-Pair:000282,included,,largest_matched_cytoplasm_instance,0,0,464,18494,0.07080078125,0.02508921812479723,1,not_crowded,192,0.5057373046875,True,high,middle,scale_normalized_known_localisation,largest matched target instance,Crop centre and scale only; never model input or prediction guidance.,0,0,0.8626687709004006,0.8854473313707922,0.8398902104300091,18030,21035,464,629,0.025734886300610094,0.029902543380080818,0.004167657079470723,0.0,0.5288481074887689,0.5288481074887689,True,0.7991602893209925,0.7411983273395442,0.05796196198144832,0.4887767129848506,0.9936199416942377,0.5048432287093871,True
Cx22-Pair.zip,Pair,00218,282,Cx22-Pair:000283,included,,largest_matched_cytoplasm_instance,1,1,463,27144,0.10357666015625,0.01705717653993516,2,crowded,232,0.5057373046875,True,high,low,scale_normalized_known_localisation,largest matched target instance,Crop centre and scale only; never model input or prediction guidance.,1,1,0.7054861782147074,0.8194230606547669,0.5915492957746479,26681,32424,463,1099,0.017353172669690043,0.03389464594127806,0.01654147327158802,0.0,0.5328402100499662,0.5328402100499662,True,0.8185500041647357,0.7124557276992298,0.10609427646550584,0.46003411334453626,0.9648773420539234,0.5048432287093871,True
Cx22-Pair.zip,Pair,00218,283,Cx22-Pair:000284,included,,largest_matched_cytoplasm_instance,1,1,243,21956,0.08367919921875,0.011067589724904354,2,crowded,209,0.5057373046875,True,high,low,scale_normalized_known_localisation,largest matched target instance,Crop centre and scale only; never model input or prediction guidance.,1,1,0.4787765117924422,0.8075707101784464,0.14998231340643792,21713,25416,243,2584,0.011191452125454797,0.10166824047843878,0.09047678835298398,0.0,0.6006138045871269,0.6006138045871269,True,0.8075855912699452,0.4528184894541538,0.3547671018157914,0.20039687509946025,0.7052401038088474,0.5048432287093871,False
Cx22-Pair.zip,Pair,00220,284,Cx22-Pair:000285,included,,largest_matched_cytoplasm_instance,0,1,668,13803,0.05255126953125,0.04839527638919076,2,crowded,171,0.5057373046875,True,middle,high,scale_normalized_known_localisation,largest matched target instance,Crop centre and scale only; never model input or prediction guidance.,0,1,0.7561088932113029,0.886658363250055,0.625559423172551,13135,14163,668,1343,0.05085649029311001,0.09482454282284827,0.04396805252973826,0.0,0.5937701069315363,0.5937701069315363,True,0.8482790784645611,0.7688737607037566,0.0794053177608045,0.516452146349063,1.0,0.483547853650937,True
Cx22-Pair.zip,Pair,00221,285,Cx22-Pair:000286,included,,largest_matched_cytoplasm_instance,0,1,282,30717,0.11724853515625,0.009180584041410294,2,crowded,247,0.5057373046875,True,high,low,scale_normalized_known_localisation,largest matched target instance,Crop centre and scale only; never model input or prediction guidance.,0,1,0.5146920250443342,0.8489087771278464,0.18047527296082208,30435,35042,282,2832,0.009265648102513553,0.0808173049483477,0.07155165684583414,0.0,0.5797628690570358,0.5797628690570358,True,0.8013275829613181,0.3970401698059193,0.40428741315539884,0.1446185554512257,0.6494617841606128,0.5048432287093871,False
Cx22-Pair.zip,Pair,00222,286,Cx22-Pair:000287,included,,largest_matched_cytoplasm_instance,1,1,494,10316,0.0391845703125,0.0478867778208608,2,crowded,143,0.5057373046875,True,low,high,scale_normalized_known_localisation,largest matched target instance,Crop centre and scale only; never model input or prediction guidance.,1,1,0.6044800621794929,0.8013228928554058,0.40763723150357994,9822,10739,494,1601,0.05029525554876807,0.14908278238197226,0.09878752683320419,0.0,0.6480283464906603,0.6480283464906603,True,0.8342902963011969,0.5986830128081659,0.23560728349303095,0.34626139845347237,0.8511046271628595,0.5048432287093871,True
Cx22-Pair.zip,Pair,00222,287,Cx22-Pair:000288,included,,largest_matched_cytoplasm_instance,0,0,404,17077,0.0660400390625,0.0236575510921122,2,crowded,184,0.5057373046875,True,middle,middle,scale_normalized_known_localisation,largest matched target instance,Crop centre and scale only; never model input or prediction guidance.,0,0,0.6280815002850804,0.810028653295129,0.4461343472750317,16673,18227,404,1174,0.02423079229892641,0.06440994129587974,0.04017914899695332,0.0,0.5633555054045678,0.5633555054045678,True,0.8630203338263789,0.7541271568319976,0.10889317699438128,0.501705542477304,1.0,0.49829445752269597,True
Cx22-Pair.zip,Pair,00224,288,Cx22-Pair:000289,included,,largest_matched_cytoplasm_instance,0,0,478,14653,0.0555419921875,0.0326213062171569,2,crowded,171,0.5057373046875,True,middle,high,scale_normalized_known_localisation,largest matched target instance,Crop centre and scale only; never model input or prediction guidance.,0,0,0.7010843608061587,0.8462774829416224,0.5558912386706949,14175,18800,478,1177,0.03372134038800705,0.06260638297872341,0.028885042590716357,0.0,0.5615519470874115,0.5615519470874115,True,0.8691437700428165,0.28511004998417433,0.5840337200586422,0.03268843562948076,0.5375316643388679,0.5048432287093871,False
Cx22-Pair.zip,Pair,00224,289,Cx22-Pair:000290,included,,largest_matched_cytoplasm_instance,0,0,707,9864,0.037353515625,0.07167477696674777,2,crowded,140,0.5057373046875,True,low,high,scale_normalized_known_localisation,largest matched target instance,Crop centre and scale only; never model input or prediction guidance.,0,0,0.7340540777493373,0.8423923824637969,0.6257157730348777,9157,11007,707,1214,0.07720869280331986,0.11029344962296721,0.03308475681964734,0.0,0.6092390137316552,0.6092390137316552,True,0.860003341410371,0.8446558972156206,0.015347444194750426,0.592234282860927,1.0,0.40776571713907295,True
Cx22-Pair.zip,Pair,00225,290,Cx22-Pair:000291,included,,largest_matched_cytoplasm_instance,0,0,263,8539,0.03240966796875,0.030799859468321818,2,crowded,134,0.5057373046875,True,low,high,scale_normalized_known_localisation,largest matched target instance,Crop centre and scale only; never model input or prediction guidance.,0,0,0.582958894108768,0.840165770609319,0.32575201760821715,8276,9580,263,1100,0.031778637022716286,0.11482254697286012,0.08304390995014384,0.0,0.6137681110815482,0.6137681110815482,True,0.8523081684775694,0.28830963157728046,0.5639985369002889,0.03588801722258689,0.540731245931974,0.5048432287093871,False
Cx22-Pair.zip,Pair,00225,291,Cx22-Pair:000292,included,,largest_matched_cytoplasm_instance,1,0,544,14567,0.0557861328125,0.037344683188027736,2,crowded,170,0.5057373046875,True,middle,high,scale_normalized_known_localisation,largest matched target instance,Crop centre and scale only; never model input or prediction guidance.,1,0,0.5823717873953076,0.7676251596622947,0.3971184151283206,14023,18076,544,1677,0.038793410825073094,0.0927749502102235,0.05398153938515041,0.0,0.5917205143189116,0.5917205143189116,True,0.7854626854152564,0.6322750572612301,0.1531876281540263,0.37985344290653655,0.8846966716159237,0.5048432287093871,True
Cx22-Pair.zip,Pair,00225,292,Cx22-Pair:000293,included,,largest_matched_cytoplasm_instance,0,0,179,9388,0.03619384765625,0.019066893907115467,2,crowded,146,0.5057373046875,True,low,middle,scale_normalized_known_localisation,largest matched target instance,Crop centre and scale only; never model input or prediction guidance.,0,0,0.3517297889398657,0.5892650005272593,0.11419457735247208,9209,9757,179,2956,0.019437506786838962,0.3029619760172184,0.28352446923037944,0.0,0.8019075401259065,0.8019075401259065,True,0.8458313205000414,0.3416746652660094,0.504156655234032,0.08925305091131586,0.594096279620703,0.5048432287093871,False
Cx22-Pair.zip,Pair,00226,293,Cx22-Pair:000294,included,,largest_matched_cytoplasm_instance,1,1,620,16862,0.0643310546875,0.03676906654014945,2,crowded,183,0.5057373046875,True,middle,high,scale_normalized_known_localisation,largest matched target instance,Crop centre and scale only; never model input or prediction guidance.,1,1,0.5634439128827382,0.8056443024494143,0.32124352331606215,16242,17562,620,3240,0.038172638837581575,0.18448923812777587,0.1463165992901943,0.0,0.6834348022364639,0.6834348022364639,True,0.875237881299573,0.6292766505000033,0.24596123079956977,0.3768550361453097,0.8816982648546968,0.5048432287093871,True
Cx22-Pair.zip,Pair,00227,294,Cx22-Pair:000295,included,,largest_matched_cytoplasm_instance,1,0,196,16853,0.06378173828125,0.011629976858719516,1,not_crowded,190,0.5057373046875,True,middle,low,scale_normalized_known_localisation,largest matched target instance,Crop centre and scale only; never model input or prediction guidance.,1,0,0.5488822047761206,0.8456635692161067,0.25210084033613445,16657,16919,196,875,0.01176682475835985,0.0517170045510964,0.03995017979273655,0.0,0.5506625686597845,0.5506625686597845,True,0.8210820620298189,0.4174914679148973,0.40359059411492165,0.1650698535602037,0.6699130822695909,0.5048432287093871,False
Cx22-Pair.zip,Pair,00227,295,Cx22-Pair:000296,included,,largest_matched_cytoplasm_instance,1,1,337,28160,0.10693359375,0.011967329545454545,2,crowded,236,0.5057373046875,True,high,low,scale_normalized_known_localisation,largest matched target instance,Crop centre and scale only; never model input or prediction guidance.,1,1,0.5913948789677801,0.8427162285237956,0.3400735294117647,27823,36958,337,751,0.012112281206196313,0.020320363656041993,0.00820808244984568,0.0,0.51926592776473,0.51926592776473,True,0.8093943918289248,0.34852987196785,0.4608645198610748,0.09610825761315644,0.6009514863225436,0.5048432287093871,False
Cx22-Pair.zip,Pair,00227,296,Cx22-Pair:000297,included,,largest_matched_cytoplasm_instance,1,0,258,17118,0.0655517578125,0.015071854188573432,2,crowded,184,0.5057373046875,True,middle,low,scale_normalized_known_localisation,largest matched target instance,Crop centre and scale only; never model input or prediction guidance.,1,0,0.38430383226511766,0.6915697427625435,0.07703792176769185,16860,18477,258,6440,0.015302491103202847,0.348541429885804,0.33323893878260114,0.0,0.847486993994492,0.847486993994492,True,0.816270785163958,0.15693320341713368,0.6593375817468243,0.0,0.40935481777182725,0.40935481777182725,False
Cx22-Pair.zip,Pair,00228,297,Cx22-Pair:000298,included,,largest_matched_cytoplasm_instance,0,0,535,10834,0.04119873046875,0.0493815765183681,2,crowded,159,0.5057373046875,True,low,high,scale_normalized_known_localisation,largest matched target instance,Crop centre and scale only; never model input or prediction guidance.,0,0,0.28302959170457637,0.42004389956635796,0.14601528384279475,10299,8380,535,6793,0.05194679095057773,0.8106205250596659,0.7586737341090881,0.3116749609509778,1.3095660891683538,0.997891128217376,False,0.7437642750466384,0.3389609424472932,0.40480333259934526,0.08653932809259962,0.5913825568019868,0.5048432287093871,False
Cx22-Pair.zip,Pair,00228,298,Cx22-Pair:000299,included,,largest_matched_cytoplasm_instance,1,1,849,6296,0.02398681640625,0.13484752223634053,2,crowded,112,0.5057373046875,True,low,high,scale_normalized_known_localisation,largest matched target instance,Crop centre and scale only; never model input or prediction guidance.,1,1,0.6985727506893757,0.6985609884728397,0.6985845129059117,5447,7826,849,1553,0.1558656140995043,0.198441093789931,0.04257547969042669,0.0,0.6973866578986191,0.6973866578986191,True,0.8682191726252019,0.8561591994666818,0.012059973158520032,0.6037375851119883,1.0,0.3962624148880117,True
Cx22-Pair.zip,Pair,00228,299,Cx22-Pair:000300,included,,largest_matched_cytoplasm_instance,1,1,560,21897,0.08319091796875,0.025574279581677857,2,crowded,209,0.5057373046875,True,high,middle,scale_normalized_known_localisation,largest matched target instance,Crop centre and scale only; never model input or prediction guidance.,1,1,0.658455602584187,0.8052152987356254,0.5116959064327485,21337,29360,560,1492,0.026245489056568403,0.050817438692098094,0.02457194963552969,0.0,0.5497630028007862,0.5497630028007862,True,0.8103732980051551,0.681580727982315,0.12879257002284017,0.4291591136276214,0.9340023423370085,0.5048432287093871,True
Cx22-Pair.zip,Pair,00229,300,Cx22-Pair:000301,included,,largest_matched_cytoplasm_instance,1,1,222,32932,0.12554931640625,0.006741163609862748,1,not_crowded,256,0.5057373046875,True,high,low,scale_normalized_known_localisation,largest matched target instance,Crop centre and scale only; never model input or prediction guidance.,1,1,0.2965003828466976,0.5648914087430679,0.0281093569503273,32710,31844,222,15360,0.006786915316416998,0.482351463383997,0.47556454806758,0.0,0.9812970274926851,0.9812970274926851,True,0.8100028253134905,0.2745557923402646,0.5354470329732259,0.022134177985571046,0.5269774066949582,0.5048432287093871,False
Cx22-Pair.zip,Pair,00229,301,Cx22-Pair:000302,included,,largest_matched_cytoplasm_instance,0,0,418,32226,0.12274169921875,0.012970893067709302,2,crowded,253,0.5057373046875,True,high,low,scale_normalized_known_localisation,largest matched target instance,Crop centre and scale only; never model input or prediction guidance.,0,0,0.8509160309083871,0.814652574637287,0.8871794871794871,31808,36221,418,362,0.013141348088531186,0.009994202258358412,0.0031471458301727748,0.0,0.5089397663670465,0.5089397663670465,True,0.8699212972975425,0.7288630362850329,0.14105826101250962,0.47644142193033934,0.9812846506397265,0.5048432287093871,True
Cx22-Pair.zip,Pair,00229,302,Cx22-Pair:000303,included,,largest_matched_cytoplasm_instance,0,1,266,24192,0.0921630859375,0.01099537037037037,1,not_crowded,219,0.5057373046875,True,high,low,scale_normalized_known_localisation,largest matched target instance,Crop centre and scale only; never model input or prediction guidance.,0,1,0.8821260764398315,0.9008457447852279,0.863406408094435,23926,27035,266,327,0.011117612638970159,0.012095431847604957,0.0009778192086347982,0.0,0.511040995956293,0.511040995956293,True,0.7508502520643024,0.7142344928166212,0.036615759247681234,0.46181287846192765,0.9666561071713148,0.5048432287093871,True
Cx22-Pair.zip,Pair,00230,303,Cx22-Pair:000304,included,,largest_matched_cytoplasm_instance,1,1,482,13986,0.05340576171875,0.03446303446303446,2,crowded,167,0.5057373046875,True,middle,high,scale_normalized_known_localisation,largest matched target instance,Crop centre and scale only; never model input or prediction guidance.,1,1,0.3208727584475949,0.5278648317209429,0.1138806851742469,13504,8513,482,7983,0.035693127962085305,0.9377422765182661,0.9020491485561808,0.43879671240957807,1.4366878406269543,0.9978911282173762,False,0.8077148678353601,0.3965412381115838,0.41117362972377625,0.14411962375689025,0.6489628524662774,0.5048432287093871,False
Cx22-Pair.zip,Pair,00230,304,Cx22-Pair:000305,included,,largest_matched_cytoplasm_instance,1,1,385,12614,0.0474853515625,0.030521642619311874,1,not_crowded,216,0.5057373046875,True,middle,high,scale_normalized_known_localisation,largest matched target instance,Crop centre and scale only; never model input or prediction guidance.,1,1,0.32675545895002256,0.5608398872236237,0.09267103067642152,12229,14727,385,7406,0.031482541499713794,0.502885855910912,0.47140331441119815,0.003940291802223883,1.0018314200196001,0.9978911282173762,True,0.7952596489515625,0.3254799463481518,0.46977970260341073,0.07305833199345824,0.5779015607028454,0.5048432287093871,False
Cx22-Pair.zip,Pair,00230,305,Cx22-Pair:000306,included,,largest_matched_cytoplasm_instance,1,1,317,21417,0.0814208984375,0.01480132604940001,2,crowded,206,0.5057373046875,True,high,low,scale_normalized_known_localisation,largest matched target instance,Crop centre and scale only; never model input or prediction guidance.,1,1,0.4419813632544905,0.7699958008265742,0.11396692568240685,21100,24147,317,4702,0.015023696682464454,0.19472398227523088,0.17970028559276643,0.0,0.693669546383919,0.693669546383919,True,0.7813152402182757,0.5371616022990131,0.2441536379192626,0.28473998794431954,0.7895832166537067,0.5048432287093871,True
Cx22-Pair.zip,Pair,00230,306,Cx22-Pair:000307,included,,largest_matched_cytoplasm_instance,1,1,474,18801,0.07196044921875,0.02521142492420616,2,crowded,193,0.5057373046875,True,high,middle,scale_normalized_known_localisation,largest matched target instance,Crop centre and scale only; never model input or prediction guidance.,1,1,0.44545529222048014,0.7297683100911387,0.1611422743498215,18327,18101,474,5409,0.02586348011131118,0.29882326943262805,0.27295978932131687,0.0,0.7977688335413161,0.7977688335413161,True,0.8139839689906774,0.41293309693408836,0.401050872056589,0.1605114825793948,0.6653547112887819,0.5048432287093871,False
Cx22-Pair.zip,Pair,00231,307,Cx22-Pair:000308,included,,largest_matched_cytoplasm_instance,0,0,327,18345,0.0699462890625,0.017825020441537203,2,crowded,191,0.5057373046875,True,high,middle,scale_normalized_known_localisation,largest matched target instance,Crop centre and scale only; never model input or prediction guidance.,0,0,0.5098788925448682,0.8475034498296207,0.1722543352601156,18018,17491,327,3133,0.018148518148518148,0.17912069064090103,0.16097217249238288,0.0,0.678066254749589,0.678066254749589,True,0.8494647260298824,0.5744345415106836,0.2750301845191988,0.32201292715599006,0.8268561558653772,0.5048432287093871,False
Cx22-Pair.zip,Pair,00233,308,Cx22-Pair:000309,included,,largest_matched_cytoplasm_instance,0,1,240,24019,0.09136962890625,0.009992089595736709,1,not_crowded,218,0.5057373046875,True,high,low,scale_normalized_known_localisation,largest matched target instance,Crop centre and scale only; never model input or prediction guidance.,0,1,0.356265956202906,0.6551773897627244,0.05735452264308759,23779,24730,240,8129,0.01009293914798772,0.3287100687424181,0.3186171295944304,0.0,0.8276556328511062,0.8276556328511062,True,0.7484690629029682,0.426816623024493,0.3216524398784752,0.17439500866979946,0.6792382373791865,0.5048432287093871,False
Cx22-Pair.zip,Pair,00234,309,Cx22-Pair:000310,included,,largest_matched_cytoplasm_instance,1,1,844,19697,0.074951171875,0.0428491648474387,1,not_crowded,198,0.5057373046875,True,high,high,scale_normalized_known_localisation,largest matched target instance,Crop centre and scale only; never model input or prediction guidance.,1,1,0.7485704613073292,0.8624574778643634,0.6346834447502949,18853,22596,844,1699,0.044767411022118495,0.07519029916799433,0.030422888145875834,0.0,0.5741358632766824,0.5741358632766824,True,0.7492755625604267,0.618775712138468,0.13049985042195866,0.3663540977837745,0.8711973264931616,0.5048432287093871,True
Cx22-Pair.zip,Pair,00234,310,Cx22-Pair:000311,included,,largest_matched_cytoplasm_instance,1,1,739,26899,0.1026611328125,0.027473140265437377,1,not_crowded,231,0.5057373046875,True,high,middle,scale_normalized_known_localisation,largest matched target instance,Crop centre and scale only; never model input or prediction guidance.,1,1,0.4663500147223719,0.7403022163752306,0.19239781306951315,26160,28569,739,6943,0.028249235474006117,0.24302565718086036,0.21477642170685424,0.0,0.7419712212895484,0.7419712212895484,True,0.8506243509958189,0.5423993295578143,0.30822502143800456,0.28997771520312077,0.7948209439125079,0.5048432287093871,False
Cx22-Pair.zip,Pair,00235,311,Cx22-Pair:000312,included,,largest_matched_cytoplasm_instance,1,0,379,18970,0.072509765625,0.019978914074855036,1,not_crowded,194,0.5057373046875,True,high,middle,scale_normalized_known_localisation,largest matched target instance,Crop centre and scale only; never model input or prediction guidance.,1,0,0.36844569333099136,0.6299198935770265,0.10697149308495625,18591,15988,379,6707,0.020386208380399118,0.41950212659494623,0.3991159182145471,0.0,0.9184476907036343,0.9184476907036343,True,0.6934431526384626,0.4132434727061069,0.28019967993235567,0.16082185835141333,0.6656650870608005,0.5048432287093871,False
Cx22-Pair.zip,Pair,00235,312,Cx22-Pair:000313,included,,largest_matched_cytoplasm_instance,1,1,736,16605,0.06353759765625,0.04432399879554351,1,not_crowded,182,0.5057373046875,True,middle,high,scale_normalized_known_localisation,largest matched target instance,Crop centre and scale only; never model input or prediction guidance.,1,1,0.6889193835248418,0.8304233709916695,0.5474153960580141,15869,19183,736,1953,0.0463797340727204,0.10180889329093468,0.05542915921821428,0.0,0.6007544573996227,0.6007544573996227,True,0.8681466080031022,0.5814545512955626,0.2866920567075396,0.329032936940869,0.8338761656502561,0.5048432287093871,False
Cx22-Pair.zip,Pair,00237,313,Cx22-Pair:000314,included,,largest_matched_cytoplasm_instance,1,1,248,11574,0.0443115234375,0.021427337134957664,2,crowded,152,0.5057373046875,True,middle,middle,scale_normalized_known_localisation,largest matched target instance,Crop centre and scale only; never model input or prediction guidance.,1,1,0.4641987176930175,0.7658486707566462,0.1625487646293888,11326,14102,248,1290,0.021896521278474308,0.0914763863281804,0.06957986504970609,0.0,0.5904219504368685,0.5904219504368685,True,0.7597777488411228,0.567567369373432,0.19221037946769082,0.3151457550187384,0.8199889837281256,0.5048432287093871,True
Cx22-Pair.zip,Pair,00239,314,Cx22-Pair:000315,included,,largest_matched_cytoplasm_instance,1,1,577,12747,0.048583984375,0.04526555267906174,2,crowded,159,0.5057373046875,True,middle,high,scale_normalized_known_localisation,largest matched target instance,Crop centre and scale only; never model input or prediction guidance.,1,1,0.9264467326737199,0.9395780051150895,0.9133154602323503,12170,12854,577,542,0.04741166803615448,0.042165862766454024,0.005245805269700456,0.0,0.5411114268751421,0.5411114268751421,True,0.7745187847762903,0.7928086977881776,0.018289913011887315,0.5403870834334841,1.0,0.4596129165665159,True
Cx22-Pair.zip,Pair,00241,315,Cx22-Pair:000316,included,,largest_matched_cytoplasm_instance,0,1,268,21971,0.083740234375,0.012197897228164398,2,crowded,209,0.5057373046875,True,high,low,scale_normalized_known_localisation,largest matched target instance,Crop centre and scale only; never model input or prediction guidance.,0,1,0.8597069899123169,0.8860806464913004,0.8333333333333334,21703,26805,268,260,0.012348523245634244,0.009699682894982279,0.0026488403506519653,0.0,0.5086452470036703,0.5086452470036703,True,0.8032027215713671,0.7484544148772926,0.05474830669407449,0.496032800522599,1.0,0.503967199477401,True
Cx22-Pair.zip,Pair,00243,316,Cx22-Pair:000317,included,,largest_matched_cytoplasm_instance,1,1,368,9776,0.0372314453125,0.03764320785597381,2,crowded,140,0.5057373046875,True,low,high,scale_normalized_known_localisation,largest matched target instance,Crop centre and scale only; never model input or prediction guidance.,1,1,0.6461502147948827,0.8128216022282019,0.4794788273615635,9408,11775,368,1167,0.0391156462585034,0.09910828025477707,0.059992633996273664,0.0,0.5980538443634651,0.5980538443634651,True,0.8501297297804974,0.6780410159774883,0.17208871380300905,0.42561940162279477,0.9304626303321819,0.5048432287093871,True
Cx22-Pair.zip,Pair,00245,317,Cx22-Pair:000318,included,,largest_matched_cytoplasm_instance,0,0,361,14383,0.05487060546875,0.02509907529722589,2,crowded,175,0.5057373046875,True,middle,middle,scale_normalized_known_localisation,largest matched target instance,Crop centre and scale only; never model input or prediction guidance.,0,0,0.7667630507288696,0.8122617336416474,0.7212643678160919,14022,17980,361,335,0.025745257452574527,0.018631813125695215,0.007113444326879312,0.0,0.5175773772343832,0.5175773772343832,True,0.7847780940372487,0.76995079776684,0.014827296270408796,0.5175291834121464,1.0,0.4824708165878536,True
Cx22-Pair.zip,Pair,00246,318,Cx22-Pair:000319,included,,largest_matched_cytoplasm_instance,1,0,705,12935,0.04937744140625,0.05450328565906455,2,crowded,160,0.5057373046875,True,middle,high,scale_normalized_known_localisation,largest matched target instance,Crop centre and scale only; never model input or prediction guidance.,1,0,0.6488120879907052,0.8313376949347817,0.4662864810466287,12230,12073,705,2276,0.057645134914145545,0.18851983765426986,0.1308747027401243,0.0,0.6874654017629579,0.6874654017629579,True,0.7891463064767127,0.4676343905102409,0.3215119159664718,0.21521277615554735,0.7200560048649345,0.5048432287093871,False
Cx22-Pair.zip,Pair,00246,319,Cx22-Pair:000320,included,,largest_matched_cytoplasm_instance,1,0,607,15149,0.05792236328125,0.040068651396131756,1,not_crowded,174,0.5057373046875,True,middle,high,scale_normalized_known_localisation,largest matched target instance,Crop centre and scale only; never model input or prediction guidance.,1,0,0.825088915136544,0.8938646989599568,0.7563131313131313,14542,16899,607,977,0.041741163526337506,0.05781407183857033,0.016072908312232827,0.0,0.5567596359472584,0.5567596359472584,True,0.7996900895527127,0.6123633637010397,0.18732672585167298,0.35994174934634615,0.8647849780557333,0.5048432287093871,True
Cx22-Pair.zip,Pair,00246,320,Cx22-Pair:000321,included,,largest_matched_cytoplasm_instance,1,0,881,20504,0.07818603515625,0.04296722590714007,1,not_crowded,202,0.5057373046875,True,high,high,scale_normalized_known_localisation,largest matched target instance,Crop centre and scale only; never model input or prediction guidance.,1,0,0.6200779455604856,0.7918358090486449,0.44832008207232626,19623,24472,881,3018,0.044896295163838355,0.12332461588754495,0.07842832072370659,0.0,0.622270179996233,0.622270179996233,True,0.8467229838820798,0.26335634290081916,0.5833666409812606,0.010934728546125594,0.5157779572555128,0.5048432287093871,False
Cx22-Pair.zip,Pair,00247,321,Cx22-Pair:000322,included,,largest_matched_cytoplasm_instance,1,0,533,25483,0.0972900390625,0.020915904720794257,2,crowded,225,0.5057373046875,True,high,middle,scale_normalized_known_localisation,largest matched target instance,Crop centre and scale only; never model input or prediction guidance.,1,0,0.6495690069593311,0.8470711713505004,0.4520668425681618,24950,30311,533,1741,0.021362725450901805,0.05743789383392168,0.03607516838301987,0.0,0.5563834579426098,0.5563834579426098,True,0.8450216519034651,0.32327752291929784,0.5217441289841673,0.07085590856460428,0.5756991372739915,0.5048432287093871,False
Cx22-Pair.zip,Pair,00247,322,Cx22-Pair:000323,included,,largest_matched_cytoplasm_instance,0,0,299,19882,0.0758056640625,0.01503872849813902,2,crowded,199,0.5057373046875,True,high,low,scale_normalized_known_localisation,largest matched target instance,Crop centre and scale only; never model input or prediction guidance.,0,0,0.6146706488749123,0.8061248527679623,0.42321644498186217,19583,27112,299,528,0.015268344993106265,0.01947477131897315,0.004206426325866883,0.0,0.5184203354276612,0.5184203354276612,True,0.8047853674212039,0.783752147536877,0.021033219884326826,0.5313305331821835,1.0,0.4686694668178165,True
Cx22-Pair.zip,Pair,00249,323,Cx22-Pair:000324,included,,largest_matched_cytoplasm_instance,0,1,937,7314,0.02789306640625,0.1281104730653541,1,not_crowded,121,0.5057373046875,True,low,high,scale_normalized_known_localisation,largest matched target instance,Crop centre and scale only; never model input or prediction guidance.,0,1,0.8697115826292153,0.8808137392201666,0.8586094260382641,6377,7190,937,1206,0.14693429512309863,0.16773296244784422,0.020798667324745584,0.0,0.6666785265565323,0.6666785265565323,True,0.8195192235922443,0.8652128009203044,0.04569357732806012,0.6127911865656108,1.0,0.3872088134343892,True
Cx22-Pair.zip,Pair,00251,324,Cx22-Pair:000325,included,,largest_matched_cytoplasm_instance,0,0,438,13605,0.0518798828125,0.032194046306504964,1,not_crowded,165,0.5057373046875,True,middle,high,scale_normalized_known_localisation,largest matched target instance,Crop centre and scale only; never model input or prediction guidance.,0,0,0.784733835775944,0.8280731437495933,0.7413945278022948,13167,17567,438,695,0.033264980633401685,0.03956281664484545,0.006297836011443764,0.0,0.5385083807535335,0.5385083807535335,True,0.786688587742408,0.7927520079706956,0.006063420228287542,0.540330393616002,1.0,0.459669606383998,True
Cx22-Pair.zip,Pair,00251,325,Cx22-Pair:000326,included,,largest_matched_cytoplasm_instance,0,1,779,13200,0.0501708984375,0.059015151515151514,1,not_crowded,162,0.5057373046875,True,middle,high,scale_normalized_known_localisation,largest matched target instance,Crop centre and scale only; never model input or prediction guidance.,0,1,0.6311153387259878,0.8130608551391297,0.4491698223128459,12421,14101,779,2654,0.06271636744223492,0.18821360187220765,0.12549723442997274,0.0,0.6871591659808958,0.6871591659808958,True,0.748484523242555,0.5312778521048559,0.2172066711376991,0.27885623775016233,0.7836994664595495,0.5048432287093871,True
Cx22-Pair.zip,Pair,00251,326,Cx22-Pair:000327,included,,largest_matched_cytoplasm_instance,0,0,609,7872,0.03009033203125,0.07736280487804878,2,crowded,125,0.5057373046875,True,low,high,scale_normalized_known_localisation,largest matched target instance,Crop centre and scale only; never model input or prediction guidance.,0,0,0.8778153762345624,0.8655406623790347,0.8900900900900901,7263,9374,609,501,0.08384964890541098,0.05344570087475997,0.03040394803065101,0.0,0.552391264983448,0.552391264983448,True,0.755074552041258,0.8559407235973624,0.10086617155610444,0.6035191092426688,1.0,0.3964808907573312,True
Cx22-Pair.zip,Pair,00251,327,Cx22-Pair:000328,included,,largest_matched_cytoplasm_instance,1,0,421,14891,0.0567626953125,0.028272110670875025,2,crowded,172,0.5057373046875,True,middle,middle,scale_normalized_known_localisation,largest matched target instance,Crop centre and scale only; never model input or prediction guidance.,1,0,0.5894022477684988,0.7654515254829968,0.41335297005400096,14470,19847,421,1616,0.029094678645473392,0.08142288507079155,0.05232820642531816,0.0,0.5803684491794796,0.5803684491794796,True,0.8116686692246285,0.4796575109341495,0.33201115829047906,0.22723589657945592,0.732079125288843,0.5048432287093871,False
Cx22-Pair.zip,Pair,00252,328,Cx22-Pair:000329,included,,largest_matched_cytoplasm_instance,1,0,772,13969,0.0531005859375,0.05526523015248049,1,not_crowded,167,0.5057373046875,True,middle,high,scale_normalized_known_localisation,largest matched target instance,Crop centre and scale only; never model input or prediction guidance.,1,0,0.8996552014128332,0.8996471031623668,0.8996632996632996,13197,15990,772,713,0.05849814351746609,0.04459036898061288,0.013907774536853212,0.0,0.5435359330893009,0.5435359330893009,True,0.7699041975154357,0.7434448942349806,0.026459303280455093,0.49102327988028704,0.9958665085896742,0.5048432287093871,True
Cx22-Pair.zip,Pair,00252,329,Cx22-Pair:000330,included,,largest_matched_cytoplasm_instance,0,0,781,17718,0.0672607421875,0.04407946720848854,2,crowded,188,0.5057373046875,True,middle,high,scale_normalized_known_localisation,largest matched target instance,Crop centre and scale only; never model input or prediction guidance.,0,0,0.8292724045408975,0.851309666962932,0.807235142118863,16937,21317,781,1154,0.04611206234870402,0.054135197260402494,0.008023134911698475,0.0,0.5530807613690906,0.5530807613690906,True,0.7915033265194577,0.5610837022420774,0.23041962427738027,0.3086620878873838,0.8135053165967709,0.5048432287093871,True
Cx22-Pair.zip,Pair,00253,330,Cx22-Pair:000331,included,,largest_matched_cytoplasm_instance,0,1,272,18320,0.0701904296875,0.014847161572052401,2,crowded,234,0.5057373046875,True,high,low,scale_normalized_known_localisation,largest matched target instance,Crop centre and scale only; never model input or prediction guidance.,0,1,0.6322494036534075,0.7269988073068151,0.5375,18048,29743,272,528,0.015070921985815602,0.01775207611875063,0.0026811541329350274,0.0,0.5166976402274387,0.5166976402274387,True,0.8071230288371832,0.7469484598200908,0.060174569017092394,0.49452684546539727,0.9993700741747844,0.5048432287093871,True
Cx22-Pair.zip,Pair,00256,331,Cx22-Pair:000332,included,,largest_matched_cytoplasm_instance,1,1,867,24751,0.09405517578125,0.035028887721708216,1,not_crowded,222,0.5057373046875,True,high,high,scale_normalized_known_localisation,largest matched target instance,Crop centre and scale only; never model input or prediction guidance.,1,1,0.7153185183851056,0.8530076544663716,0.5776293823038398,23884,28765,867,2128,0.036300452185563555,0.07397879367286633,0.03767834148730278,0.0,0.5729243577815544,0.5729243577815544,True,0.8450328334104226,0.7176604267970408,0.12737240661338178,0.4652388124423472,0.9700820411517344,0.5048432287093871,True
Cx22-Pair.zip,Pair,00258,332,Cx22-Pair:000333,included,,largest_matched_cytoplasm_instance,1,1,517,10004,0.03802490234375,0.05167932826869252,2,crowded,145,0.5057373046875,True,low,high,scale_normalized_known_localisation,largest matched target instance,Crop centre and scale only; never model input or prediction guidance.,1,1,0.544030665645037,0.7485135327974124,0.33954779849266165,9487,11536,517,2004,0.054495625592916624,0.17371705963938974,0.11922143404647312,0.0,0.6726626237480778,0.6726626237480778,True,0.8253353154154367,0.4272695561971424,0.3980657592182943,0.17484794184244884,0.679691170551836,0.5048432287093871,False
Cx22-Pair.zip,Pair,00258,333,Cx22-Pair:000334,included,,largest_matched_cytoplasm_instance,0,0,441,12030,0.0460205078125,0.036658354114713215,1,not_crowded,155,0.5057373046875,True,middle,high,scale_normalized_known_localisation,largest matched target instance,Crop centre and scale only; never model input or prediction guidance.,0,0,0.6117287606466779,0.8034476153993488,0.42000990589400694,11589,14516,441,1578,0.03805332643023557,0.1087076329567374,0.07065430652650183,0.0,0.6076531970654254,0.6076531970654254,True,0.6911747854180147,0.38447032757100286,0.30670445784701184,0.1320487132163093,0.6368919419256964,0.5048432287093871,False
Cx22-Pair.zip,Pair,00259,334,Cx22-Pair:000335,included,,largest_matched_cytoplasm_instance,1,1,735,8763,0.0333251953125,0.08387538514207463,2,crowded,150,0.5057373046875,True,low,high,scale_normalized_known_localisation,largest matched target instance,Crop centre and scale only; never model input or prediction guidance.,1,1,0.6185841369728546,0.6583039206334065,0.5788643533123028,8028,12938,735,1801,0.09155455904334828,0.1392023496676457,0.047647790624297415,0.0,0.6381479137763337,0.6381479137763337,True,0.8597320420944076,0.47237213831382774,0.38735990378057983,0.21995052395913417,0.7247937526685213,0.5048432287093871,False
Cx22-Pair.zip,Pair,00259,335,Cx22-Pair:000336,included,,largest_matched_cytoplasm_instance,0,0,616,17040,0.06494140625,0.03615023474178404,1,not_crowded,184,0.5057373046875,True,middle,high,scale_normalized_known_localisation,largest matched target instance,Crop centre and scale only; never model input or prediction guidance.,0,0,0.8626201005459444,0.855543231394919,0.8696969696969697,16424,21442,616,704,0.03750608865075499,0.03283275813823337,0.004673330512521619,0.0,0.5317783222469215,0.5317783222469215,True,0.827285548562481,0.7467130081422485,0.08057254042023254,0.49429139378755493,0.9991346224969421,0.5048432287093871,True
Cx22-Pair.zip,Pair,00260,336,Cx22-Pair:000337,included,,largest_matched_cytoplasm_instance,1,1,333,21909,0.0833740234375,0.01519923319183897,2,crowded,209,0.5057373046875,True,high,low,scale_normalized_known_localisation,largest matched target instance,Crop centre and scale only; never model input or prediction guidance.,1,1,0.520907565412513,0.8490510208394978,0.19276410998552823,21576,25738,333,3122,0.015433815350389322,0.12129924625067993,0.10586543090029062,0.0,0.620244810359368,0.620244810359368,True,0.845362735274625,0.6705159124775383,0.17484682279708674,0.4180942981228447,0.9229375268322318,0.5048432287093871,True
Cx22-Pair.zip,Pair,00261,337,Cx22-Pair:000338,included,,largest_matched_cytoplasm_instance,1,1,518,23629,0.08978271484375,0.02192221422827881,1,not_crowded,217,0.5057373046875,True,high,middle,scale_normalized_known_localisation,largest matched target instance,Crop centre and scale only; never model input or prediction guidance.,1,1,0.764296533760292,0.8938625285984283,0.6347305389221557,23111,27154,518,651,0.02241356929600623,0.023974368417176106,0.0015607991211698743,0.0,0.5229199325258642,0.5229199325258642,True,0.7994856393729279,0.7274222878117792,0.07206335156114874,0.47500067345708563,0.9798439021664728,0.5048432287093871,True
Cx22-Pair.zip,Pair,00261,338,Cx22-Pair:000339,included,,largest_matched_cytoplasm_instance,1,0,572,12650,0.048095703125,0.04521739130434783,2,crowded,159,0.5057373046875,True,middle,high,scale_normalized_known_localisation,largest matched target instance,Crop centre and scale only; never model input or prediction guidance.,1,0,0.6501695436925805,0.8492194806129055,0.4511196067722556,12078,15724,572,1259,0.04735883424408015,0.08006868481302468,0.03270985056894453,0.0,0.5790142489217127,0.5790142489217127,True,0.7340264196895253,0.7110775694773148,0.022948850212210492,0.45865595512262125,0.9634991838320084,0.5048432287093871,True
Cx22-Pair.zip,Pair,00261,339,Cx22-Pair:000340,included,,largest_matched_cytoplasm_instance,1,1,678,19533,0.0745849609375,0.03471048994010137,2,crowded,197,0.5057373046875,True,high,high,scale_normalized_known_localisation,largest matched target instance,Crop centre and scale only; never model input or prediction guidance.,1,1,0.8419854420230346,0.896661835867456,0.7873090481786134,18855,21856,678,1024,0.03595863166268894,0.04685212298682284,0.010893491324133898,0.0,0.5457976870955109,0.5457976870955109,True,0.8472056644919155,0.7464526599786097,0.10075300451330582,0.4940310456239161,0.9988742743333032,0.5048432287093871,True
Cx22-Pair.zip,Pair,00261,340,Cx22-Pair:000341,included,,largest_matched_cytoplasm_instance,0,0,689,24500,0.09344482421875,0.028122448979591836,1,not_crowded,221,0.5057373046875,True,high,middle,scale_normalized_known_localisation,largest matched target instance,Crop centre and scale only; never model input or prediction guidance.,0,0,0.8400717620301748,0.8606396746163801,0.8195038494439693,23811,30279,689,480,0.028936205955230776,0.015852571088873477,0.013083634866357299,0.0,0.5147981351975616,0.5147981351975616,True,0.8438254044882716,0.7605976213362603,0.08322778315201129,0.5081760069815667,1.0,0.49182399301843327,True
Cx22-Pair.zip,Pair,00263,341,Cx22-Pair:000342,included,,largest_matched_cytoplasm_instance,1,1,723,9424,0.0360107421875,0.07671901528013582,1,not_crowded,137,0.5057373046875,True,low,high,scale_normalized_known_localisation,largest matched target instance,Crop centre and scale only; never model input or prediction guidance.,1,1,0.8103049485146439,0.8503871537702021,0.7702227432590856,8701,10542,723,983,0.08309389725318929,0.09324606336558527,0.010152166112395986,0.0,0.5921916274742733,0.5921916274742733,True,0.8174434506071128,0.7344983127156388,0.08294513789147395,0.48207669836094524,0.9869199270703324,0.5048432287093871,True
Cx22-Pair.zip,Pair,00263,342,Cx22-Pair:000343,included,,largest_matched_cytoplasm_instance,0,0,312,7211,0.0277099609375,0.043267230619886285,2,crowded,133,0.5057373046875,True,low,high,scale_normalized_known_localisation,largest matched target instance,Crop centre and scale only; never model input or prediction guidance.,0,0,0.5481852018304041,0.736741633359184,0.35962877030162416,6899,9864,312,1412,0.04522394549934773,0.14314679643146797,0.09792285093212023,0.0,0.6420923605401561,0.6420923605401561,True,0.7532965015051293,0.5624867178509964,0.19080978365413293,0.3100651034963028,0.8149083322056899,0.5048432287093871,True
Cx22-Pair.zip,Pair,00265,343,Cx22-Pair:000344,included,,largest_matched_cytoplasm_instance,1,1,748,16013,0.06134033203125,0.04671204646224942,2,crowded,178,0.5057373046875,True,middle,high,scale_normalized_known_localisation,largest matched target instance,Crop centre and scale only; never model input or prediction guidance.,1,1,0.8023310582727358,0.895251568458605,0.7094105480868665,15265,17251,748,1186,0.049000982640026204,0.06874963770216219,0.019748655062135988,0.0,0.5676952018108503,0.5676952018108503,True,0.8408588656250371,0.4212358512953809,0.4196230143296562,0.1688142369406873,0.6736574656500744,0.5048432287093871,False
Cx22-Pair.zip,Pair,00265,344,Cx22-Pair:000345,included,,largest_matched_cytoplasm_instance,1,0,655,14741,0.0565185546875,0.04443389186622346,2,crowded,171,0.5057373046875,True,middle,high,scale_normalized_known_localisation,largest matched target instance,Crop centre and scale only; never model input or prediction guidance.,1,0,0.794769791788774,0.8585833437072078,0.7309562398703403,14086,18046,655,579,0.046500070992474794,0.032084672503601905,0.01441539848887289,0.0,0.53103023661229,0.53103023661229,True,0.7961228391687507,0.7399436202682705,0.056179218900480166,0.487522005913577,0.9923652346229641,0.5048432287093871,True
Cx22-Pair.zip,Pair,00266,345,Cx22-Pair:000346,included,,largest_matched_cytoplasm_instance,0,1,497,27907,0.10687255859375,0.01780915182570681,1,not_crowded,235,0.5057373046875,True,high,middle,scale_normalized_known_localisation,largest matched target instance,Crop centre and scale only; never model input or prediction guidance.,0,1,0.7824945895420501,0.849963272348349,0.7150259067357513,27410,31129,497,854,0.01813206858810653,0.027434225320440746,0.009302156732334216,0.0,0.5263797894291288,0.5263797894291288,True,0.76788920366817,0.6687032677559119,0.0991859359122581,0.41628165340121837,0.9211248821106055,0.5048432287093871,True
Cx22-Pair.zip,Pair,00266,346,Cx22-Pair:000347,included,,largest_matched_cytoplasm_instance,0,1,432,30367,0.11566162109375,0.014225968979484308,2,crowded,246,0.5057373046875,True,high,low,scale_normalized_known_localisation,largest matched target instance,Crop centre and scale only; never model input or prediction guidance.,0,1,0.38184478092312196,0.7636895618462439,0.0,29935,38420,432,59,0.0144312677467847,0.0015356585111920874,0.012895609235592612,0.0,0.5004812226198802,0.5004812226198802,True,0.758021232741552,0.6286550052840195,0.12936622745753246,0.37623339092932595,0.8810766196387131,0.5048432287093871,True
Cx22-Pair.zip,Pair,00268,347,Cx22-Pair:000348,included,,largest_matched_cytoplasm_instance,1,1,474,12867,0.04913330078125,0.03683842387502914,2,crowded,160,0.5057373046875,True,middle,high,scale_normalized_known_localisation,largest matched target instance,Crop centre and scale only; never model input or prediction guidance.,1,1,0.6951244760385848,0.8604476275738585,0.5298013245033113,12393,15532,474,734,0.03824739772452191,0.047257275302601084,0.009009877578079174,0.0,0.5462028394112891,0.5462028394112891,True,0.806294327523859,0.8184253561427134,0.0121310286188544,0.5660037417880198,1.0,0.4339962582119802,True
Cx22-Pair.zip,Pair,00268,348,Cx22-Pair:000349,included,,largest_matched_cytoplasm_instance,0,0,652,10142,0.03875732421875,0.06428712285545257,2,crowded,158,0.5057373046875,True,low,high,scale_normalized_known_localisation,largest matched target instance,Crop centre and scale only; never model input or prediction guidance.,0,0,0.7523697842292916,0.7081741787624141,0.7965653896961691,9490,16690,652,862,0.06870389884088514,0.05164769322947873,0.01705620561140641,0.0,0.5505932573381668,0.5505932573381668,True,0.8227878390120595,0.7851330082999026,0.03765483071215692,0.532711393945209,1.0,0.46728860605479094,True
Cx22-Pair.zip,Pair,00269,349,Cx22-Pair:000350,included,,largest_matched_cytoplasm_instance,0,0,385,23647,0.09027099609375,0.016281135027699074,2,crowded,217,0.5057373046875,True,high,low,scale_normalized_known_localisation,largest matched target instance,Crop centre and scale only; never model input or prediction guidance.,0,0,0.6460706522351766,0.796057753556515,0.4960835509138381,23262,33254,385,1147,0.01655059754105408,0.03449209117700126,0.017941493635947183,0.0,0.5334376552856893,0.5334376552856893,True,0.7469076759108713,0.7097289957041385,0.03717868020673276,0.45730738134944493,0.9621506100588321,0.5048432287093871,True
Cx22-Pair.zip,Pair,00269,350,Cx22-Pair:000351,included,,largest_matched_cytoplasm_instance,1,1,442,21216,0.0810546875,0.020833333333333332,2,crowded,205,0.5057373046875,True,high,middle,scale_normalized_known_localisation,largest matched target instance,Crop centre and scale only; never model input or prediction guidance.,1,1,0.8731766812554751,0.8827616058868087,0.8635917566241413,20774,25431,442,577,0.02127659574468085,0.022688844323856712,0.0014122485791758614,0.0,0.5216344084325448,0.5216344084325448,True,0.8243042210738645,0.7773075060405976,0.046996715033266856,0.524885891685904,1.0,0.47511410831409595,True
Cx22-Pair.zip,Pair,00269,351,Cx22-Pair:000352,included,,largest_matched_cytoplasm_instance,1,1,381,15263,0.05810546875,0.02496232719648824,1,not_crowded,174,0.5057373046875,True,middle,middle,scale_normalized_known_localisation,largest matched target instance,Crop centre and scale only; never model input or prediction guidance.,1,1,0.6033913862428032,0.7854344578788648,0.42134831460674155,14882,20599,381,1399,0.025601397661604623,0.06791591824845866,0.04231452058685404,0.0,0.5668614823571467,0.5668614823571467,True,0.791737465741132,0.5551018089354809,0.23663565680565113,0.3026801945807873,0.8075234232901745,0.5048432287093871,True
Cx22-Pair.zip,Pair,00269,352,Cx22-Pair:000353,included,,largest_matched_cytoplasm_instance,0,1,240,16293,0.06170654296875,0.014730252255569877,2,crowded,180,0.5057373046875,True,middle,low,scale_normalized_known_localisation,largest matched target instance,Crop centre and scale only; never model input or prediction guidance.,0,1,0.7751825821101022,0.8313698737963424,0.7189952904238619,16053,22060,240,397,0.014950476546439918,0.01799637352674524,0.0030458969803053224,0.0,0.5169419376354333,0.5169419376354333,True,0.7093001124661832,0.6914879535985713,0.017812158867611894,0.4390663392438777,0.9439095679532649,0.5048432287093871,True
Cx22-Pair.zip,Pair,00270,353,Cx22-Pair:000354,included,,largest_matched_cytoplasm_instance,1,1,510,25391,0.09722900390625,0.020085857193493758,2,crowded,225,0.5057373046875,True,high,middle,scale_normalized_known_localisation,largest matched target instance,Crop centre and scale only; never model input or prediction guidance.,1,1,0.9195927783000634,0.9172292610746324,0.9219562955254943,24881,29184,510,451,0.020497568425706363,0.015453673245614035,0.005043895180092328,0.0,0.5143992373543022,0.5143992373543022,True,0.7130779023454286,0.6331625606605507,0.0799153416848779,0.3807409463058571,0.8855841750152442,0.5048432287093871,True
Cx22-Pair.zip,Pair,00270,354,Cx22-Pair:000355,included,,largest_matched_cytoplasm_instance,1,1,440,15690,0.05975341796875,0.02804333970681963,1,not_crowded,177,0.5057373046875,True,middle,middle,scale_normalized_known_localisation,largest matched target instance,Crop centre and scale only; never model input or prediction guidance.,1,1,0.8786230182289123,0.8367914910032791,0.9204545454545454,15250,21041,440,440,0.028852459016393443,0.020911553633382443,0.007940905383011,0.0,0.5198571177420706,0.5198571177420706,True,0.720211792446003,0.6852769180782113,0.034934874367791635,0.43285530372351777,0.9376985324329049,0.5048432287093871,True
Cx22-Pair.zip,Pair,00270,355,Cx22-Pair:000356,included,,largest_matched_cytoplasm_instance,1,0,592,13597,0.0518798828125,0.04353901595940281,1,not_crowded,180,0.5057373046875,True,middle,high,scale_normalized_known_localisation,largest matched target instance,Crop centre and scale only; never model input or prediction guidance.,1,0,0.7369420477243791,0.7478114881880321,0.7260726072607261,13005,20351,592,923,0.04552095347943099,0.045354036656675346,0.00016691682275564446,0.0,0.5442996007653634,0.5442996007653634,True,0.7580475929780457,0.7332783507330405,0.024769242245005207,0.4808567363783469,0.985699965087734,0.5048432287093871,True
Cx22-Pair.zip,Pair,00272,356,Cx22-Pair:000357,included,,largest_matched_cytoplasm_instance,0,0,457,14379,0.05511474609375,0.03178246053272133,2,crowded,169,0.5057373046875,True,middle,high,scale_normalized_known_localisation,largest matched target instance,Crop centre and scale only; never model input or prediction guidance.,0,0,0.7081948003639247,0.8644572335780909,0.5519323671497585,13922,16312,457,1199,0.03282574342766844,0.07350416871015203,0.04067842528248359,0.0,0.57244973281884,0.57244973281884,True,0.8411145489599792,0.7432500521512395,0.09786449680873965,0.49082843779654595,0.9956716665059331,0.5048432287093871,True
Cx22-Pair.zip,Pair,00272,357,Cx22-Pair:000358,included,,largest_matched_cytoplasm_instance,0,0,437,11038,0.0418701171875,0.03959050552636347,2,crowded,148,0.5057373046875,True,low,high,scale_normalized_known_localisation,largest matched target instance,Crop centre and scale only; never model input or prediction guidance.,0,0,0.6597760628592386,0.8267111309935337,0.49284099472494347,10601,13988,437,890,0.04122252617677578,0.06362596511295396,0.02240343893617818,0.0,0.562571529221642,0.562571529221642,True,0.7687668392292711,0.825376746150185,0.05660990692091383,0.5729551317954914,1.0,0.4270448682045086,True
Cx22-Pair.zip,Pair,00274,358,Cx22-Pair:000359,included,,largest_matched_cytoplasm_instance,0,0,409,17121,0.065673828125,0.023888791542550084,2,crowded,199,0.5057373046875,True,middle,middle,scale_normalized_known_localisation,largest matched target instance,Crop centre and scale only; never model input or prediction guidance.,0,0,0.6799515590855367,0.7943177867183232,0.5655853314527504,16712,23554,409,1009,0.024473432264241264,0.04283773456737709,0.018364302303135828,0.0,0.5417832986760651,0.5417832986760651,True,0.7648383837666443,0.6696164620625328,0.09522192170411148,0.4171948477078392,0.9220380764172263,0.5048432287093871,True
Cx22-Pair.zip,Pair,00274,359,Cx22-Pair:000360,included,,largest_matched_cytoplasm_instance,0,0,350,13828,0.05255126953125,0.025310963262944748,2,crowded,166,0.5057373046875,True,middle,middle,scale_normalized_known_localisation,largest matched target instance,Crop centre and scale only; never model input or prediction guidance.,0,0,0.5171697036573072,0.7819962205806562,0.25234318673395817,13478,15627,350,2424,0.025968244546668646,0.15511614513342292,0.12914790058675427,0.0,0.654061709242111,0.654061709242111,True,0.7546361204558028,0.5202664655675603,0.23436965488824246,0.2678448512128667,0.7726880799222539,0.5048432287093871,True
Cx22-Pair.zip,Pair,00276,360,Cx22-Pair:000361,included,,largest_matched_cytoplasm_instance,0,0,274,18731,0.07122802734375,0.014628156531952378,2,crowded,193,0.5057373046875,True,high,low,scale_normalized_known_localisation,largest matched target instance,Crop centre and scale only; never model input or prediction guidance.,0,0,0.30527232438581586,0.554876221303123,0.05566842746850874,18457,14909,274,9570,0.014845316140217803,0.6418941578912066,0.6270488417509889,0.14294859378251856,1.1408397219998947,0.9978911282173761,False,0.7968713351393659,0.49064129043953136,0.30623004469983456,0.2382196760848378,0.743062904794225,0.5048432287093871,False
Cx22-Pair.zip,Pair,00276,361,Cx22-Pair:000362,included,,largest_matched_cytoplasm_instance,1,0,404,17812,0.0679931640625,0.022681338423534696,2,crowded,189,0.5057373046875,True,middle,middle,scale_normalized_known_localisation,largest matched target instance,Crop centre and scale only; never model input or prediction guidance.,1,0,0.26800188115195706,0.4605461605108622,0.07545760179305193,17408,13755,404,10304,0.023207720588235295,0.7491094147582698,0.7259016941700345,0.2501638506495817,1.248054978866958,0.9978911282173762,False,0.7928589572268587,0.6824515470725954,0.11040741015426336,0.4300299327179018,0.9348731614272889,0.5048432287093871,True
Cx22-Pair.zip,Pair,00277,362,Cx22-Pair:000363,included,,largest_matched_cytoplasm_instance,1,0,619,9052,0.034423828125,0.06838267786124613,2,crowded,134,0.5057373046875,True,low,high,scale_normalized_known_localisation,largest matched target instance,Crop centre and scale only; never model input or prediction guidance.,1,0,0.7557567609059073,0.8386625632465703,0.6728509585652442,8433,10738,619,998,0.07340211075536582,0.09294095734773701,0.019538846592371192,0.0,0.5918865214564251,0.5918865214564251,True,0.8170550279445552,0.8401156120440066,0.023060584099451442,0.5876939976893131,1.0,0.4123060023106869,True
Cx22-Pair.zip,Pair,00277,363,Cx22-Pair:000364,included,,largest_matched_cytoplasm_instance,0,1,985,14250,0.0546875,0.06912280701754386,2,crowded,168,0.5057373046875,True,middle,high,scale_normalized_known_localisation,largest matched target instance,Crop centre and scale only; never model input or prediction guidance.,0,1,0.840192365194857,0.8322834645669291,0.8481012658227848,13265,17215,985,1227,0.07425555974368639,0.07127505082776649,0.002980508915919902,0.0,0.5702206149364546,0.5702206149364546,True,0.8166706912416251,0.7800664757009409,0.03660421554068416,0.5276448613462473,1.0,0.47235513865375267,True
Cx22-Pair.zip,Pair,00277,364,Cx22-Pair:000365,included,,largest_matched_cytoplasm_instance,1,1,586,9207,0.03521728515625,0.06364722493754751,1,not_crowded,135,0.5057373046875,True,low,high,scale_normalized_known_localisation,largest matched target instance,Crop centre and scale only; never model input or prediction guidance.,1,1,0.5069621957284636,0.7154017220733306,0.29852266938359656,8621,8916,586,3340,0.06797355295209373,0.3746074472857784,0.30663389433368465,0.0,0.8735530113944665,0.8735530113944665,True,0.7982432000021847,0.49140977468584196,0.3068334253163428,0.2389881603311484,0.7438313890405355,0.5048432287093871,False
Cx22-Pair.zip,Pair,00277,365,Cx22-Pair:000366,included,,largest_matched_cytoplasm_instance,0,0,954,22377,0.08544921875,0.042633060732001606,2,crowded,211,0.5057373046875,True,high,high,scale_normalized_known_localisation,largest matched target instance,Crop centre and scale only; never model input or prediction guidance.,0,0,0.777677581060128,0.8970058339052849,0.6583493282149712,21423,25201,954,1130,0.04453157821033469,0.044839490496408875,0.00030791228607418564,0.0,0.543785054605097,0.543785054605097,True,0.8176501034853922,0.7372128992754162,0.08043720420997602,0.48479128492072265,0.9896345136301098,0.5048432287093871,True
Cx22-Pair.zip,Pair,00277,366,Cx22-Pair:000367,included,,largest_matched_cytoplasm_instance,0,1,756,11021,0.04205322265625,0.06859631612376373,2,crowded,148,0.5057373046875,True,low,high,scale_normalized_known_localisation,largest matched target instance,Crop centre and scale only; never model input or prediction guidance.,0,1,0.6744988550463216,0.8330271941221271,0.515970515970516,10265,12056,756,2093,0.07364831953239162,0.17360650298606503,0.09995818345367341,0.0,0.6725520670947531,0.6725520670947531,True,0.8335169731922248,0.37397747309542806,0.4595395000967968,0.12155585874073449,0.6263990874501216,0.5048432287093871,False
Cx22-Pair.zip,Pair,00278,367,Cx22-Pair:000368,included,,largest_matched_cytoplasm_instance,1,1,443,13347,0.0509033203125,0.03319097924627257,1,not_crowded,163,0.5057373046875,True,middle,high,scale_normalized_known_localisation,largest matched target instance,Crop centre and scale only; never model input or prediction guidance.,1,1,0.4095858214879666,0.664762441163455,0.15440920181247822,12904,11953,443,5295,0.034330440173589584,0.4429850246799967,0.40865458450640707,0.0,0.9419305887886847,0.9419305887886847,True,0.7645390325428365,0.6237081534095756,0.14083087913326087,0.37128653905488207,0.8761297677642692,0.5048432287093871,True
Cx22-Pair.zip,Pair,00278,368,Cx22-Pair:000369,included,,largest_matched_cytoplasm_instance,0,0,357,12647,0.04840087890625,0.02822803826994544,2,crowded,159,0.5057373046875,True,middle,middle,scale_normalized_known_localisation,largest matched target instance,Crop centre and scale only; never model input or prediction guidance.,0,0,0.501533571824963,0.7879702832624846,0.21509686038744155,12290,12881,357,2637,0.0290480065093572,0.20472013042465648,0.17567212391529927,0.0,0.7036656945333446,0.7036656945333446,True,0.7891122385321832,0.6776634588049764,0.11144877972720679,0.4252418444502828,0.9300850731596699,0.5048432287093871,True
Cx22-Pair.zip,Pair,00278,369,Cx22-Pair:000370,included,,largest_matched_cytoplasm_instance,0,0,547,14303,0.0540771484375,0.03824372509263791,2,crowded,169,0.5057373046875,True,middle,high,scale_normalized_known_localisation,largest matched target instance,Crop centre and scale only; never model input or prediction guidance.,0,0,0.20703587929371717,0.3181573275862069,0.09591443100122743,13756,8516,547,10859,0.039764466414655426,1.2751291686237671,1.2353647022091117,0.7761836045150791,1.7740747327324553,0.9978911282173762,False,0.7650786327211093,0.3687267422015463,0.39635189051956304,0.11630512784685271,0.6211483565562399,0.5048432287093871,False
Cx22-Pair.zip,Pair,00279,370,Cx22-Pair:000371,included,,largest_matched_cytoplasm_instance,0,1,701,17726,0.06787109375,0.039546428974387905,2,crowded,205,0.5057373046875,True,middle,high,scale_normalized_known_localisation,largest matched target instance,Crop centre and scale only; never model input or prediction guidance.,0,1,0.6898860087571729,0.7881862569965464,0.5915857605177993,17025,24960,701,844,0.04117474302496329,0.03381410256410256,0.007360640460860726,0.0,0.5327596666727906,0.5327596666727906,True,0.8559133057340167,0.717566882189427,0.1383464235445897,0.4651452678347334,0.9699884965441206,0.5048432287093871,True
Cx22-Pair.zip,Pair,00279,371,Cx22-Pair:000372,included,,largest_matched_cytoplasm_instance,0,0,699,16551,0.0631103515625,0.04223309769802429,1,not_crowded,185,0.5057373046875,True,middle,high,scale_normalized_known_localisation,largest matched target instance,Crop centre and scale only; never model input or prediction guidance.,0,0,0.8516967303682923,0.870338368916885,0.8330550918196995,15852,20026,699,499,0.04409538228614686,0.024917607110756017,0.019177775175390842,0.0,0.523863171219444,0.523863171219444,True,0.849626225127156,0.7145469229628827,0.13507930216427333,0.4621253086081891,0.9669685373175763,0.5048432287093871,True
Cx22-Pair.zip,Pair,00279,372,Cx22-Pair:000373,included,,largest_matched_cytoplasm_instance,0,0,414,27883,0.1065673828125,0.01484775669762938,2,crowded,246,0.5057373046875,True,high,low,scale_normalized_known_localisation,largest matched target instance,Crop centre and scale only; never model input or prediction guidance.,0,0,0.5697160649967543,0.8116472388283357,0.32778489116517284,27469,35928,414,1929,0.015071535185117769,0.053690714762859054,0.03861917957774129,0.0,0.5526362788715471,0.5526362788715471,True,0.7602246531436502,0.6840699979857369,0.07615465515791331,0.4316483836310433,0.9364916123404304,0.5048432287093871,True
Cx22-Pair.zip,Pair,00280,373,Cx22-Pair:000374,included,,largest_matched_cytoplasm_instance,1,1,406,11214,0.0430908203125,0.03620474406991261,2,crowded,153,0.5057373046875,True,low,high,scale_normalized_known_localisation,largest matched target instance,Crop centre and scale only; never model input or prediction guidance.,1,1,0.6627539738993362,0.8018715841623089,0.5236363636363637,10808,14625,406,144,0.03756476683937824,0.009846153846153846,0.027718612993224395,0.0,0.5087917179548419,0.5087917179548419,True,0.731011455189916,0.7154759261273024,0.015535529062613573,0.4630543117726088,0.9678975404819959,0.5048432287093871,True
Cx22-Pair.zip,Pair,00281,374,Cx22-Pair:000375,included,,largest_matched_cytoplasm_instance,1,0,552,21181,0.08160400390625,0.026061092488551058,2,crowded,261,0.5057373046875,True,high,middle,scale_normalized_known_localisation,largest matched target instance,Crop centre and scale only; never model input or prediction guidance.,1,0,0.4305273299002199,0.6844994063221095,0.1765552534783304,20629,24008,552,5701,0.02675844684667216,0.23746251249583472,0.21070406564916255,0.0,0.7364080766045228,0.7364080766045228,True,0.8401156120440066,0.3288165119040664,0.5112991001399403,0.07639489754937284,0.58123812625876,0.5048432287093871,False
Cx22-Pair.zip,Pair,00282,375,Cx22-Pair:000376,included,,largest_matched_cytoplasm_instance,1,1,259,19633,0.07489013671875,0.013192074568328833,1,not_crowded,198,0.5057373046875,True,high,low,scale_normalized_known_localisation,largest matched target instance,Crop centre and scale only; never model input or prediction guidance.,1,1,0.8416246867504729,0.8838666574515631,0.7993827160493827,19374,24033,259,389,0.01336843191906679,0.01618607747680273,0.0028176455577359396,0.0,0.5151316415854907,0.5151316415854907,True,0.8069672528388258,0.7429949254453836,0.06397232739344216,0.49057331109069,0.9954165398000772,0.5048432287093871,True
Cx22-Pair.zip,Pair,00282,376,Cx22-Pair:000377,included,,largest_matched_cytoplasm_instance,1,1,599,23517,0.08984375,0.02547093591869711,2,crowded,216,0.5057373046875,True,high,middle,scale_normalized_known_localisation,largest matched target instance,Crop centre and scale only; never model input or prediction guidance.,1,1,0.6274551844456995,0.8098100147001358,0.44510035419126326,22918,30823,599,1095,0.02613666113971551,0.035525419329721315,0.009388758190005807,0.0,0.5344709834384094,0.5344709834384094,True,0.8320768378242535,0.5864409956538716,0.2456358421703818,0.3340193812991781,0.8388626100085652,0.5048432287093871,True
Cx22-Pair.zip,Pair,00283,377,Cx22-Pair:000378,included,,largest_matched_cytoplasm_instance,1,1,515,25678,0.09771728515625,0.020056079133888932,1,not_crowded,226,0.5057373046875,True,high,middle,scale_normalized_known_localisation,largest matched target instance,Crop centre and scale only; never model input or prediction guidance.,1,1,0.804439028918571,0.8738227072836363,0.7350553505535056,25163,31004,515,840,0.02046655804156897,0.027093278286672687,0.006626720245103718,0.0,0.5260388423953608,0.5260388423953608,True,0.8264179560144946,0.5120982952251523,0.31431966078934237,0.2596766808704587,0.7645199095798458,0.5048432287093871,False
Cx22-Pair.zip,Pair,00283,378,Cx22-Pair:000379,included,,largest_matched_cytoplasm_instance,1,1,193,8150,0.03057861328125,0.023680981595092025,2,crowded,127,0.5057373046875,True,low,middle,scale_normalized_known_localisation,largest matched target instance,Crop centre and scale only; never model input or prediction guidance.,1,1,0.5876012638325272,0.8143633668258936,0.36083916083916084,7957,10256,193,522,0.024255372627874826,0.05089703588143526,0.026641663253560433,0.0,0.5498425999901233,0.5498425999901233,True,0.8390365934016315,0.41156434371347744,0.42747224968815406,0.15914272935878387,0.6639859580681711,0.5048432287093871,False
Cx22-Pair.zip,Pair,00284,379,Cx22-Pair:000380,included,,largest_matched_cytoplasm_instance,0,0,253,20209,0.0771484375,0.012519174625167004,2,crowded,200,0.5057373046875,True,high,low,scale_normalized_known_localisation,largest matched target instance,Crop centre and scale only; never model input or prediction guidance.,0,0,0.7608292555239984,0.8653117618219904,0.6563467492260062,19956,24918,253,393,0.012677891360994188,0.015771731278593788,0.0030938399175995997,0.0,0.5147172953872818,0.5147172953872818,True,0.8212760396424479,0.6693213084845023,0.15195473115794556,0.41689969412980876,0.9217429228391959,0.5048432287093871,True
Cx22-Pair.zip,Pair,00284,380,Cx22-Pair:000381,included,,largest_matched_cytoplasm_instance,0,0,286,20863,0.0794677734375,0.013708479125724968,2,crowded,204,0.5057373046875,True,high,low,scale_normalized_known_localisation,largest matched target instance,Crop centre and scale only; never model input or prediction guidance.,0,0,0.7753352529823119,0.8245166598107775,0.7261538461538461,20577,28043,286,364,0.013899013461631918,0.012980066326712548,0.0009189471349193706,0.0,0.5119256304354006,0.5119256304354006,True,0.8357431043860393,0.7493144443536487,0.08642866003239058,0.4968928299989551,1.0,0.5031071700010449,True
Cx22-Pair.zip,Pair,00286,381,Cx22-Pair:000382,included,,largest_matched_cytoplasm_instance,1,1,663,26889,0.102294921875,0.02465692290527725,1,not_crowded,231,0.5057373046875,True,high,middle,scale_normalized_known_localisation,largest matched target instance,Crop centre and scale only; never model input or prediction guidance.,1,1,0.8583438251718114,0.8251782163813588,0.8915094339622641,26226,35637,663,609,0.025280256234271332,0.01708898055391868,0.008191275680352654,0.0,0.5160345446626068,0.5160345446626068,True,0.8095956431412549,0.7353792027027519,0.07421644043850295,0.48295758834805835,0.9878008170574455,0.5048432287093871,True
Cx22-Pair.zip,Pair,00286,382,Cx22-Pair:000383,included,,largest_matched_cytoplasm_instance,1,0,520,24636,0.09405517578125,0.021107322617308005,1,not_crowded,221,0.5057373046875,True,high,middle,scale_normalized_known_localisation,largest matched target instance,Crop centre and scale only; never model input or prediction guidance.,1,0,0.8048761735921417,0.921832884097035,0.6879194630872483,24116,25969,520,672,0.021562448167191904,0.025877007200893372,0.004314559033701468,0.0,0.5248225713095814,0.5248225713095814,True,0.8515308628366636,0.775546121446669,0.07598474138999456,0.5231245070919754,1.0,0.47687549290802456,True
Cx22-Pair.zip,Pair,00289,383,Cx22-Pair:000384,included,,largest_matched_cytoplasm_instance,0,0,539,11428,0.0433349609375,0.047164858242912146,2,crowded,151,0.5057373046875,True,low,high,scale_normalized_known_localisation,largest matched target instance,Crop centre and scale only; never model input or prediction guidance.,0,0,0.5679757458343464,0.7756573740216339,0.3602941176470588,10889,11853,539,2453,0.049499494903113235,0.20695182654180377,0.15745233163869055,0.0,0.7058973906504918,0.7058973906504918,True,0.6939910751177624,0.6401660924522121,0.05382498266555025,0.38774447809751855,0.8925877068069057,0.5048432287093871,True
Cx22-Pair.zip,Pair,00290,384,Cx22-Pair:000385,included,,largest_matched_cytoplasm_instance,0,0,226,24313,0.09375,0.009295438654217909,1,not_crowded,220,0.5057373046875,True,high,low,scale_normalized_known_localisation,largest matched target instance,Crop centre and scale only; never model input or prediction guidance.,0,0,0.6733285073307609,0.8654540071427249,0.48120300751879697,24087,29954,226,705,0.009382654543944867,0.023536088669292916,0.014153434125348049,0.0,0.522481652777981,0.522481652777981,True,0.8162029504725075,0.6449151917408155,0.171287758731692,0.3924935773861219,0.897336806095509,0.5048432287093871,True
Cx22-Pair.zip,Pair,00290,385,Cx22-Pair:000386,included,,largest_matched_cytoplasm_instance,1,1,190,10258,0.03912353515625,0.01852212906999415,2,crowded,143,0.5057373046875,True,low,middle,scale_normalized_known_localisation,largest matched target instance,Crop centre and scale only; never model input or prediction guidance.,1,1,0.446349105049358,0.7714860888865948,0.12121212121212122,10068,9305,190,2945,0.018871672626142234,0.31649650725416445,0.2976248346280222,0.0,0.8154420713628525,0.8154420713628525,True,0.7926052238360493,0.6653466173647576,0.1272586064712916,0.4129250030100641,0.9177682317194512,0.5048432287093871,True
Cx22-Pair.zip,Pair,00291,386,Cx22-Pair:000387,included,,largest_matched_cytoplasm_instance,1,1,320,16779,0.06396484375,0.019071458370582276,2,crowded,183,0.5057373046875,True,middle,middle,scale_normalized_known_localisation,largest matched target instance,Crop centre and scale only; never model input or prediction guidance.,1,1,0.6147162507776318,0.8432432432432433,0.38618925831202044,16459,21836,320,462,0.019442250440488487,0.02115772119435794,0.0017154707538694532,0.0,0.5201032853030461,0.5201032853030461,True,0.7120372957195373,0.7817109121858536,0.06967361646631631,0.5292892978311601,1.0,0.4707107021688399,True
Cx22-Pair.zip,Pair,00291,387,Cx22-Pair:000388,included,,largest_matched_cytoplasm_instance,1,1,534,15064,0.0570068359375,0.03544875199150292,2,crowded,173,0.5057373046875,True,middle,high,scale_normalized_known_localisation,largest matched target instance,Crop centre and scale only; never model input or prediction guidance.,1,1,0.6907297413132212,0.8722343903755198,0.5092250922509225,14530,16973,534,821,0.036751548520302824,0.048370942084487126,0.011619393564184302,0.0,0.5473165061931752,0.5473165061931752,True,0.776704842288838,0.7446925326611615,0.03201230962767643,0.49227091830646796,0.9971141470158551,0.5048432287093871,True
Cx22-Pair.zip,Pair,00291,388,Cx22-Pair:000389,included,,largest_matched_cytoplasm_instance,1,1,402,16227,0.06182861328125,0.02477352560547236,1,not_crowded,180,0.5057373046875,True,middle,middle,scale_normalized_known_localisation,largest matched target instance,Crop centre and scale only; never model input or prediction guidance.,1,1,0.9018860757046689,0.959452375813265,0.844319775596073,15825,16606,402,311,0.025402843601895736,0.018728170540768398,0.006674673061127338,0.0,0.5176737346494564,0.5176737346494564,True,0.8154912572321069,0.6014724305463323,0.21401882668577465,0.3490508161916387,0.8538940449010258,0.5048432287093871,True
Cx22-Pair.zip,Pair,00293,389,Cx22-Pair:000390,included,,largest_matched_cytoplasm_instance,1,1,143,20807,0.0789794921875,0.006872687076464651,1,not_crowded,203,0.5057373046875,True,high,low,scale_normalized_known_localisation,largest matched target instance,Crop centre and scale only; never model input or prediction guidance.,1,1,0.4310917822582112,0.7942662052193433,0.06791735929707908,20664,22100,143,4068,0.006920247773906311,0.18407239819004526,0.17715215041613894,0.0,0.6830179622987333,0.6830179622987333,True,0.7530354166952791,0.2580250918767461,0.49501032481853297,0.005603477522052536,0.5104467062314397,0.5048432287093871,False
Cx22-Pair.zip,Pair,00293,390,Cx22-Pair:000391,included,,largest_matched_cytoplasm_instance,0,0,597,17821,0.06744384765625,0.03349980360249144,2,crowded,188,0.5057373046875,True,middle,high,scale_normalized_known_localisation,largest matched target instance,Crop centre and scale only; never model input or prediction guidance.,0,0,0.8201052593520186,0.8009524043300031,0.839258114374034,17224,23515,597,697,0.03466093822573154,0.02964065490112694,0.0050202833246046005,0.0,0.528586219009815,0.528586219009815,True,0.892665947631495,0.7052131510172978,0.18745279661419723,0.4527915366626042,0.9576347653719913,0.5048432287093871,True
Cx22-Pair.zip,Pair,00293,391,Cx22-Pair:000392,included,,largest_matched_cytoplasm_instance,1,0,370,23276,0.08807373046875,0.01589620209658017,1,not_crowded,215,0.5057373046875,True,high,low,scale_normalized_known_localisation,largest matched target instance,Crop centre and scale only; never model input or prediction guidance.,1,0,0.40024458076096175,0.8004891615219235,0.0,22906,27793,370,1553,0.016152973020169388,0.055877379196200484,0.039724406176031096,0.0,0.5548229433048886,0.5548229433048886,True,0.8310134251238246,0.6765511507803135,0.15446227434351112,0.4241295364256199,0.928972765135007,0.5048432287093871,True
Cx22-Pair.zip,Pair,00293,392,Cx22-Pair:000393,included,,largest_matched_cytoplasm_instance,0,0,562,25650,0.09783935546875,0.021910331384015595,2,crowded,226,0.5057373046875,True,high,middle,scale_normalized_known_localisation,largest matched target instance,Crop centre and scale only; never model input or prediction guidance.,0,0,0.7793048314769787,0.8479178390545864,0.710691823899371,25088,31776,562,392,0.022401147959183673,0.012336354481369587,0.010064793477814086,0.0,0.5112819185900577,0.5112819185900577,True,0.8443429482988795,0.730302338793313,0.11404060950556649,0.4778807244386194,0.9827239531480065,0.5048432287093871,True
Cx22-Pair.zip,Pair,00294,393,Cx22-Pair:000394,included,,largest_matched_cytoplasm_instance,1,0,697,15385,0.058349609375,0.045303867403314914,2,crowded,175,0.5057373046875,True,middle,high,scale_normalized_known_localisation,largest matched target instance,Crop centre and scale only; never model input or prediction guidance.,1,0,0.5588767236057868,0.744853111265325,0.3729003359462486,14688,15573,697,2875,0.047453703703703706,0.1846143967122584,0.1371606930085547,0.0,0.6835599608209465,0.6835599608209465,True,0.8023737087657683,0.6422825510158915,0.1600911577498768,0.3898609366611979,0.8947041653705851,0.5048432287093871,True
Cx22-Pair.zip,Pair,00295,394,Cx22-Pair:000395,included,,largest_matched_cytoplasm_instance,1,1,160,17014,0.0648193359375,0.00940402021864347,2,crowded,184,0.5057373046875,True,middle,low,scale_normalized_known_localisation,largest matched target instance,Crop centre and scale only; never model input or prediction guidance.,1,1,0.8673640288644605,0.8698631928640561,0.8648648648648649,16854,21375,160,210,0.009493295360151893,0.009824561403508772,0.00033126604335687905,0.0,0.5087701255121968,0.5087701255121968,True,0.8034187414861707,0.7651865465034955,0.03823219498267516,0.5127649321488019,1.0,0.4872350678511981,True
Cx22-Pair.zip,Pair,00295,395,Cx22-Pair:000396,included,,largest_matched_cytoplasm_instance,0,0,429,30229,0.1158447265625,0.01419167025042178,1,not_crowded,245,0.5057373046875,True,high,low,scale_normalized_known_localisation,largest matched target instance,Crop centre and scale only; never model input or prediction guidance.,0,0,0.7002542957313836,0.8651978569994905,0.5353107344632768,29800,34969,429,987,0.014395973154362416,0.02822499928508107,0.013829026130718654,0.0,0.5271705633937691,0.5271705633937691,True,0.8707323521665666,0.4240938077182438,0.44663854444832285,0.17167219336355022,0.6765154220729374,0.5048432287093871,False
Cx22-Pair.zip,Pair,00295,396,Cx22-Pair:000397,included,,largest_matched_cytoplasm_instance,1,1,158,11965,0.045654296875,0.013205181780192227,2,crowded,154,0.5057373046875,True,middle,low,scale_normalized_known_localisation,largest matched target instance,Crop centre and scale only; never model input or prediction guidance.,1,1,0.5522753405796369,0.8603466626121332,0.24420401854714066,11807,14501,158,1136,0.013381892097908021,0.07833942486725054,0.06495753276934252,0.0,0.5772849889759386,0.5772849889759386,True,0.7746352412292495,0.43891911259996613,0.3357161286292834,0.18649749824527256,0.6913407269546596,0.5048432287093871,False
Cx22-Pair.zip,Pair,00296,397,Cx22-Pair:000398,included,,largest_matched_cytoplasm_instance,0,1,268,15963,0.06085205078125,0.016788824155860426,2,crowded,178,0.5057373046875,True,middle,low,scale_normalized_known_localisation,largest matched target instance,Crop centre and scale only; never model input or prediction guidance.,0,1,0.854659359259654,0.8531314275494083,0.8561872909698997,15695,17852,268,330,0.017075501752150366,0.018485323773246694,0.0014098220210963276,0.0,0.5174308878819348,0.5174308878819348,True,0.8205083055772717,0.7482033894164544,0.07230491616081736,0.4957817750617608,1.0,0.5042182249382392,True
Cx22-Pair.zip,Pair,00296,398,Cx22-Pair:000399,included,,largest_matched_cytoplasm_instance,1,0,491,9198,0.0347900390625,0.05338116981952598,2,crowded,153,0.5057373046875,True,low,high,scale_normalized_known_localisation,largest matched target instance,Crop centre and scale only; never model input or prediction guidance.,1,0,0.6718502618420451,0.8075954908613331,0.5361050328227571,8707,9567,491,1337,0.056391409210979675,0.13975122818020277,0.08335981896922309,0.0,0.6386967922888909,0.6386967922888909,True,0.8496926754271661,0.30028414092676875,0.5494085345003974,0.04786252657207518,0.5527057552814623,0.5048432287093871,False
Cx22-Pair.zip,Pair,00297,399,Cx22-Pair:000400,included,,largest_matched_cytoplasm_instance,1,0,198,19564,0.074462890625,0.010120629728071968,2,crowded,197,0.5057373046875,True,high,low,scale_normalized_known_localisation,largest matched target instance,Crop centre and scale only; never model input or prediction guidance.,1,0,0.5239636199521587,0.8444640364411138,0.20346320346320346,19366,21467,198,1650,0.010224104099969019,0.07686216052545768,0.06663805642548866,0.0,0.5758077246341458,0.5758077246341458,True,0.7894688717470608,0.5958744445364719,0.19359442721058895,0.3434528301817783,0.8482960588911654,0.5048432287093871,True
Cx22-Pair.zip,Pair,00298,400,Cx22-Pair:000401,included,,largest_matched_cytoplasm_instance,1,0,400,10968,0.0413818359375,0.03646973012399708,2,crowded,148,0.5057373046875,True,low,high,scale_normalized_known_localisation,largest matched target instance,Crop centre and scale only; never model input or prediction guidance.,1,0,0.8108652191111538,0.8322567540117815,0.7894736842105263,10568,14047,400,588,0.03785011355034065,0.041859471773332387,0.004009358222991734,0.0,0.5408050358820204,0.5408050358820204,True,0.7895671159227236,0.7938167632473545,0.004249647324630956,0.5413951488926609,1.0,0.45860485110733906,True
Cx22-Pair.zip,Pair,00301,401,Cx22-Pair:000402,included,,largest_matched_cytoplasm_instance,0,0,498,20210,0.0771484375,0.024641266699653636,1,not_crowded,200,0.5057373046875,True,high,middle,scale_normalized_known_localisation,largest matched target instance,Crop centre and scale only; never model input or prediction guidance.,0,0,0.3652243438115876,0.6053073382074194,0.12514134941575575,19712,17218,498,7461,0.0252637987012987,0.4333255894993611,0.40806179079806243,0.0,0.9322711536080492,0.9322711536080492,True,0.7738820812060955,0.6001660353445888,0.17371604586150668,0.3477444209898952,0.8525876496992824,0.5048432287093871,True
Cx22-Pair.zip,Pair,00302,402,Cx22-Pair:000403,included,,largest_matched_cytoplasm_instance,1,1,491,23199,0.08807373046875,0.021164705375231692,1,not_crowded,215,0.5057373046875,True,high,middle,scale_normalized_known_localisation,largest matched target instance,Crop centre and scale only; never model input or prediction guidance.,1,1,0.5304440515601577,0.8247168669490793,0.23617123617123617,22708,23560,491,3667,0.02162233574070812,0.15564516129032258,0.13402282554961445,0.0,0.6545907253990106,0.6545907253990106,True,0.8163457914075046,0.5048501010174784,0.3114956903900262,0.25242848666278483,0.757271715372172,0.5048432287093871,False
Cx22-Pair.zip,Pair,00302,403,Cx22-Pair:000404,included,,largest_matched_cytoplasm_instance,1,1,444,16607,0.06378173828125,0.02673571385560306,2,crowded,182,0.5057373046875,True,middle,middle,scale_normalized_known_localisation,largest matched target instance,Crop centre and scale only; never model input or prediction guidance.,1,1,0.7207776769117711,0.8961008083689966,0.5454545454545454,16163,17485,444,1184,0.027470147868588753,0.06771518444380897,0.04024503657522022,0.0,0.566660748552497,0.566660748552497,True,0.7736871092526396,0.7753350257002131,0.0016479164475734498,0.5229134113455195,1.0,0.4770865886544805,True
Cx22-Pair.zip,Pair,00302,404,Cx22-Pair:000405,included,,largest_matched_cytoplasm_instance,0,0,215,14306,0.054443359375,0.01502865930378862,1,not_crowded,169,0.5057373046875,True,middle,low,scale_normalized_known_localisation,largest matched target instance,Crop centre and scale only; never model input or prediction guidance.,0,0,0.6855481678943007,0.9170308658836384,0.45406546990496305,14091,15197,215,732,0.01525796607763821,0.048167401460814635,0.03290943538317642,0.0,0.5471129655695027,0.5471129655695027,True,0.7536841455914187,0.721709413502807,0.03197473208861168,0.46928779914811347,0.9741310278575006,0.5048432287093871,True
Cx22-Pair.zip,Pair,00303,405,Cx22-Pair:000406,included,,largest_matched_cytoplasm_instance,1,1,235,12747,0.048583984375,0.01843571036322272,1,not_crowded,159,0.5057373046875,True,middle,middle,scale_normalized_known_localisation,largest matched target instance,Crop centre and scale only; never model input or prediction guidance.,1,1,0.509931509359135,0.805672925010104,0.214190093708166,12512,14705,235,512,0.018781969309462916,0.03481808908534512,0.016036119775882207,0.0,0.5337636531940332,0.5337636531940332,True,0.7907971253574553,0.5342412836801984,0.25655584167725687,0.28181966932550484,0.786662898034892,0.5048432287093871,False
Cx22-Pair.zip,Pair,00303,406,Cx22-Pair:000407,included,,largest_matched_cytoplasm_instance,1,1,613,11507,0.0439453125,0.053271921439124015,2,crowded,151,0.5057373046875,True,low,high,scale_normalized_known_localisation,largest matched target instance,Crop centre and scale only; never model input or prediction guidance.,1,1,0.8400428396867141,0.8454621747991847,0.8346235045742435,10894,14129,613,808,0.056269506150174405,0.05718734517658716,0.0009178390264127576,0.0,0.5561329092852753,0.5561329092852753,True,0.8155383059521034,0.8401829221768236,0.02464461622472014,0.58776130782213,1.0,0.41223869217787,True
Cx22-Pair.zip,Pair,00305,407,Cx22-Pair:000408,included,,largest_matched_cytoplasm_instance,0,0,465,26677,0.10211181640625,0.017430745586085393,1,not_crowded,230,0.5057373046875,True,high,low,scale_normalized_known_localisation,largest matched target instance,Crop centre and scale only; never model input or prediction guidance.,0,0,0.6490229290505305,0.8298319327731093,0.4682139253279516,26212,31860,465,1517,0.017739966427590417,0.047614563716258634,0.029874597288668217,0.0,0.5465601278249467,0.5465601278249467,True,0.8570787685624514,0.41189673240323826,0.4451820361592131,0.1594751180485447,0.6643183467579319,0.5048432287093871,False
Cx22-Pair.zip,Pair,00305,408,Cx22-Pair:000409,included,,largest_matched_cytoplasm_instance,1,0,689,15535,0.0596923828125,0.04435146443514645,1,not_crowded,176,0.5057373046875,True,middle,high,scale_normalized_known_localisation,largest matched target instance,Crop centre and scale only; never model input or prediction guidance.,1,0,0.5218959593631507,0.7511582153963318,0.29263370332996974,14846,16668,689,3275,0.046409807355516634,0.1964842812574994,0.15007447390198275,0.0,0.6954298453661875,0.6954298453661875,True,0.8124904179353546,0.30306152056645874,0.5094288973688958,0.05063990621176517,0.5554831349211523,0.5048432287093871,False
Cx22-Pair.zip,Pair,00306,409,Cx22-Pair:000410,included,,largest_matched_cytoplasm_instance,0,0,585,37770,0.1439208984375,0.015488482922954726,2,crowded,274,0.5057373046875,True,high,low,scale_normalized_known_localisation,largest matched target instance,Crop centre and scale only; never model input or prediction guidance.,0,0,0.695823222229421,0.8380919420891735,0.5535545023696683,37185,49500,585,1525,0.01573215006050827,0.03080808080808081,0.01507593074757254,0.0,0.5297536449167689,0.5297536449167689,True,0.8455013734822446,0.4816555675884295,0.36384580589381516,0.2292339532337359,0.7340771819431231,0.5048432287093871,False
Cx22-Pair.zip,Pair,00306,410,Cx22-Pair:000411,included,,largest_matched_cytoplasm_instance,0,0,399,22081,0.08319091796875,0.01806983379375934,1,not_crowded,209,0.5057373046875,True,high,middle,scale_normalized_known_localisation,largest matched target instance,Crop centre and scale only; never model input or prediction guidance.,0,0,0.6523508867541742,0.9034951370075942,0.40120663650075417,21682,23352,399,1590,0.018402361405774375,0.06808838643371018,0.0496860250279358,0.0,0.5670339505423982,0.5670339505423982,True,0.8226998041953957,0.757864512608749,0.06483529158664669,0.5054428982540554,1.0,0.4945571017459446,True
Cx22-Pair.zip,Pair,00307,411,Cx22-Pair:000412,included,,largest_matched_cytoplasm_instance,1,1,289,17054,0.06512451171875,0.016946170986278878,2,crowded,184,0.5057373046875,True,middle,low,scale_normalized_known_localisation,largest matched target instance,Crop centre and scale only; never model input or prediction guidance.,1,1,0.566283973967322,0.8281972265023112,0.3043707214323328,16765,19579,289,1610,0.017238294065016403,0.0822309617447265,0.0649926676797101,0.0,0.5811765258534145,0.5811765258534145,True,0.806787934495094,0.6331924579240311,0.1735954765710629,0.38077084356933755,0.8856140722787247,0.5048432287093871,True
Cx22-Pair.zip,Pair,00307,412,Cx22-Pair:000413,included,,largest_matched_cytoplasm_instance,1,1,514,28319,0.1080322265625,0.018150358416610755,2,crowded,237,0.5057373046875,True,high,middle,scale_normalized_known_localisation,largest matched target instance,Crop centre and scale only; never model input or prediction guidance.,1,1,0.8134041101806112,0.8858919486392635,0.740916271721959,27805,34110,514,752,0.018485883833842833,0.022046320727059514,0.0035604368932166813,0.0,0.5209918848357475,0.5209918848357475,True,0.8409528420706704,0.7242721865110469,0.11668065555962359,0.4718505721563533,0.9766938008657404,0.5048432287093871,True
Cx22-Pair.zip,Pair,00307,413,Cx22-Pair:000414,included,,largest_matched_cytoplasm_instance,0,0,326,15444,0.05889892578125,0.021108521108521107,2,crowded,175,0.5057373046875,True,middle,middle,scale_normalized_known_localisation,largest matched target instance,Crop centre and scale only; never model input or prediction guidance.,0,0,0.8602887486039505,0.9264240258315307,0.7941534713763703,15118,16781,326,495,0.02156369890197116,0.02949764614742864,0.007933947245457481,0.0,0.5284432102561167,0.5284432102561167,True,0.7440214128390981,0.721566290100809,0.02245512273828909,0.4691446757461154,0.9739879044555025,0.5048432287093871,True
Cx22-Pair.zip,Pair,00308,414,Cx22-Pair:000415,included,,largest_matched_cytoplasm_instance,0,0,577,13291,0.05023193359375,0.04341283575351742,2,crowded,163,0.5057373046875,True,middle,high,scale_normalized_known_localisation,largest matched target instance,Crop centre and scale only; never model input or prediction guidance.,0,0,0.8735294117647059,0.8220588235294117,0.925,12714,17206,577,543,0.045383042315557655,0.03155875857259096,0.013824283742966695,0.0,0.530504322681279,0.530504322681279,True,0.7953238770256953,0.7832683777450655,0.012055499280629767,0.530846763390372,1.0,0.46915323660962804,True
Cx22-Pair.zip,Pair,00311,415,Cx22-Pair:000416,included,,largest_matched_cytoplasm_instance,0,0,462,25230,0.09625244140625,0.0183115338882283,1,not_crowded,224,0.5057373046875,True,high,middle,scale_normalized_known_localisation,largest matched target instance,Crop centre and scale only; never model input or prediction guidance.,0,0,0.7869161580212134,0.8395244914508532,0.7343078245915735,24768,33191,462,701,0.018653100775193797,0.021120183182187943,0.0024670824069941456,0.0,0.520065747290876,0.520065747290876,True,0.7795744286339426,0.6825220355082843,0.09705239312565828,0.4301004211535907,0.9349436498629778,0.5048432287093871,True
Cx22-Pair.zip,Pair,00312,416,Cx22-Pair:000417,included,,largest_matched_cytoplasm_instance,0,0,304,27342,0.10345458984375,0.011118425864969644,2,crowded,233,0.5057373046875,True,high,low,scale_normalized_known_localisation,largest matched target instance,Crop centre and scale only; never model input or prediction guidance.,0,0,0.3285621231777248,0.6099011525368114,0.04722309381863822,27038,21724,304,12444,0.011243435165322878,0.5728226845884736,0.5615792494231507,0.07387712047978556,1.0717682486971616,0.997891128217376,False,0.8267556340112574,0.3891251478509744,0.437630486160283,0.13670353349628084,0.641546762205668,0.5048432287093871,False
Cx22-Pair.zip,Pair,00313,417,Cx22-Pair:000418,included,,largest_matched_cytoplasm_instance,0,0,444,14990,0.0562744140625,0.02961974649766511,1,not_crowded,177,0.5057373046875,True,middle,high,scale_normalized_known_localisation,largest matched target instance,Crop centre and scale only; never model input or prediction guidance.,0,0,0.5625493843951788,0.7799844236760125,0.34511434511434513,14546,16270,444,1961,0.030523855355424172,0.12052858020897357,0.0900047248535494,0.0,0.6194741443176617,0.6194741443176617,True,0.8556435832570318,0.4934619736580101,0.36218160959902174,0.24104035930331652,0.7458835880127037,0.5048432287093871,False
Cx22-Pair.zip,Pair,00313,418,Cx22-Pair:000419,included,,largest_matched_cytoplasm_instance,0,0,516,25663,0.0980224609375,0.020106768499396018,1,not_crowded,226,0.5057373046875,True,high,middle,scale_normalized_known_localisation,largest matched target instance,Crop centre and scale only; never model input or prediction guidance.,0,0,0.914129816787512,0.8873186926340831,0.9409409409409409,25147,31180,516,483,0.02051934624408478,0.015490699166132136,0.005028647077952645,0.0,0.5144362632748202,0.5144362632748202,True,0.8565407992352837,0.7545148418772152,0.10202595735806852,0.5020932275225216,1.0,0.4979067724774784,True
Cx22-Pair.zip,Pair,00314,419,Cx22-Pair:000420,included,,largest_matched_cytoplasm_instance,1,1,352,22119,0.08404541015625,0.0159139201591392,2,crowded,210,0.5057373046875,True,high,low,scale_normalized_known_localisation,largest matched target instance,Crop centre and scale only; never model input or prediction guidance.,1,1,0.8260744911340951,0.8440921102302755,0.8080568720379147,21767,28564,352,492,0.01617126843386778,0.017224478364374737,0.0010532099305069556,0.0,0.5161700424730628,0.5161700424730628,True,0.7368891947635997,0.6758664611932368,0.06102273357036292,0.4234448468385432,0.9282880755479304,0.5048432287093871,True
Cx22-Pair.zip,Pair,00315,420,Cx22-Pair:000421,included,,largest_matched_cytoplasm_instance,1,1,552,33653,0.1280517578125,0.016402698124981428,1,not_crowded,258,0.5057373046875,True,high,low,scale_normalized_known_localisation,largest matched target instance,Crop centre and scale only; never model input or prediction guidance.,1,1,0.5341947173302665,0.7841584158415842,0.28423101881894874,33101,44164,552,2530,0.01667623334642458,0.05728647767412372,0.040610244327699135,0.0,0.5562320417828118,0.5562320417828118,True,0.8401156143305795,0.39078517159054876,0.4493304427400307,0.1383635572358552,0.6432067859452424,0.5048432287093871,False
Cx22-Pair.zip,Pair,00315,421,Cx22-Pair:000422,included,,largest_matched_cytoplasm_instance,0,0,291,27245,0.10382080078125,0.01068085887318774,1,not_crowded,233,0.5057373046875,True,high,low,scale_normalized_known_localisation,largest matched target instance,Crop centre and scale only; never model input or prediction guidance.,0,0,0.4899829877054901,0.8638945468395516,0.11607142857142858,26954,33433,291,605,0.01079617125473028,0.018095893279095505,0.007299722024365225,0.0,0.5170414573877836,0.5170414573877836,True,0.7922411888077583,0.6099510991520135,0.18229008965574478,0.35752948479731994,0.8623727135067071,0.5048432287093871,True
Cx22-Pair.zip,Pair,00316,422,Cx22-Pair:000423,included,,largest_matched_cytoplasm_instance,0,0,300,19863,0.0755615234375,0.015103458692040477,2,crowded,199,0.5057373046875,True,high,low,scale_normalized_known_localisation,largest matched target instance,Crop centre and scale only; never model input or prediction guidance.,0,0,0.8466513894579548,0.8517027789159095,0.8416,19563,21928,300,325,0.015335071308081583,0.014821233126596133,0.0005138381814854508,0.0,0.5137667972352842,0.5137667972352842,True,0.8240806402486105,0.7385250057476412,0.08555563450096926,0.48610339139294767,0.9909466201023348,0.5048432287093871,True
Cx22-Pair.zip,Pair,00316,423,Cx22-Pair:000424,included,,largest_matched_cytoplasm_instance,0,0,528,16993,0.06512451171875,0.031071617724945565,1,not_crowded,184,0.5057373046875,True,middle,high,scale_normalized_known_localisation,largest matched target instance,Crop centre and scale only; never model input or prediction guidance.,0,0,0.4957253402057041,0.7613867737706747,0.23006390664073353,16465,19388,528,3071,0.03206802307925903,0.15839694656488548,0.12632892348562647,0.0,0.6573425106735735,0.6573425106735735,True,0.8281550070231282,0.38577610761409775,0.4423788994090304,0.13335449325940418,0.6381977219687913,0.5048432287093871,False
Cx22-Pair.zip,Pair,00317,424,Cx22-Pair:000425,included,,largest_matched_cytoplasm_instance,0,0,632,29462,0.1121826171875,0.021451361075283417,2,crowded,242,0.5057373046875,True,high,middle,scale_normalized_known_localisation,largest matched target instance,Crop centre and scale only; never model input or prediction guidance.,0,0,0.2566147466920139,0.4500926302471646,0.06313686313686313,28830,15432,632,19388,0.02192160943461672,1.25635044064282,1.2344288312082035,0.757404876534132,1.755296004751508,0.997891128217376,False,0.7960368975917407,0.5263713407425312,0.26966555684920945,0.27394972638783766,0.7787929550972248,0.5048432287093871,False
Cx22-Pair.zip,Pair,00318,425,Cx22-Pair:000426,included,,largest_matched_cytoplasm_instance,1,1,251,29066,0.11083984375,0.008635519163283562,2,crowded,240,0.5057373046875,True,high,low,scale_normalized_known_localisation,largest matched target instance,Crop centre and scale only; never model input or prediction guidance.,1,1,0.308474109858053,0.5798591912713332,0.03708902844477281,28815,25443,251,13284,0.008710740933541558,0.5221082419526,0.5133975010190585,0.023162677843911905,1.0210538060612881,0.9978911282173762,False,0.8140241573794177,0.6122356303378066,0.2017885270416111,0.359814015983113,0.8646572446925002,0.5048432287093871,True
Cx22-Pair.zip,Pair,00319,426,Cx22-Pair:000427,included,,largest_matched_cytoplasm_instance,0,0,459,18177,0.0694580078125,0.02525169169830005,1,not_crowded,190,0.5057373046875,True,high,middle,scale_normalized_known_localisation,largest matched target instance,Crop centre and scale only; never model input or prediction guidance.,0,0,0.7255471368328772,0.8209979059859918,0.6300963676797627,17718,23829,459,890,0.02590585844903488,0.03734944815141215,0.011443589702377268,0.0,0.5362950122601002,0.5362950122601002,True,0.7082703336770522,0.6652036325269844,0.04306670115006772,0.4127820181722909,0.917625246881678,0.5048432287093871,True
Cx22-Pair.zip,Pair,00319,427,Cx22-Pair:000428,included,,largest_matched_cytoplasm_instance,1,1,407,14996,0.0570068359375,0.027140570818885035,1,not_crowded,192,0.5057373046875,True,middle,middle,scale_normalized_known_localisation,largest matched target instance,Crop centre and scale only; never model input or prediction guidance.,1,1,0.5586016859535413,0.7832093183887476,0.333994053518335,14589,17262,407,1611,0.027897731167317842,0.09332638164754953,0.06542865048023169,0.0,0.5922719457562375,0.5922719457562375,True,0.7953177700804488,0.5308612369092812,0.2644565331711676,0.27843962255458765,0.7832828512639748,0.5048432287093871,False
Cx22-Pair.zip,Pair,00319,428,Cx22-Pair:000429,included,,largest_matched_cytoplasm_instance,1,1,232,15188,0.05810546875,0.015275217276797471,1,not_crowded,174,0.5057373046875,True,middle,low,scale_normalized_known_localisation,largest matched target instance,Crop centre and scale only; never model input or prediction guidance.,1,1,0.43962225350933315,0.749977022762783,0.12926748425588333,14956,17685,232,2785,0.01551216902915218,0.1574780887757987,0.14196591974664652,0.0,0.6564236528844868,0.6564236528844868,True,0.7794730647307513,0.3099967147339934,0.4694763499967579,0.057575100379299804,0.5624183290886869,0.5048432287093871,False
Cx22-Pair.zip,Pair,00320,429,Cx22-Pair:000430,included,,largest_matched_cytoplasm_instance,1,1,2279,70790,0.2701416015625,0.032193812685407545,2,crowded,375,0.5057373046875,True,high,high,scale_normalized_known_localisation,largest matched target instance,Crop centre and scale only; never model input or prediction guidance.,1,1,0.4435619303844991,0.688425227640914,0.1986986331280842,68511,74697,2279,20620,0.0332647312110464,0.2760485695543328,0.24278383834328643,0.0,0.7749941336630208,0.7749941336630208,True,0.8030423976665004,0.5909501153276401,0.21209228233886035,0.3385285009729465,0.8433717296823336,0.5048432287093871,True
Cx22-Pair.zip,Pair,00321,430,Cx22-Pair:000431,included,,largest_matched_cytoplasm_instance,0,0,546,22847,0.08734130859375,0.023898104783997898,2,crowded,213,0.5057373046875,True,high,middle,scale_normalized_known_localisation,largest matched target instance,Crop centre and scale only; never model input or prediction guidance.,0,0,0.693467812172391,0.8856489542469949,0.5012866700977869,22301,25368,546,1397,0.02448320703107484,0.055069378744875434,0.030586171713800594,0.0,0.5540149428535635,0.5540149428535635,True,0.8265233506536617,0.7038457248904686,0.12267762576319308,0.451424110535775,0.9562673392451622,0.5048432287093871,True
Cx22-Pair.zip,Pair,00321,431,Cx22-Pair:000432,included,,largest_matched_cytoplasm_instance,0,0,327,28234,0.106689453125,0.011581780831621449,2,crowded,237,0.5057373046875,True,high,low,scale_normalized_known_localisation,largest matched target instance,Crop centre and scale only; never model input or prediction guidance.,0,0,0.500210284615228,0.8317138103161398,0.16870675891431614,27907,32193,327,3431,0.011717490235424803,0.10657596371882086,0.09485847348339606,0.0,0.6055215278275089,0.6055215278275089,True,0.7235718984836768,0.430381639602152,0.2931902588815248,0.1779600252474584,0.6828032539568456,0.5048432287093871,False
Cx22-Pair.zip,Pair,00322,432,Cx22-Pair:000433,included,,largest_matched_cytoplasm_instance,1,1,429,22852,0.08740234375,0.018772973919131804,2,crowded,213,0.5057373046875,True,high,middle,scale_normalized_known_localisation,largest matched target instance,Crop centre and scale only; never model input or prediction guidance.,1,1,0.888202985860449,0.873940805590137,0.902465166130761,22423,27379,429,504,0.019132141105115283,0.018408269111362723,0.0007238719937525603,0.0,0.5173538332200508,0.5173538332200508,True,0.7814514551138398,0.6565508682552804,0.12490058685855943,0.40412925390058685,0.908972482609974,0.5048432287093871,True
Cx22-Pair.zip,Pair,00323,433,Cx22-Pair:000434,included,,largest_matched_cytoplasm_instance,0,0,256,20598,0.078369140625,0.012428391105932616,2,crowded,202,0.5057373046875,True,high,low,scale_normalized_known_localisation,largest matched target instance,Crop centre and scale only; never model input or prediction guidance.,0,0,0.512743545725979,0.905534131828281,0.11995295962367698,20342,18815,256,2295,0.012584799921345001,0.12197714589423332,0.10939234597288833,0.0,0.6209227100029214,0.6209227100029214,True,0.7543051619194125,0.17483953756088086,0.5794656243585317,0.0,0.42726115191557446,0.42726115191557446,False
Cx22-Pair.zip,Pair,00323,434,Cx22-Pair:000435,included,,largest_matched_cytoplasm_instance,0,1,250,14146,0.05389404296875,0.017672840378905697,1,not_crowded,168,0.5057373046875,True,middle,low,scale_normalized_known_localisation,largest matched target instance,Crop centre and scale only; never model input or prediction guidance.,0,1,0.754364358243405,0.9117137911136757,0.5970149253731343,13896,13832,250,554,0.017990788716177316,0.040052053209947945,0.02206126449377063,0.0,0.538997617318636,0.538997617318636,True,0.8526866659087293,0.793383364742914,0.05930330116581528,0.5409617503882205,1.0,0.4590382496117795,True
Cx22-Pair.zip,Pair,00324,435,Cx22-Pair:000436,included,,largest_matched_cytoplasm_instance,1,1,587,32588,0.1243896484375,0.018012765435129495,2,crowded,254,0.5057373046875,True,high,middle,scale_normalized_known_localisation,largest matched target instance,Crop centre and scale only; never model input or prediction guidance.,1,1,0.4786587938669302,0.8013042986973156,0.15601328903654485,32001,29948,587,6938,0.018343176775725757,0.23166822492320022,0.21332504814747447,0.0,0.7306137890318882,0.7306137890318882,True,0.6898986632807607,0.38161865141318385,0.3082800118675768,0.12919703705849028,0.6340402657678774,0.5048432287093871,False
Cx22-Pair.zip,Pair,00325,436,Cx22-Pair:000437,included,,largest_matched_cytoplasm_instance,0,0,957,10083,0.03814697265625,0.0949122285034216,2,crowded,142,0.5057373046875,True,low,high,scale_normalized_known_localisation,largest matched target instance,Crop centre and scale only; never model input or prediction guidance.,0,0,0.6373928218463392,0.7505832234506542,0.5242024202420242,9126,10592,957,2679,0.10486522024983563,0.2529267371601209,0.14806151691028524,0.0,0.7518723012688089,0.7518723012688089,True,0.8590474388513356,0.3558231327434766,0.503224306107859,0.10340151838878303,0.6082447470981702,0.5048432287093871,False
Cx22-Pair.zip,Pair,00325,437,Cx22-Pair:000438,included,,largest_matched_cytoplasm_instance,0,1,736,17442,0.0660400390625,0.042196995757367274,1,not_crowded,186,0.5057373046875,True,middle,high,scale_normalized_known_localisation,largest matched target instance,Crop centre and scale only; never model input or prediction guidance.,0,1,0.8564991554803908,0.8824116267155607,0.8305866842452209,16706,20381,736,781,0.04405602777445229,0.03832000392522447,0.00573602384922782,0.0,0.5372655680339126,0.5372655680339126,True,0.8003817557739406,0.7004907682129853,0.09989098756095527,0.4480691538582917,0.9529123825676789,0.5048432287093871,True
Cx22-Pair.zip,Pair,00326,438,Cx22-Pair:000439,included,,largest_matched_cytoplasm_instance,1,1,515,17645,0.06756591796875,0.029186738452819494,1,not_crowded,187,0.5057373046875,True,middle,middle,scale_normalized_known_localisation,largest matched target instance,Crop centre and scale only; never model input or prediction guidance.,1,1,0.8619058125198484,0.8188756104144683,0.9049360146252285,17130,23621,515,579,0.030064214827787508,0.02451208670251048,0.005552128125277028,0.0,0.5234576508111985,0.5234576508111985,True,0.8061610982053673,0.6906126837420615,0.11554841446330577,0.43819106938736796,0.9430342980967551,0.5048432287093871,True
Cx22-Pair.zip,Pair,00326,439,Cx22-Pair:000440,included,,largest_matched_cytoplasm_instance,1,0,379,15146,0.05767822265625,0.025023108411461773,2,crowded,174,0.5057373046875,True,middle,middle,scale_normalized_known_localisation,largest matched target instance,Crop centre and scale only; never model input or prediction guidance.,1,0,0.7119602366703279,0.8261821857800742,0.5977382875605816,14767,20845,379,240,0.0256653348682874,0.011513552410650036,0.014151782457637362,0.0,0.5104591165193381,0.5104591165193381,True,0.6967092166858279,0.6855983156791099,0.011110901006717966,0.4331767013244163,0.9380199300338035,0.5048432287093871,True
Cx22-Pair.zip,Pair,00326,440,Cx22-Pair:000441,included,,largest_matched_cytoplasm_instance,1,0,444,26808,0.10205078125,0.01656222023276634,2,crowded,231,0.5057373046875,True,high,low,scale_normalized_known_localisation,largest matched target instance,Crop centre and scale only; never model input or prediction guidance.,1,0,0.6095635171955174,0.8068960038134584,0.41223103057757643,26364,36571,444,1322,0.016841147018661812,0.03614886111946625,0.019307714100804434,0.0,0.5350944252281543,0.5350944252281543,True,0.6890691716257337,0.22540272308029738,0.46366644854543626,0.0,0.477824337434991,0.477824337434991,False
Cx22-Pair.zip,Pair,00326,441,Cx22-Pair:000442,included,,largest_matched_cytoplasm_instance,0,1,520,9073,0.0345458984375,0.05731290642565855,2,crowded,164,0.5057373046875,True,low,high,scale_normalized_known_localisation,largest matched target instance,Crop centre and scale only; never model input or prediction guidance.,0,1,0.7092894600051468,0.7181056272449116,0.7004732927653821,8553,13998,520,959,0.06079738103589384,0.06850978711244464,0.0077124060765507985,0.0,0.5674553512211327,0.5674553512211327,True,0.7841793036064592,0.796992663504114,0.012813359897654863,0.5445710491494204,1.0,0.45542895085057955,True
Cx22-Pair.zip,Pair,00327,442,Cx22-Pair:000443,included,,largest_matched_cytoplasm_instance,0,1,607,12703,0.04803466796875,0.0477839880343226,2,crowded,159,0.5057373046875,True,middle,high,scale_normalized_known_localisation,largest matched target instance,Crop centre and scale only; never model input or prediction guidance.,0,1,0.712519578464019,0.846992832658149,0.5780463242698892,12096,13576,607,1379,0.05018187830687831,0.10157631113730112,0.05139443283042281,0.0,0.6005218752459892,0.6005218752459892,True,0.7962902354606319,0.7902519752118117,0.00603826024882026,0.5378303608571181,1.0,0.4621696391428819,True
Cx22-Pair.zip,Pair,00328,443,Cx22-Pair:000444,included,,largest_matched_cytoplasm_instance,0,1,192,26812,0.1024169921875,0.007160972698791586,2,crowded,231,0.5057373046875,True,high,low,scale_normalized_known_localisation,largest matched target instance,Crop centre and scale only; never model input or prediction guidance.,0,1,0.49414621293889227,0.8701449778626617,0.11814744801512288,26620,30975,192,1924,0.007212622088655147,0.06211460855528652,0.05490198646663137,0.0,0.5610601726639746,0.5610601726639746,True,0.8126065071123961,0.5329811592602822,0.2796253478521139,0.28055954490558865,0.7854027736149758,0.5048432287093871,False
Cx22-Pair.zip,Pair,00329,444,Cx22-Pair:000445,included,,largest_matched_cytoplasm_instance,1,0,236,12046,0.04583740234375,0.01959156566495102,2,crowded,155,0.5057373046875,True,middle,middle,scale_normalized_known_localisation,largest matched target instance,Crop centre and scale only; never model input or prediction guidance.,1,0,0.8982557475261415,0.9558648437820749,0.8406466512702079,11810,12547,236,197,0.01998306519898391,0.01570096437395393,0.004282100825029979,0.0,0.514646528482642,0.514646528482642,True,0.7993937459722722,0.8367912206718264,0.037397474699554234,0.5843696063171329,1.0,0.41563039368286714,True
Cx22-Pair.zip,Pair,00329,445,Cx22-Pair:000446,included,,largest_matched_cytoplasm_instance,0,1,202,16832,0.0643310546875,0.012000950570342206,2,crowded,187,0.5057373046875,True,middle,low,scale_normalized_known_localisation,largest matched target instance,Crop centre and scale only; never model input or prediction guidance.,0,1,0.698522786282899,0.9069793474002351,0.4900662251655629,16630,19104,202,251,0.012146722790138304,0.013138609715242881,0.0009918869251045771,0.0,0.5120841738239309,0.5120841738239309,True,0.745352661852785,0.7750026908198914,0.029650028967106334,0.5225810764651978,1.0,0.4774189235348022,True
Cx22-Pair.zip,Pair,00329,446,Cx22-Pair:000447,included,,largest_matched_cytoplasm_instance,1,1,287,16679,0.063720703125,0.017207266622699204,2,crowded,182,0.5057373046875,True,middle,low,scale_normalized_known_localisation,largest matched target instance,Crop centre and scale only; never model input or prediction guidance.,1,1,0.3817374030692272,0.6798112218143681,0.08366358432408631,16392,12213,287,6526,0.01750854075158614,0.5343486448865963,0.5168401041350101,0.035403080777908214,1.0332942089952843,0.9978911282173761,False,0.8218313457126267,0.43150376829213605,0.3903275774204907,0.17908215393744248,0.6839253826468297,0.5048432287093871,False
Cx22-Pair.zip,Pair,00329,447,Cx22-Pair:000448,included,,largest_matched_cytoplasm_instance,0,0,191,15512,0.05914306640625,0.012313047962867458,2,crowded,176,0.5057373046875,True,middle,low,scale_normalized_known_localisation,largest matched target instance,Crop centre and scale only; never model input or prediction guidance.,0,0,0.44188879632988,0.7833305771456921,0.10044701551406784,15321,14914,191,3612,0.012466549180862868,0.24218854767332706,0.2297219984924642,0.0,0.7411341117820152,0.7411341117820152,True,0.7821386716769952,0.11781476972872078,0.6643239019482745,0.0,0.37023638408341436,0.37023638408341436,False
Cx22-Pair.zip,Pair,00329,448,Cx22-Pair:000449,included,,largest_matched_cytoplasm_instance,0,0,220,23324,0.0889892578125,0.009432344366317956,2,crowded,215,0.5057373046875,True,high,low,scale_normalized_known_localisation,largest matched target instance,Crop centre and scale only; never model input or prediction guidance.,0,0,0.7433171896939513,0.9341051965085252,0.5525291828793775,23104,21118,220,551,0.009522160664819944,0.026091485936168196,0.016569325271348252,0.0,0.5250370500448562,0.5250370500448562,True,0.8263704549388204,0.7349339964353812,0.09143645850343929,0.4825123820806876,0.9873556107900747,0.5048432287093871,True
Cx22-Pair.zip,Pair,00330,449,Cx22-Pair:000450,included,,largest_matched_cytoplasm_instance,1,0,328,6944,0.02642822265625,0.04723502304147465,2,crowded,118,0.5057373046875,True,low,high,scale_normalized_known_localisation,largest matched target instance,Crop centre and scale only; never model input or prediction guidance.,1,0,0.8803681116128199,0.8764918502352861,0.8842443729903537,6616,8047,328,294,0.049576783555018135,0.03653535479060519,0.013041428764412943,0.0,0.5354809188992933,0.5354809188992933,True,0.7961126436865931,0.8104211888480617,0.014308545161468622,0.5579995744933681,1.0,0.4420004255066319,True
Cx22-Pair.zip,Pair,00330,450,Cx22-Pair:000451,included,,largest_matched_cytoplasm_instance,1,1,242,15704,0.05987548828125,0.015410086602139583,1,not_crowded,177,0.5057373046875,True,middle,low,scale_normalized_known_localisation,largest matched target instance,Crop centre and scale only; never model input or prediction guidance.,1,1,0.8315263288635986,0.9299238233713689,0.7331288343558282,15462,16175,242,410,0.015651274091320656,0.02534775888717156,0.009696484795850904,0.0,0.5242933229958596,0.5242933229958596,True,0.7120283219491748,0.7255906907444214,0.013562368795246638,0.4731690763897278,0.978012305099115,0.5048432287093871,True
Cx22-Pair.zip,Pair,00332,451,Cx22-Pair:000452,included,,largest_matched_cytoplasm_instance,1,1,412,27545,0.10540771484375,0.014957342530404791,2,crowded,234,0.5057373046875,True,high,low,scale_normalized_known_localisation,largest matched target instance,Crop centre and scale only; never model input or prediction guidance.,1,1,0.7174385479441335,0.9031310641422353,0.5317460317460317,27133,30068,412,1100,0.015184461725574024,0.036583743514700014,0.02139928178912599,0.0,0.5355293076233881,0.5355293076233881,True,0.8563464553458261,0.6756360963244199,0.1807103590214062,0.42321448196972633,0.9280577106791135,0.5048432287093871,True
Cx22-Pair.zip,Pair,00332,452,Cx22-Pair:000453,included,,largest_matched_cytoplasm_instance,1,1,215,14955,0.0572509765625,0.014376462721497826,2,crowded,172,0.5057373046875,True,middle,low,scale_normalized_known_localisation,largest matched target instance,Crop centre and scale only; never model input or prediction guidance.,1,1,0.5688161397958607,0.866689871214758,0.2709424083769634,14740,16863,215,1313,0.014586160108548168,0.07786277649291348,0.06327661638436531,0.0,0.5768083406016016,0.5768083406016016,True,0.8145077427764444,0.3627812131399473,0.4517265296364971,0.11035959878525375,0.6152028274946408,0.5048432287093871,False
Cx22-Pair.zip,Pair,00333,453,Cx22-Pair:000454,included,,largest_matched_cytoplasm_instance,0,0,573,19247,0.0733642578125,0.02977087338286486,1,not_crowded,199,0.5057373046875,True,high,high,scale_normalized_known_localisation,largest matched target instance,Crop centre and scale only; never model input or prediction guidance.,0,0,0.8898738711383859,0.8323793212241403,0.9473684210526315,18674,25700,573,586,0.03068437399593017,0.022801556420233463,0.007882817575696706,0.0,0.5217471205289216,0.5217471205289216,True,0.8581973528730501,0.7461086725204742,0.11208868035257591,0.4936870581657806,0.9985302868751678,0.5048432287093871,True
Cx22-Pair.zip,Pair,00334,454,Cx22-Pair:000455,included,,largest_matched_cytoplasm_instance,1,1,379,20024,0.07666015625,0.01892728725529365,2,crowded,199,0.5057373046875,True,high,middle,scale_normalized_known_localisation,largest matched target instance,Crop centre and scale only; never model input or prediction guidance.,1,1,0.5170529991468011,0.8622987079545761,0.17180729033902625,19645,17428,379,3544,0.01929244082463731,0.2033509295386734,0.18405848871403607,0.0,0.7022964936473615,0.7022964936473615,True,0.8277796388788896,0.6616171673561844,0.16616247152270525,0.4091955530014908,0.9140387817108779,0.5048432287093871,True
Cx22-Pair.zip,Pair,00334,455,Cx22-Pair:000456,included,,largest_matched_cytoplasm_instance,0,0,338,18275,0.06976318359375,0.018495212038303694,2,crowded,191,0.5057373046875,True,high,middle,scale_normalized_known_localisation,largest matched target instance,Crop centre and scale only; never model input or prediction guidance.,0,0,0.5538474987662372,0.8029441284710606,0.3047508690614137,17937,23909,338,1388,0.018843730835702736,0.058053452674725,0.03920972183902226,0.0,0.556999016783413,0.556999016783413,True,0.7743380695870035,0.6780967530188738,0.09624131656812962,0.4256751386641803,0.9305183673735674,0.5048432287093871,True
Cx22-Pair.zip,Pair,00335,456,Cx22-Pair:000457,included,,largest_matched_cytoplasm_instance,1,1,324,16126,0.06170654296875,0.020091777254123776,2,crowded,197,0.5057373046875,True,middle,middle,scale_normalized_known_localisation,largest matched target instance,Crop centre and scale only; never model input or prediction guidance.,1,1,0.6695049843994505,0.928865041262669,0.4101449275362319,15802,16067,324,1056,0.020503733704594355,0.06572477749424285,0.0452210437896485,0.0,0.564670341602931,0.564670341602931,True,0.7219095584269651,0.6269526943229378,0.09495686410402737,0.3745310799682442,0.8793743086776313,0.5048432287093871,True
Cx22-Pair.zip,Pair,00335,457,Cx22-Pair:000458,included,,largest_matched_cytoplasm_instance,1,1,735,13784,0.0535888671875,0.05332269297736506,1,not_crowded,218,0.5057373046875,True,middle,high,scale_normalized_known_localisation,largest matched target instance,Crop centre and scale only; never model input or prediction guidance.,1,1,0.4401581880323998,0.641051422005171,0.23926495405962872,13049,14799,735,4598,0.05632615526093954,0.31069666869383067,0.25437051343289113,0.0,0.8096422328025188,0.8096422328025188,True,0.8287096517147552,0.3715450153981299,0.4571646363166253,0.11912340104343633,0.6239666297528235,0.5048432287093871,False
Cx22-Pair.zip,Pair,00335,458,Cx22-Pair:000459,included,,largest_matched_cytoplasm_instance,0,0,528,21677,0.0826416015625,0.0243576140609863,1,not_crowded,209,0.5057373046875,True,high,middle,scale_normalized_known_localisation,largest matched target instance,Crop centre and scale only; never model input or prediction guidance.,0,0,0.7867253161869294,0.9399554867427908,0.633495145631068,21149,20187,528,1120,0.02496571941935789,0.05548125030960519,0.030515530890247302,0.0,0.5544268144182932,0.5544268144182932,True,0.8319872243451027,0.737263800567698,0.09472342377740472,0.48484218621300446,0.9896854149223916,0.5048432287093871,True
Cx22-Pair.zip,Pair,00335,459,Cx22-Pair:000460,included,,largest_matched_cytoplasm_instance,0,0,135,8324,0.03173828125,0.016218164344065353,2,crowded,129,0.5057373046875,True,low,low,scale_normalized_known_localisation,largest matched target instance,Crop centre and scale only; never model input or prediction guidance.,0,0,0.5767672851009624,0.8444196428571429,0.309114927344782,8189,9731,135,622,0.01648552936866528,0.06391943274072552,0.04743390337206024,0.0,0.5628649968494136,0.5628649968494136,True,0.8079268916339606,0.8017144302384924,0.006212461395468161,0.5492928158837989,1.0,0.45070718411620114,True
Cx22-Pair.zip,Pair,00336,460,Cx22-Pair:000461,included,,largest_matched_cytoplasm_instance,1,0,191,12366,0.046875,0.01544557658094776,2,crowded,157,0.5057373046875,True,middle,low,scale_normalized_known_localisation,largest matched target instance,Crop centre and scale only; never model input or prediction guidance.,1,0,0.3279061330273365,0.5983350676378772,0.05747719841679573,12175,10889,191,5620,0.015687885010266942,0.5161171824777299,0.5004292974674629,0.017171618369041797,1.015062746586418,0.9978911282173761,False,0.8025291148965845,0.449986047307652,0.3525430675889325,0.19756443295295845,0.7024076616623456,0.5048432287093871,False
Cx22-Pair.zip,Pair,00337,461,Cx22-Pair:000462,included,,largest_matched_cytoplasm_instance,0,0,236,20353,0.0780029296875,0.011595342209993613,2,crowded,201,0.5057373046875,True,high,low,scale_normalized_known_localisation,largest matched target instance,Crop centre and scale only; never model input or prediction guidance.,0,0,0.7172853703454174,0.871772648480978,0.5627980922098569,20117,23727,236,393,0.011731371476860366,0.016563408774813503,0.004832037297953137,0.0,0.5155089728835016,0.5155089728835016,True,0.7631971260402652,0.729260205809578,0.033936920230687284,0.4768385914548844,0.9816818201642715,0.5048432287093871,True
Cx22-Pair.zip,Pair,00338,462,Cx22-Pair:000463,included,,largest_matched_cytoplasm_instance,1,1,392,19442,0.07464599609375,0.020162534718650343,2,crowded,197,0.5057373046875,True,high,middle,scale_normalized_known_localisation,largest matched target instance,Crop centre and scale only; never model input or prediction guidance.,1,1,0.7857074136955291,0.8829937747594794,0.6884210526315789,19050,23358,392,558,0.02057742782152231,0.02388903159517082,0.0033116037736485096,0.0,0.5228345957038589,0.5228345957038589,True,0.7633344722568441,0.7270417325447474,0.03629273971209679,0.4746201181900538,0.9794633468994409,0.5048432287093871,True
Cx22-Pair.zip,Pair,00340,463,Cx22-Pair:000464,included,,largest_matched_cytoplasm_instance,1,1,634,13354,0.05108642578125,0.047476411562078775,2,crowded,193,0.5057373046875,True,middle,high,scale_normalized_known_localisation,largest matched target instance,Crop centre and scale only; never model input or prediction guidance.,1,1,0.1623407248844634,0.21939207004626635,0.10528937972266046,12720,7381,634,11409,0.04984276729559749,1.5457255114483133,1.4958827441527158,1.0467799473396253,2.0446710755570012,0.9978911282173759,False,0.7525901845361996,0.5630418426935985,0.18954834184260116,0.3106202283389049,0.815463457048292,0.5048432287093871,True
Cx22-Pair.zip,Pair,00340,464,Cx22-Pair:000465,included,,largest_matched_cytoplasm_instance,1,1,459,19815,0.07568359375,0.02316426949280848,1,not_crowded,198,0.5057373046875,True,high,middle,scale_normalized_known_localisation,largest matched target instance,Crop centre and scale only; never model input or prediction guidance.,1,1,0.8186582821937801,0.8834545664472925,0.7538619979402678,19356,23949,459,512,0.02371357718536888,0.021378763205144265,0.002334813980224615,0.0,0.5203243273138324,0.5203243273138324,True,0.7553141409574239,0.6966236109495014,0.05869053000792246,0.44420199659480786,0.949045225304195,0.5048432287093871,True
Cx22-Pair.zip,Pair,00340,465,Cx22-Pair:000466,included,,largest_matched_cytoplasm_instance,1,1,479,17558,0.0672607421875,0.02728101150472719,2,crowded,187,0.5057373046875,True,middle,middle,scale_normalized_known_localisation,largest matched target instance,Crop centre and scale only; never model input or prediction guidance.,1,1,0.8279625241593513,0.8820474972982947,0.7738775510204081,17079,20860,479,746,0.02804613853270098,0.03576222435282838,0.007716085820127401,0.0,0.5347077884615165,0.5347077884615165,True,0.8107574104500911,0.7576980349525672,0.05305937549752393,0.5052764205978736,1.0,0.4947235794021264,True
Cx22-Pair.zip,Pair,00341,466,Cx22-Pair:000467,included,,largest_matched_cytoplasm_instance,0,0,383,13168,0.05023193359375,0.02908566221142163,2,crowded,162,0.5057373046875,True,middle,middle,scale_normalized_known_localisation,largest matched target instance,Crop centre and scale only; never model input or prediction guidance.,0,0,0.8608804380882646,0.897585052000705,0.8241758241758241,12785,15580,383,345,0.029956980836918265,0.022143774069319642,0.007813206767598623,0.0,0.5210893381780077,0.5210893381780077,True,0.8329474050586894,0.7389426705827624,0.09400473447592694,0.48652105622806885,0.991364284937456,0.5048432287093871,True
Cx22-Pair.zip,Pair,00341,467,Cx22-Pair:000468,included,,largest_matched_cytoplasm_instance,0,0,470,48082,0.1832275390625,0.009774967763404184,2,crowded,309,0.5057373046875,True,high,low,scale_normalized_known_localisation,largest matched target instance,Crop centre and scale only; never model input or prediction guidance.,0,0,0.3908621232022749,0.7334977917479012,0.04822645465664861,47612,52920,470,10976,0.009871460976224482,0.2074074074074074,0.1975359464311829,0.0,0.7063529715160954,0.7063529715160954,True,0.7375819645472584,0.28403886958810964,0.4535430949591488,0.031617255233416075,0.5364604839428032,0.5048432287093871,False
Cx22-Pair.zip,Pair,00342,468,Cx22-Pair:000469,included,,largest_matched_cytoplasm_instance,1,1,182,22731,0.08709716796875,0.00800668690334785,1,not_crowded,213,0.5057373046875,True,high,low,scale_normalized_known_localisation,largest matched target instance,Crop centre and scale only; never model input or prediction guidance.,1,1,0.36429311250009244,0.6849201981287837,0.04366602687140115,22549,13791,182,8154,0.00807131136635771,0.591255166412878,0.5831838550465203,0.09230960230418994,1.0902007305215662,0.9978911282173762,False,0.7951801571455128,0.23302412743928536,0.5621560297062275,0.0,0.4854457417939789,0.4854457417939789,False
Cx22-Pair.zip,Pair,00342,469,Cx22-Pair:000470,included,,largest_matched_cytoplasm_instance,0,0,364,17999,0.0684814453125,0.02022334574143008,2,crowded,189,0.5057373046875,True,high,middle,scale_normalized_known_localisation,largest matched target instance,Crop centre and scale only; never model input or prediction guidance.,0,0,0.6543165485260949,0.9100956199041093,0.39853747714808047,17635,19282,364,183,0.020640771193648995,0.009490716730629603,0.011150054463019391,0.0,0.5084362808393177,0.5084362808393177,True,0.6919659138039266,0.6780292007788548,0.013936713025071823,0.4256075864241612,0.9304508151335483,0.5048432287093871,True
Cx22-Pair.zip,Pair,00343,470,Cx22-Pair:000471,included,,largest_matched_cytoplasm_instance,0,0,785,15592,0.0589599609375,0.05034633145202668,2,crowded,176,0.5057373046875,True,middle,high,scale_normalized_known_localisation,largest matched target instance,Crop centre and scale only; never model input or prediction guidance.,0,0,0.5611432342092804,0.7813588850174216,0.34092758340113916,14807,12745,785,1673,0.05301546565813467,0.1312671635935661,0.07825169793543144,0.0,0.6302127277022542,0.6302127277022542,True,0.871030830522111,0.3568682526279755,0.5141625778941356,0.10444663827328193,0.6092898669826691,0.5048432287093871,False
Cx22-Pair.zip,Pair,00344,471,Cx22-Pair:000472,included,,largest_matched_cytoplasm_instance,0,1,1070,10922,0.04168701171875,0.09796740523713605,1,not_crowded,156,0.5057373046875,True,low,high,scale_normalized_known_localisation,largest matched target instance,Crop centre and scale only; never model input or prediction guidance.,0,1,0.9137880985508445,0.9309559187716692,0.8966202783300199,9852,10338,1070,942,0.10860738936256598,0.09112013929193268,0.0174872500706333,0.0,0.5900657034006207,0.5900657034006207,True,0.827337666434057,0.7369781276152932,0.0903595388187638,0.4845565132605997,0.9893997419699868,0.5048432287093871,True
Cx22-Pair.zip,Pair,00344,472,Cx22-Pair:000473,included,,largest_matched_cytoplasm_instance,1,1,433,21539,0.08233642578125,0.020103068851850134,2,crowded,207,0.5057373046875,True,high,middle,scale_normalized_known_localisation,largest matched target instance,Crop centre and scale only; never model input or prediction guidance.,1,1,0.7049008909200019,0.7378017818400037,0.672,21106,22220,433,692,0.020515493224675448,0.031143114311431144,0.010627621086755697,0.0,0.5300886784201192,0.5300886784201192,True,0.7611078851696895,0.6871072450355743,0.07400064013411523,0.43468563068088073,0.9395288593902679,0.5048432287093871,True
Cx22-Pair.zip,Pair,00344,473,Cx22-Pair:000474,included,,largest_matched_cytoplasm_instance,0,0,640,19571,0.07452392578125,0.032701446017066066,2,crowded,217,0.5057373046875,True,high,high,scale_normalized_known_localisation,largest matched target instance,Crop centre and scale only; never model input or prediction guidance.,0,0,0.8554829866150622,0.8665215287856798,0.8444444444444444,18931,22409,640,800,0.033806983254978606,0.03569994198759427,0.0018929587326156627,0.0,0.5346455060962824,0.5346455060962824,True,0.7837264345257683,0.7074605489312047,0.0762658855945636,0.4550389345765111,0.9598821632858983,0.5048432287093871,True
Cx22-Pair.zip,Pair,00345,474,Cx22-Pair:000475,included,,largest_matched_cytoplasm_instance,0,0,241,13931,0.053466796875,0.017299547771157848,2,crowded,166,0.5057373046875,True,middle,low,scale_normalized_known_localisation,largest matched target instance,Crop centre and scale only; never model input or prediction guidance.,0,0,0.24046329159506588,0.43192790473125203,0.04899867845887974,13690,4952,241,9596,0.01760409057706355,1.9378029079159935,1.92019881733893,1.4388573438073053,2.4367484720246817,0.9978911282173764,False,0.720046800481468,0.4991707432123844,0.22087605726908355,0.24674912885769085,0.751592357567078,0.5048432287093871,True
Cx22-Pair.zip,Pair,00345,475,Cx22-Pair:000476,included,,largest_matched_cytoplasm_instance,0,0,378,13743,0.05255126953125,0.0275049115913556,1,not_crowded,165,0.5057373046875,True,middle,middle,scale_normalized_known_localisation,largest matched target instance,Crop centre and scale only; never model input or prediction guidance.,0,0,0.5029350788867973,0.8233644859813084,0.18250567179228636,13365,10175,378,3589,0.028282828282828285,0.3527272727272727,0.3244444444444444,0.0,0.8516728368359607,0.8516728368359607,True,0.8597885470008639,0.17073463066462594,0.689053916336238,0.0,0.4231562450193195,0.4231562450193195,False
Cx22-Pair.zip,Pair,00346,476,Cx22-Pair:000477,included,,largest_matched_cytoplasm_instance,1,1,205,23326,0.08917236328125,0.00878847637829032,1,not_crowded,215,0.5057373046875,True,high,low,scale_normalized_known_localisation,largest matched target instance,Crop centre and scale only; never model input or prediction guidance.,1,1,0.8968700290946925,0.9324261895762462,0.8613138686131386,23121,24501,205,206,0.00886639851217508,0.00840782008897596,0.00045857842319911926,0.0,0.5073533841976641,0.5073533841976641,True,0.7959725009810308,0.6930457117548963,0.10292678922613452,0.4406240974002027,0.9454673261095898,0.5048432287093871,True
Cx22-Pair.zip,Pair,00348,477,Cx22-Pair:000478,included,,largest_matched_cytoplasm_instance,0,0,235,22348,0.08526611328125,0.010515482369787006,2,crowded,211,0.5057373046875,True,high,low,scale_normalized_known_localisation,largest matched target instance,Crop centre and scale only; never model input or prediction guidance.,0,0,0.4370510559593961,0.8741021119187922,0.0,22113,24385,235,1126,0.01062723284945507,0.046175927824482266,0.0355486949750272,0.0,0.5451214919331704,0.5451214919331704,True,0.7907971286251447,0.31211557257833783,0.4786815560468069,0.05969395822364426,0.5645371869330313,0.5048432287093871,False
Cx22-Pair.zip,Pair,00349,478,Cx22-Pair:000479,included,,largest_matched_cytoplasm_instance,1,0,430,17611,0.0673828125,0.02441655783317245,2,crowded,194,0.5057373046875,True,middle,middle,scale_normalized_known_localisation,largest matched target instance,Crop centre and scale only; never model input or prediction guidance.,1,0,0.9029326770051149,0.9369435781117097,0.86892177589852,17181,18089,430,516,0.0250276468191607,0.028525623306982145,0.003497976487821443,0.0,0.5274711874156702,0.5274711874156702,True,0.7355269173375879,0.670072510850927,0.0654544064866609,0.41765089649623344,0.9224941252056206,0.5048432287093871,True
Cx22-Pair.zip,Pair,00349,479,Cx22-Pair:000480,included,,largest_matched_cytoplasm_instance,0,1,551,16997,0.06488037109375,0.03241748543860681,2,crowded,193,0.5057373046875,True,middle,high,scale_normalized_known_localisation,largest matched target instance,Crop centre and scale only; never model input or prediction guidance.,0,1,0.8906256800837158,0.8593629481502643,0.9218884120171674,16446,18559,551,614,0.03350358749847988,0.0330836790775365,0.000419908420943374,0.0,0.5320292431862246,0.5320292431862246,True,0.7704950181089483,0.7515232631634353,0.018971754945512953,0.49910164880874175,1.0,0.5008983511912583,True
Cx22-Pair.zip,Pair,00350,480,Cx22-Pair:000481,included,,largest_matched_cytoplasm_instance,0,1,746,20630,0.078857421875,0.03616093068347068,2,crowded,202,0.5057373046875,True,high,high,scale_normalized_known_localisation,largest matched target instance,Crop centre and scale only; never model input or prediction guidance.,0,1,0.826291415322295,0.8656629994209613,0.7869198312236287,19884,25018,746,1150,0.03751760209213438,0.04596690382924295,0.008449301737108568,0.0,0.544912467937931,0.544912467937931,True,0.8317608730483285,0.7477947645380499,0.08396610851027853,0.49537315018335637,1.0,0.5046268498166436,True
Cx22-Pair.zip,Pair,00351,481,Cx22-Pair:000482,included,,largest_matched_cytoplasm_instance,1,0,679,21422,0.08148193359375,0.031696386891980205,2,crowded,206,0.5057373046875,True,high,high,scale_normalized_known_localisation,largest matched target instance,Crop centre and scale only; never model input or prediction guidance.,1,0,0.7584344523245772,0.9003434809203407,0.6165254237288136,20743,21763,679,1209,0.03273393433929518,0.05555300280292239,0.02281906846362721,0.0,0.5544985669116105,0.5544985669116105,True,0.8099911269230488,0.688383792134153,0.12160733478889574,0.43596217777945945,0.9408054064888466,0.5048432287093871,True
Cx22-Pair.zip,Pair,00351,482,Cx22-Pair:000483,included,,largest_matched_cytoplasm_instance,0,0,595,18165,0.06951904296875,0.03275529865125241,2,crowded,190,0.5057373046875,True,high,high,scale_normalized_known_localisation,largest matched target instance,Crop centre and scale only; never model input or prediction guidance.,0,0,0.7133468447117663,0.8683523200889136,0.5583413693346191,17570,18420,595,1479,0.03386454183266932,0.08029315960912052,0.0464286177764512,0.0,0.5792387237178086,0.5792387237178086,True,0.8334117679902192,0.3149581080897672,0.518453659900452,0.06253649373507364,0.5673797224444608,0.5048432287093871,False
Cx22-Pair.zip,Pair,00352,483,Cx22-Pair:000484,included,,largest_matched_cytoplasm_instance,1,1,412,28193,0.10662841796875,0.014613556556592062,2,crowded,237,0.5057373046875,True,high,low,scale_normalized_known_localisation,largest matched target instance,Crop centre and scale only; never model input or prediction guidance.,1,1,0.6401893285019737,0.8543582488406822,0.4260204081632653,27781,35834,412,1156,0.014830279687556243,0.032259864932745436,0.017429585245189193,0.0,0.5312054290414335,0.5312054290414335,True,0.6238565848907861,0.5123200139017177,0.11153657098906844,0.2598983995470241,0.7647416282564112,0.5048432287093871,True
Cx22-Pair.zip,Pair,00353,484,Cx22-Pair:000485,included,,largest_matched_cytoplasm_instance,1,1,664,25940,0.09942626953125,0.025597532767925982,2,crowded,227,0.5057373046875,True,high,middle,scale_normalized_known_localisation,largest matched target instance,Crop centre and scale only; never model input or prediction guidance.,1,1,0.8056277409529219,0.924492703399946,0.6867627785058977,25276,26666,664,862,0.026269979427124546,0.03232580814520363,0.006055828718079085,0.0,0.5312713722538916,0.5312713722538916,True,0.8075544369360462,0.7130998802986757,0.09445455663737057,0.4606782659439821,0.9655214946533692,0.5048432287093871,True
Cx22-Pair.zip,Pair,00354,485,Cx22-Pair:000486,included,,largest_matched_cytoplasm_instance,0,0,405,18946,0.07257080078125,0.021376543861501108,2,crowded,194,0.5057373046875,True,high,middle,scale_normalized_known_localisation,largest matched target instance,Crop centre and scale only; never model input or prediction guidance.,0,0,0.6078621035128997,0.8603820701710576,0.3553421368547419,18541,21504,405,1261,0.021843482012836417,0.05864025297619048,0.03679677096335406,0.0,0.5575858170848785,0.5575858170848785,True,0.7819154475228003,0.6811457527159877,0.10076969480681264,0.4287241383612941,0.9335673670706812,0.5048432287093871,True
Cx22-Pair.zip,Pair,00354,486,Cx22-Pair:000487,included,,largest_matched_cytoplasm_instance,0,0,590,16636,0.06365966796875,0.03546525607117095,2,crowded,182,0.5057373046875,True,middle,high,scale_normalized_known_localisation,largest matched target instance,Crop centre and scale only; never model input or prediction guidance.,0,0,0.7203209934718531,0.8912947284580666,0.5493472584856397,16046,17853,590,1325,0.036769288296148575,0.07421721839466756,0.03744793009851899,0.0,0.5731627825033556,0.5731627825033556,True,0.7723310641345223,0.6841036602071884,0.08822740392733397,0.4316820458524948,0.936525274561882,0.5048432287093871,True
Cx22-Pair.zip,Pair,00357,487,Cx22-Pair:000488,included,,largest_matched_cytoplasm_instance,1,0,544,12130,0.0457763671875,0.0448474855729596,2,crowded,155,0.5057373046875,True,middle,high,scale_normalized_known_localisation,largest matched target instance,Crop centre and scale only; never model input or prediction guidance.,1,0,0.6195682935688335,0.7693611121808449,0.4697754749568221,11586,14381,544,1772,0.04695321940272743,0.12321813503928795,0.07626491563656052,0.0,0.622163699147976,0.622163699147976,True,0.7959736048989735,0.4021846062601827,0.3937889986387908,0.14976299190548914,0.6546062206148763,0.5048432287093871,False
Cx22-Pair.zip,Pair,00357,488,Cx22-Pair:000489,included,,largest_matched_cytoplasm_instance,0,0,516,11200,0.04229736328125,0.04607142857142857,1,not_crowded,149,0.5057373046875,True,low,high,scale_normalized_known_localisation,largest matched target instance,Crop centre and scale only; never model input or prediction guidance.,0,0,0.7477630879891559,0.8819708846584546,0.6135552913198573,10684,11641,516,1166,0.04829651815799326,0.10016321621853792,0.05186669806054466,0.0,0.599108780327226,0.599108780327226,True,0.7213752421502015,0.3254258659451817,0.39594937620501985,0.07300425159048812,0.5778474802998752,0.5048432287093871,False
Cx22-Pair.zip,Pair,00360,489,Cx22-Pair:000490,included,,largest_matched_cytoplasm_instance,1,1,258,22442,0.08551025390625,0.01149630157739952,1,not_crowded,211,0.5057373046875,True,high,low,scale_normalized_known_localisation,largest matched target instance,Crop centre and scale only; never model input or prediction guidance.,1,1,0.4553604967519819,0.8207881075979235,0.08993288590604027,22184,28672,258,1232,0.011630003606202668,0.04296875,0.03133874639379733,0.0,0.5419143141086881,0.5419143141086881,True,0.8211693887453773,0.714584319060362,0.10658506968501524,0.46216270470566845,0.9670059334150556,0.5048432287093871,True
Cx22-Pair.zip,Pair,00361,490,Cx22-Pair:000491,included,,largest_matched_cytoplasm_instance,0,0,346,17597,0.066650390625,0.01966244246178326,2,crowded,187,0.5057373046875,True,middle,middle,scale_normalized_known_localisation,largest matched target instance,Crop centre and scale only; never model input or prediction guidance.,0,0,0.4410187177753777,0.7732348111658457,0.10880262438490979,17251,19289,346,3312,0.02005680830096806,0.17170408004562185,0.15164727174465378,0.0,0.6706496441543099,0.6706496441543099,True,0.7703333477054108,0.1960786745959427,0.5742546731094682,0.0,0.44850028895063626,0.44850028895063626,False
Cx22-Pair.zip,Pair,00361,491,Cx22-Pair:000492,included,,largest_matched_cytoplasm_instance,1,1,422,9630,0.03662109375,0.043821391484942886,2,crowded,138,0.5057373046875,True,low,high,scale_normalized_known_localisation,largest matched target instance,Crop centre and scale only; never model input or prediction guidance.,1,1,0.628513204582547,0.8070546737213404,0.4499717354437535,9208,10637,422,1347,0.04582971329278888,0.12663344928081227,0.0808037359880234,0.0,0.6255790133895003,0.6255790133895003,True,0.7172361559434636,0.38278899615849926,0.3344471597849643,0.1303673818038057,0.6352106105131928,0.5048432287093871,False
Cx22-Pair.zip,Pair,00362,492,Cx22-Pair:000493,included,,largest_matched_cytoplasm_instance,1,1,752,20986,0.0794677734375,0.03583341275135805,2,crowded,204,0.5057373046875,True,high,high,scale_normalized_known_localisation,largest matched target instance,Crop centre and scale only; never model input or prediction guidance.,1,1,0.5455399381470997,0.7499946049763698,0.34108527131782945,20234,26105,752,3634,0.03716516753978452,0.13920704845814977,0.10204188091836525,0.0,0.6381526125668379,0.6381526125668379,True,0.8189413327194232,0.31815232867197135,0.5007890040474519,0.06573071431727778,0.570573943026665,0.5048432287093871,False
Cx22-Pair.zip,Pair,00363,493,Cx22-Pair:000494,included,,largest_matched_cytoplasm_instance,0,0,418,11464,0.04388427734375,0.03646196789951151,1,not_crowded,151,0.5057373046875,True,low,high,scale_normalized_known_localisation,largest matched target instance,Crop centre and scale only; never model input or prediction guidance.,0,0,0.17077500049971017,0.25624387855044073,0.08530612244897959,11046,5290,418,9382,0.03784175267065001,1.7735349716446125,1.7356932189739624,1.2745894075359243,2.2724805357533007,0.9978911282173764,False,0.805368524314735,0.5164541667120492,0.2889143576026858,0.2640325523573557,0.7688757810667428,0.5048432287093871,False
Cx22-Pair.zip,Pair,00363,494,Cx22-Pair:000495,included,,largest_matched_cytoplasm_instance,0,1,305,26018,0.09912109375,0.011722653547544008,1,not_crowded,227,0.5057373046875,True,high,low,scale_normalized_known_localisation,largest matched target instance,Crop centre and scale only; never model input or prediction guidance.,0,1,0.4034251211654515,0.7196990708639578,0.08715117146694523,25713,31975,305,6396,0.011861704196320927,0.2000312744331509,0.18816957023682998,0.0,0.698976838541839,0.698976838541839,True,0.8392850769928414,0.4431942264861716,0.39609085050666976,0.19077261213147806,0.6956158408408653,0.5048432287093871,False
Cx22-Pair.zip,Pair,00363,495,Cx22-Pair:000496,included,,largest_matched_cytoplasm_instance,1,1,444,33006,0.12579345703125,0.013452099618251227,2,crowded,256,0.5057373046875,True,high,low,scale_normalized_known_localisation,largest matched target instance,Crop centre and scale only; never model input or prediction guidance.,1,1,0.3524822323044242,0.7049644646088484,0.0,32562,43700,444,6044,0.013635526073337019,0.1383066361556064,0.12467111008226939,0.0,0.6372522002642944,0.6372522002642944,True,0.8376625415109379,0.41950000554974304,0.41816253596119485,0.16707839119504947,0.6719216199044367,0.5048432287093871,False
Cx22-Pair.zip,Pair,00363,496,Cx22-Pair:000497,included,,largest_matched_cytoplasm_instance,1,1,203,19095,0.0726318359375,0.010631055250065462,2,crowded,195,0.5057373046875,True,high,low,scale_normalized_known_localisation,largest matched target instance,Crop centre and scale only; never model input or prediction guidance.,1,1,0.4305119239903017,0.7518368799735591,0.10918696800704432,18892,20441,203,3204,0.010745289011221681,0.15674379922704368,0.145998510215822,0.0,0.6556893633357317,0.6556893633357317,True,0.8600237460608849,0.5522451496733232,0.3077785963875618,0.2998235353186296,0.8046667640280167,0.5048432287093871,False
Cx22-Pair.zip,Pair,00363,497,Cx22-Pair:000498,included,,largest_matched_cytoplasm_instance,1,1,593,20602,0.07843017578125,0.02878361324143287,2,crowded,202,0.5057373046875,True,high,middle,scale_normalized_known_localisation,largest matched target instance,Crop centre and scale only; never model input or prediction guidance.,1,1,0.8065005456658221,0.8025861198100819,0.8104149715215623,20009,29486,593,636,0.029636663501424357,0.021569558434511294,0.008067105066913063,0.0,0.5205151225431993,0.5205151225431993,True,0.8231377892296908,0.7349169855824295,0.08822080364726137,0.4824953712277359,0.987338599937123,0.5048432287093871,True
Cx22-Pair.zip,Pair,00364,498,Cx22-Pair:000499,included,,largest_matched_cytoplasm_instance,0,0,540,22254,0.08526611328125,0.02426530062011324,2,crowded,214,0.5057373046875,True,high,middle,scale_normalized_known_localisation,largest matched target instance,Crop centre and scale only; never model input or prediction guidance.,0,0,0.35707854537659384,0.6079728414168393,0.10618424933634844,21714,18347,540,9631,0.02486874827300359,0.5249359568321796,0.5000672085591761,0.025990392723491573,1.0238815209408676,0.997891128217376,False,0.8051626915116019,0.4009831629838004,0.40417952852780153,0.1485615486291068,0.6534047773384939,0.5048432287093871,False
Cx22-Pair.zip,Pair,00364,499,Cx22-Pair:000500,included,,largest_matched_cytoplasm_instance,0,0,412,16560,0.0631103515625,0.024879227053140097,2,crowded,181,0.5057373046875,True,middle,middle,scale_normalized_known_localisation,largest matched target instance,Crop centre and scale only; never model input or prediction guidance.,0,0,0.641377983165597,0.8187036787494947,0.46405228758169936,16148,20957,412,1118,0.0255139955412435,0.05334733024764995,0.02783333470640645,0.0,0.552292894356338,0.552292894356338,True,0.8376212777811464,0.4453078921887193,0.39231338559242707,0.19288627783402573,0.6977295065434128,0.5048432287093871,False
Cx22-Pair.zip,Pair,00365,500,Cx22-Pair:000501,included,,largest_matched_cytoplasm_instance,1,1,613,6637,0.02520751953125,0.0923610064788308,1,not_crowded,115,0.5057373046875,True,low,high,scale_normalized_known_localisation,largest matched target instance,Crop centre and scale only; never model input or prediction guidance.,1,1,0.7956376139084848,0.8405097654777166,0.7507654623392529,6024,7237,613,1020,0.10175962815405047,0.14094237943899407,0.0391827512849436,0.0,0.6398879435476821,0.6398879435476821,True,0.8377529523895691,0.8757842254425126,0.038031273052943404,0.623362611087819,1.0,0.376637388912181,True
Cx22-Pair.zip,Pair,00366,501,Cx22-Pair:000502,included,,largest_matched_cytoplasm_instance,1,1,604,13708,0.05169677734375,0.04406186168660636,2,crowded,165,0.5057373046875,True,middle,high,scale_normalized_known_localisation,largest matched target instance,Crop centre and scale only; never model input or prediction guidance.,1,1,0.8459583603583944,0.8948036493454978,0.7971130713712911,13104,12106,604,643,0.046092796092796096,0.05311415826862713,0.0070213621758310335,0.0,0.5520597223773152,0.5520597223773152,True,0.8170575102042762,0.6730520180109173,0.1440054921933589,0.42063040365622373,0.9254736323656109,0.5048432287093871,True
Cx22-Pair.zip,Pair,00366,502,Cx22-Pair:000503,included,,largest_matched_cytoplasm_instance,0,1,539,18979,0.07208251953125,0.02839981031666579,2,crowded,194,0.5057373046875,True,high,middle,scale_normalized_known_localisation,largest matched target instance,Crop centre and scale only; never model input or prediction guidance.,0,1,0.7719567513788397,0.892977782660039,0.6509357200976403,18440,17973,539,690,0.02922993492407809,0.03839091971290269,0.0091609847888246,0.0,0.5373364838215907,0.5373364838215907,True,0.8225578594435231,0.5520137257351435,0.2705441337083796,0.29959211138044994,0.8044353400898371,0.5048432287093871,False
Cx22-Pair.zip,Pair,00367,503,Cx22-Pair:000504,included,,largest_matched_cytoplasm_instance,1,0,208,27960,0.10638427734375,0.007439198855507869,2,crowded,254,0.5057373046875,True,high,low,scale_normalized_known_localisation,largest matched target instance,Crop centre and scale only; never model input or prediction guidance.,1,0,0.3487220248515089,0.6411898238747554,0.05625422582826234,27752,36123,208,7187,0.007494955318535601,0.19895911192315147,0.19146415660461585,0.0,0.6979046760318395,0.6979046760318395,True,0.7895671164263758,0.35736206083529365,0.43220505559108213,0.10494044648060008,0.6097836751899872,0.5048432287093871,False
Cx22-Pair.zip,Pair,00367,504,Cx22-Pair:000505,included,,largest_matched_cytoplasm_instance,0,0,504,13027,0.049560546875,0.03868887694787748,2,crowded,161,0.5057373046875,True,middle,high,scale_normalized_known_localisation,largest matched target instance,Crop centre and scale only; never model input or prediction guidance.,0,0,0.579236842697594,0.8162683622012716,0.34220532319391633,12523,14843,504,811,0.04024594745667971,0.054638550158323786,0.014392602701644074,0.0,0.5535841142670118,0.5535841142670118,True,0.8566147300456844,0.6492881963660337,0.2073265336796507,0.3968665820113402,0.9017098107207273,0.5048432287093871,True
Cx22-Pair.zip,Pair,00368,505,Cx22-Pair:000506,included,,largest_matched_cytoplasm_instance,0,0,100,19916,0.07562255859375,0.00502108857200241,2,crowded,235,0.5057373046875,True,high,low,scale_normalized_known_localisation,largest matched target instance,Crop centre and scale only; never model input or prediction guidance.,0,0,0.4596078393801286,0.7586161070257819,0.16059957173447537,19816,25332,100,834,0.005046427129592248,0.03292278540975841,0.02787635828016616,0.0,0.5318683495184465,0.5318683495184465,True,0.6098474970079715,0.645215880040611,0.03536838303263956,0.39279426568591747,0.8976374943953046,0.5048432287093871,True
Cx22-Pair.zip,Pair,00368,506,Cx22-Pair:000507,included,,largest_matched_cytoplasm_instance,0,0,196,20328,0.07720947265625,0.009641873278236915,2,crowded,201,0.5057373046875,True,high,low,scale_normalized_known_localisation,largest matched target instance,Crop centre and scale only; never model input or prediction guidance.,0,0,0.8269047688536857,0.9525573015714143,0.7012522361359571,20132,19832,196,363,0.009735744089012517,0.018303751512706738,0.008568007423694221,0.0,0.5172493156213948,0.5172493156213948,True,0.8425290630293065,0.6876927612577086,0.1548363017715979,0.43527114690301505,0.9401143756124022,0.5048432287093871,True
Cx22-Pair.zip,Pair,00368,507,Cx22-Pair:000508,included,,largest_matched_cytoplasm_instance,1,1,200,22951,0.08746337890625,0.008714217245435928,1,not_crowded,214,0.5057373046875,True,high,low,scale_normalized_known_localisation,largest matched target instance,Crop centre and scale only; never model input or prediction guidance.,1,1,0.8255259654744629,0.9076557045338314,0.7433962264150943,22751,22222,200,330,0.008790822381433782,0.014850148501485015,0.006059326120051233,0.0,0.5137957126101731,0.5137957126101731,True,0.8088542782018673,0.6321270147864733,0.17672726341539402,0.3797054004317797,0.8845486291411668,0.5048432287093871,True
Cx22-Pair.zip,Pair,00369,508,Cx22-Pair:000509,included,,largest_matched_cytoplasm_instance,1,1,531,23940,0.0919189453125,0.02218045112781955,2,crowded,218,0.5057373046875,True,high,middle,scale_normalized_known_localisation,largest matched target instance,Crop centre and scale only; never model input or prediction guidance.,1,1,0.6303799152917309,0.8550803173988775,0.4056795131845842,23409,28261,531,1441,0.022683583237216455,0.050988995435405686,0.02830541219818923,0.0,0.5499345595440938,0.5499345595440938,True,0.7645261612903412,0.7650059296309418,0.0004797683406005948,0.5125843152762483,1.0,0.48741568472375174,True
Cx22-Pair.zip,Pair,00370,509,Cx22-Pair:000510,included,,largest_matched_cytoplasm_instance,0,0,204,29789,0.11358642578125,0.006848165430192353,2,crowded,248,0.5057373046875,True,high,low,scale_normalized_known_localisation,largest matched target instance,Crop centre and scale only; never model input or prediction guidance.,0,0,0.8288381045706934,0.8709463513214816,0.7867298578199052,29585,33753,204,218,0.006895386175426736,0.0064586851539122445,0.00043670102151449185,0.0,0.5054042492626003,0.5054042492626003,True,0.7537747225387114,0.7268527650458589,0.026921957492852422,0.47443115069116537,0.9792743794005525,0.5048432287093871,True
Cx22-Pair.zip,Pair,00370,510,Cx22-Pair:000511,included,,largest_matched_cytoplasm_instance,1,1,532,20057,0.076416015625,0.026524405444483222,2,crowded,200,0.5057373046875,True,high,middle,scale_normalized_known_localisation,largest matched target instance,Crop centre and scale only; never model input or prediction guidance.,1,1,0.572949008741053,0.8868071083911969,0.2590909090909091,19525,22960,532,788,0.027247119078104995,0.0343205574912892,0.0070734384131842035,0.0,0.5332661215999772,0.5332661215999772,True,0.7742397583878877,0.5577377157451292,0.21650204264275852,0.30531610139043563,0.8101593300998228,0.5048432287093871,True
Cx22-Pair.zip,Pair,00370,511,Cx22-Pair:000512,included,,largest_matched_cytoplasm_instance,0,0,558,27965,0.10675048828125,0.019953513320221706,2,crowded,236,0.5057373046875,True,high,middle,scale_normalized_known_localisation,largest matched target instance,Crop centre and scale only; never model input or prediction guidance.,0,0,0.8073788780772706,0.9030060931833661,0.7117516629711752,27407,26916,558,344,0.020359762104571823,0.012780502303462624,0.0075792598011091995,0.0,0.5117260664121507,0.5117260664121507,True,0.6925537639783066,0.729244153233143,0.036690389254836364,0.4768225388784494,0.9816657675878365,0.5048432287093871,True
Cx22-Pair.zip,Pair,00372,512,Cx22-Pair:000513,included,,largest_matched_cytoplasm_instance,1,1,297,28291,0.10833740234375,0.010498038245378389,2,crowded,237,0.5057373046875,True,high,low,scale_normalized_known_localisation,largest matched target instance,Crop centre and scale only; never model input or prediction guidance.,1,1,0.7270724702517611,0.813061419058827,0.6410835214446953,27994,39135,297,146,0.010609416303493605,0.0037306758655934586,0.006878740437900146,0.0,0.5026762399742816,0.5026762399742816,True,0.8315645375567612,0.734398702176717,0.0971658353800442,0.4819770878220234,0.9868203165314106,0.5048432287093871,True
Cx22-Pair.zip,Pair,00373,513,Cx22-Pair:000514,included,,largest_matched_cytoplasm_instance,0,0,270,16343,0.06219482421875,0.01652083460808909,1,not_crowded,180,0.5057373046875,True,middle,low,scale_normalized_known_localisation,largest matched target instance,Crop centre and scale only; never model input or prediction guidance.,0,0,0.8844068503908507,0.9417759274218604,0.827037773359841,16073,16113,270,233,0.016798357493933925,0.014460373611369702,0.002337983882564223,0.0,0.5134059377200577,0.5134059377200577,True,0.7249089201368176,0.7748838195815595,0.04997489944474187,0.5224622052268659,1.0,0.47753779477313407,True
Cx22-Pair.zip,Pair,00374,514,Cx22-Pair:000515,included,,largest_matched_cytoplasm_instance,0,0,598,21318,0.0810546875,0.028051411952340746,2,crowded,206,0.5057373046875,True,high,middle,scale_normalized_known_localisation,largest matched target instance,Crop centre and scale only; never model input or prediction guidance.,0,0,0.7238392222862684,0.931325619993746,0.5163528245787908,20720,20853,598,1420,0.02886100386100386,0.06809571764254543,0.03923471378154157,0.0,0.5670412817512335,0.5670412817512335,True,0.8083422321674578,0.4251026525391267,0.3832395796283311,0.17268103818443314,0.6775242668938203,0.5048432287093871,False
Cx22-Pair.zip,Pair,00374,515,Cx22-Pair:000516,included,,largest_matched_cytoplasm_instance,0,1,305,12785,0.04888916015625,0.023856081345326553,2,crowded,166,0.5057373046875,True,middle,middle,scale_normalized_known_localisation,largest matched target instance,Crop centre and scale only; never model input or prediction guidance.,0,1,0.7576144867662212,0.9025763653193459,0.6126526082130965,12480,13448,305,596,0.024439102564102564,0.044318857822724565,0.019879755258622,0.0,0.5432644219314127,0.5432644219314127,True,0.7714163182862809,0.6723984152034882,0.09901790308279268,0.41997680084879463,0.9248200295581818,0.5048432287093871,True
Cx22-Pair.zip,Pair,00374,516,Cx22-Pair:000517,included,,largest_matched_cytoplasm_instance,1,1,194,18930,0.0723876953125,0.010248283148441627,1,not_crowded,194,0.5057373046875,True,high,low,scale_normalized_known_localisation,largest matched target instance,Crop centre and scale only; never model input or prediction guidance.,1,1,0.9088342999658278,0.9364804811197743,0.8811881188118812,18736,18843,194,210,0.010354397950469683,0.011144722177997134,0.0007903242275274502,0.0,0.5100902862866852,0.5100902862866852,True,0.8115897800955953,0.7470996603542372,0.0644901197413581,0.4946780459995437,0.9995212747089308,0.5048432287093871,True
Cx22-Pair.zip,Pair,00374,517,Cx22-Pair:000518,included,,largest_matched_cytoplasm_instance,1,1,220,16046,0.06109619140625,0.013710582076529976,2,crowded,179,0.5057373046875,True,middle,low,scale_normalized_known_localisation,largest matched target instance,Crop centre and scale only; never model input or prediction guidance.,1,1,0.7284960928700019,0.9086050889658104,0.5483870967741935,15826,17108,220,276,0.013901175281182863,0.01613280336684592,0.002231628085663056,0.0,0.515078367475534,0.515078367475534,True,0.8563442064203379,0.7221587238071051,0.13418548261323282,0.46973710945241154,0.9745803381617987,0.5048432287093871,True
Cx22-Pair.zip,Pair,00375,518,Cx22-Pair:000519,included,,largest_matched_cytoplasm_instance,0,1,280,13856,0.05279541015625,0.02020785219399538,2,crowded,166,0.5057373046875,True,middle,middle,scale_normalized_known_localisation,largest matched target instance,Crop centre and scale only; never model input or prediction guidance.,0,1,0.4035440065131571,0.6958970233306516,0.11119098969566259,13576,13770,280,3893,0.020624631703005304,0.28271604938271605,0.2620914176797107,0.0,0.7816616134914041,0.7816616134914041,True,0.8512702828122028,0.2297683164333677,0.6215019663788351,0.0,0.48218993078806127,0.48218993078806127,False
Cx22-Pair.zip,Pair,00375,519,Cx22-Pair:000520,included,,largest_matched_cytoplasm_instance,0,0,417,12409,0.04718017578125,0.033604641792247564,2,crowded,157,0.5057373046875,True,middle,high,scale_normalized_known_localisation,largest matched target instance,Crop centre and scale only; never model input or prediction guidance.,0,0,0.8757303179299696,0.8350803380363425,0.9163802978235968,11992,15579,417,456,0.034773182121414274,0.029270171384556135,0.00550301073685814,0.0,0.5282157354932442,0.5282157354932442,True,0.8388164471223714,0.7489126359805883,0.08990381114178303,0.49649102162589476,1.0,0.5035089783741052,True
Cx22-Pair.zip,Pair,00377,520,Cx22-Pair:000521,included,,largest_matched_cytoplasm_instance,0,0,269,14105,0.05401611328125,0.019071251329315846,2,crowded,168,0.5057373046875,True,middle,middle,scale_normalized_known_localisation,largest matched target instance,Crop centre and scale only; never model input or prediction guidance.,0,0,0.5271292455111304,0.84862001672707,0.20563847429519072,13836,14860,269,937,0.019442035270309337,0.06305518169582773,0.04361314642551839,0.0,0.5620007458045158,0.5620007458045158,True,0.7926236928538349,0.5327222218075388,0.25990147104629613,0.28030060745284524,0.7851438361622324,0.5048432287093871,False
Cx22-Pair.zip,Pair,00377,521,Cx22-Pair:000522,included,,largest_matched_cytoplasm_instance,1,0,629,10429,0.039794921875,0.06031258989356602,1,not_crowded,144,0.5057373046875,True,low,high,scale_normalized_known_localisation,largest matched target instance,Crop centre and scale only; never model input or prediction guidance.,1,0,0.8614481314918677,0.8505727102478116,0.8723235527359239,9800,13161,629,632,0.06418367346938776,0.04802066712255908,0.016163006346828684,0.0,0.5469662312312471,0.5469662312312471,True,0.8202529563705906,0.7824324388763301,0.03782051749426052,0.5300108245216365,1.0,0.4699891754783635,True
Cx22-Pair.zip,Pair,00378,522,Cx22-Pair:000523,included,,largest_matched_cytoplasm_instance,0,0,518,13145,0.0498046875,0.039406618486116395,2,crowded,180,0.5057373046875,True,middle,high,scale_normalized_known_localisation,largest matched target instance,Crop centre and scale only; never model input or prediction guidance.,0,0,0.5054233531006869,0.7568110222591478,0.254035683942226,12627,16260,518,1836,0.0410232042448721,0.11291512915129151,0.07189192490641941,0.0,0.6118606932599796,0.6118606932599796,True,0.7922680082110889,0.3604760222753944,0.4317919859356945,0.10805440792070081,0.612897636630088,0.5048432287093871,False
Cx22-Pair.zip,Pair,00378,523,Cx22-Pair:000524,included,,largest_matched_cytoplasm_instance,1,0,524,12552,0.04754638671875,0.04174633524537922,1,not_crowded,158,0.5057373046875,True,middle,high,scale_normalized_known_localisation,largest matched target instance,Crop centre and scale only; never model input or prediction guidance.,1,0,0.4446004115495641,0.6812643151626202,0.20793650793650795,12028,9802,524,4516,0.04356501496508148,0.46072230157110794,0.41715728660602647,0.0,0.959667865679796,0.959667865679796,True,0.7203386732305004,0.4463329896289276,0.2740056836015728,0.19391137527423402,0.6987546039836212,0.5048432287093871,False
Cx22-Pair.zip,Pair,00378,524,Cx22-Pair:000525,included,,largest_matched_cytoplasm_instance,1,1,771,27824,0.10589599609375,0.027709890741805635,2,crowded,235,0.5057373046875,True,high,middle,scale_normalized_known_localisation,largest matched target instance,Crop centre and scale only; never model input or prediction guidance.,1,1,0.8585067533133047,0.8586064269805918,0.8584070796460177,27053,35807,771,585,0.028499611872990056,0.01633758762253191,0.012162024250458148,0.0,0.51528315173122,0.51528315173122,True,0.8376507723068891,0.7254339759339886,0.1122167963729005,0.47301236157929505,0.9778555902886822,0.5048432287093871,True
Cx22-Pair.zip,Pair,00379,525,Cx22-Pair:000526,included,,largest_matched_cytoplasm_instance,0,1,657,7292,0.02764892578125,0.09009873834339002,2,crowded,143,0.5057373046875,True,low,high,scale_normalized_known_localisation,largest matched target instance,Crop centre and scale only; never model input or prediction guidance.,0,1,0.27990575760373354,0.3235655605149104,0.23624595469255663,6635,8824,657,4905,0.09902034664657121,0.5558703535811423,0.4568500069345711,0.056924789472454274,1.0548159176898304,0.9978911282173761,True,0.8020259997476539,0.4247759382152558,0.3772500615323981,0.1723543238605622,0.6771975525699494,0.5048432287093871,False
Cx22-Pair.zip,Pair,00379,526,Cx22-Pair:000527,included,,largest_matched_cytoplasm_instance,1,0,630,14568,0.05560302734375,0.04324546952224053,2,crowded,170,0.5057373046875,True,middle,high,scale_normalized_known_localisation,largest matched target instance,Crop centre and scale only; never model input or prediction guidance.,1,0,0.8053525836593308,0.8395243801272007,0.771180787191461,13938,18609,630,869,0.045200172191132156,0.046697834381213395,0.0014976621900812392,0.0,0.5456433984899015,0.5456433984899015,True,0.8361812814790632,0.7639220579663802,0.07225922351268299,0.5115004436116867,1.0,0.4884995563883133,True
Cx22-Pair.zip,Pair,00380,527,Cx22-Pair:000528,included,,largest_matched_cytoplasm_instance,0,0,248,10178,0.0391845703125,0.02436628021222244,2,crowded,143,0.5057373046875,True,low,middle,scale_normalized_known_localisation,largest matched target instance,Crop centre and scale only; never model input or prediction guidance.,0,0,0.40702456236732665,0.7034873269818444,0.11056179775280899,9930,12322,248,1977,0.024974823766364552,0.16044473299788994,0.13546990923152538,0.0,0.659390297106578,0.659390297106578,True,0.7686232212446483,0.782610002215019,0.01398678097037065,0.5301883878603254,1.0,0.4698116121396746,True
Cx22-Pair.zip,Pair,00380,528,Cx22-Pair:000529,included,,largest_matched_cytoplasm_instance,0,0,295,13739,0.05255126953125,0.021471722832811704,1,not_crowded,165,0.5057373046875,True,middle,middle,scale_normalized_known_localisation,largest matched target instance,Crop centre and scale only; never model input or prediction guidance.,0,0,0.42825268350288015,0.7130790721850432,0.14342629482071714,13444,17338,295,2717,0.021942874144599823,0.1567078094359211,0.13476493529132128,0.0,0.6556533735446092,0.6556533735446092,True,0.7884245168320633,0.6188291763722807,0.16959534045978253,0.3664075620175872,0.8712507907269743,0.5048432287093871,True
Cx22-Pair.zip,Pair,00381,529,Cx22-Pair:000530,included,,largest_matched_cytoplasm_instance,0,0,492,26678,0.10089111328125,0.018442162081115526,2,crowded,230,0.5057373046875,True,high,middle,scale_normalized_known_localisation,largest matched target instance,Crop centre and scale only; never model input or prediction guidance.,0,0,0.40489236999209144,0.7083527590772616,0.10143198090692124,26186,27437,492,7888,0.018788665699228595,0.28749498851915295,0.26870632281992435,0.0,0.7864405526278411,0.7864405526278411,True,0.8143090962434077,0.5984581172610649,0.21585097898234284,0.34603650290637133,0.8508797316157585,0.5048432287093871,True
Cx22-Pair.zip,Pair,00381,530,Cx22-Pair:000531,included,,largest_matched_cytoplasm_instance,1,0,209,16162,0.061279296875,0.012931567875262963,2,crowded,179,0.5057373046875,True,middle,low,scale_normalized_known_localisation,largest matched target instance,Crop centre and scale only; never model input or prediction guidance.,1,0,0.8761291654000243,0.8482179267596444,0.9040404040404041,15953,20830,209,187,0.013100984140913935,0.008977436389822372,0.004123547751091562,0.0,0.5079230004985105,0.5079230004985105,True,0.8135630534888988,0.794485977822784,0.01907707566611483,0.5420643634680904,1.0,0.4579356365319096,True
Cx22-Pair.zip,Pair,00381,531,Cx22-Pair:000532,included,,largest_matched_cytoplasm_instance,0,0,221,25376,0.0968017578125,0.008709016393442622,2,crowded,225,0.5057373046875,True,high,low,scale_normalized_known_localisation,largest matched target instance,Crop centre and scale only; never model input or prediction guidance.,0,0,0.9028463731074843,0.9008301669337847,0.904862579281184,25155,30376,221,252,0.008785529715762274,0.008296023176191731,0.0004895065395705434,0.0,0.5072415872848798,0.5072415872848798,True,0.8400943734395788,0.7581637930484859,0.08193058039109291,0.5057421786937923,1.0,0.49425782130620766,True
Cx22-Pair.zip,Pair,00381,532,Cx22-Pair:000533,included,,largest_matched_cytoplasm_instance,1,0,228,20766,0.079345703125,0.01097948569777521,1,not_crowded,205,0.5057373046875,True,high,low,scale_normalized_known_localisation,largest matched target instance,Crop centre and scale only; never model input or prediction guidance.,1,0,0.8485304952314556,0.8844450349898131,0.8126159554730983,20538,24618,228,311,0.011101373064563248,0.012633032740271347,0.0015316596757080983,0.0,0.5115785968489595,0.5115785968489595,True,0.7472372287274329,0.7859951468983141,0.038757918170881145,0.5335735325436205,1.0,0.4664264674563795,True
Cx22-Pair.zip,Pair,00381,533,Cx22-Pair:000534,included,,largest_matched_cytoplasm_instance,1,0,370,31755,0.12066650390625,0.011651708392379154,2,crowded,265,0.5057373046875,True,high,low,scale_normalized_known_localisation,largest matched target instance,Crop centre and scale only; never model input or prediction guidance.,1,0,0.7723965619594229,0.9089782345828296,0.635814889336016,31385,34775,370,624,0.011789071212362594,0.01794392523364486,0.006154854021282265,0.0,0.5168894893423329,0.5168894893423329,True,0.7667829872872373,0.7620715206353338,0.004711466651903473,0.5096499062806402,1.0,0.4903500937193598,True
Cx22-Pair.zip,Pair,00382,534,Cx22-Pair:000535,included,,largest_matched_cytoplasm_instance,1,1,438,45996,0.17572021484375,0.00952256717975476,1,not_crowded,302,0.5057373046875,True,high,low,scale_normalized_known_localisation,largest matched target instance,Crop centre and scale only; never model input or prediction guidance.,1,1,0.08109314496439893,0.14210191722153445,0.02008437270726339,45558,14216,438,43178,0.009614118266824708,3.037281935846933,3.027667817580108,2.538336371738245,3.536227499955621,0.9978911282173764,False,0.6308732850992639,0.48310798016151785,0.14776530493774603,0.23068636580682428,0.7355295945162115,0.5048432287093871,True
Cx22-Pair.zip,Pair,00383,535,Cx22-Pair:000536,included,,largest_matched_cytoplasm_instance,0,0,506,20840,0.07977294921875,0.024280230326295584,2,crowded,203,0.5057373046875,True,high,middle,scale_normalized_known_localisation,largest matched target instance,Crop centre and scale only; never model input or prediction guidance.,0,0,0.8990147246787503,0.9118354195067543,0.8861940298507462,20334,20011,506,566,0.02488443001868791,0.028284443556044175,0.003400013537356264,0.0,0.5272300076647323,0.5272300076647323,True,0.7579995519143982,0.7185260968265564,0.039473455087841725,0.46610448247186287,0.97094771118125,0.5048432287093871,True
Cx22-Pair.zip,Pair,00384,536,Cx22-Pair:000537,included,,largest_matched_cytoplasm_instance,0,0,369,27057,0.10333251953125,0.013637875595964076,1,not_crowded,232,0.5057373046875,True,high,low,scale_normalized_known_localisation,largest matched target instance,Crop centre and scale only; never model input or prediction guidance.,0,0,0.6915144256462087,0.837046276268216,0.5459825750242013,26688,36649,369,664,0.013826438848920864,0.018117820404376653,0.004291381555455789,0.0,0.5170633845130648,0.5170633845130648,True,0.8480738577073386,0.6919730403428881,0.15610081736445047,0.4395514259881945,0.9443946546975817,0.5048432287093871,True
Cx22-Pair.zip,Pair,00385,537,Cx22-Pair:000538,included,,largest_matched_cytoplasm_instance,0,1,308,13255,0.05029296875,0.023236514522821577,2,crowded,165,0.5057373046875,True,middle,middle,scale_normalized_known_localisation,largest matched target instance,Crop centre and scale only; never model input or prediction guidance.,0,1,0.4931778070828225,0.7696830851470027,0.21667252901864228,12947,13243,308,2535,0.0237892948173322,0.19142188325908027,0.16763258844174808,0.0,0.6903674473677683,0.6903674473677683,True,0.8533168251566169,0.23189684132199495,0.6214199838346219,0.0,0.4843184556766885,0.4843184556766885,False
Cx22-Pair.zip,Pair,00385,538,Cx22-Pair:000539,included,,largest_matched_cytoplasm_instance,1,0,769,10280,0.03936767578125,0.07480544747081712,2,crowded,143,0.5057373046875,True,low,high,scale_normalized_known_localisation,largest matched target instance,Crop centre and scale only; never model input or prediction guidance.,1,0,0.82491193010178,0.86982386020356,0.78,9511,12006,769,631,0.080853748291452,0.05255705480593037,0.028296693485521635,0.0,0.5515026189146184,0.5515026189146184,True,0.7495437997348031,0.7531152041542706,0.003571404419467461,0.500693589799577,1.0,0.499306410200423,True
Cx22-Pair.zip,Pair,00386,539,Cx22-Pair:000540,included,,largest_matched_cytoplasm_instance,0,0,455,14364,0.05474853515625,0.03167641325536062,2,crowded,169,0.5057373046875,True,middle,high,scale_normalized_known_localisation,largest matched target instance,Crop centre and scale only; never model input or prediction guidance.,0,0,0.5633390195766329,0.8229858914673585,0.3036921476859074,13909,14230,455,1468,0.03271263210870659,0.10316233309908644,0.07044970099037985,0.0,0.6021078972077745,0.6021078972077745,True,0.6783191673221136,0.43310714317649257,0.24521202414562104,0.180685528821799,0.6855287575311861,0.5048432287093871,True
Cx22-Pair.zip,Pair,00386,540,Cx22-Pair:000541,included,,largest_matched_cytoplasm_instance,1,0,616,14059,0.05340576171875,0.0438153495981222,2,crowded,171,0.5057373046875,True,middle,high,scale_normalized_known_localisation,largest matched target instance,Crop centre and scale only; never model input or prediction guidance.,1,0,0.5881308558308367,0.8439914884085564,0.33227022325311684,13443,13344,616,2833,0.0458231049616901,0.21230515587529977,0.16648205091360968,0.0,0.7112507199839878,0.7112507199839878,True,0.8536325608732168,0.5539784798359799,0.2996540810372369,0.30155686548128635,0.8064000941906735,0.5048432287093871,False
Cx22-Pair.zip,Pair,00387,541,Cx22-Pair:000542,included,,largest_matched_cytoplasm_instance,1,0,418,14531,0.05548095703125,0.028766086298258896,2,crowded,170,0.5057373046875,True,middle,middle,scale_normalized_known_localisation,largest matched target instance,Crop centre and scale only; never model input or prediction guidance.,1,0,0.7113876903674397,0.8645879451015116,0.5581874356333677,14113,17509,418,553,0.029618082618862042,0.03158375692501,0.001965674306147955,0.0,0.5305293210336981,0.5305293210336981,True,0.8508992874183892,0.4527443556953173,0.39815493172307187,0.20032274134062372,0.7051659700500108,0.5048432287093871,False
Cx22-Pair.zip,Pair,00387,542,Cx22-Pair:000543,included,,largest_matched_cytoplasm_instance,0,1,378,13974,0.05303955078125,0.027050236152855303,1,not_crowded,167,0.5057373046875,True,middle,middle,scale_normalized_known_localisation,largest matched target instance,Crop centre and scale only; never model input or prediction guidance.,0,1,0.4294095453276572,0.6900690906553144,0.16875,13596,15062,378,4102,0.027802294792586054,0.27234099057230116,0.2445386957797151,0.0,0.7712865546809893,0.7712865546809893,True,0.8297387113016435,0.6288981241735198,0.2008405871281237,0.3764765098188262,0.8813197385282133,0.5048432287093871,True
Cx22-Pair.zip,Pair,00388,543,Cx22-Pair:000544,included,,largest_matched_cytoplasm_instance,0,0,239,13040,0.05059814453125,0.018328220858895704,2,crowded,161,0.5057373046875,True,middle,middle,scale_normalized_known_localisation,largest matched target instance,Crop centre and scale only; never model input or prediction guidance.,0,0,0.5762623872710797,0.8060036285667161,0.34652114597544337,12801,17514,239,494,0.018670416373720803,0.02820600662327281,0.009535590249552008,0.0,0.5271515707319608,0.5271515707319608,True,0.8295458875941029,0.7755349869034597,0.05401090069064318,0.5231133725487661,1.0,0.4768866274512339,True
Cx22-Pair.zip,Pair,00388,544,Cx22-Pair:000545,included,,largest_matched_cytoplasm_instance,1,0,482,22563,0.08599853515625,0.021362407481274652,2,crowded,230,0.5057373046875,True,high,middle,scale_normalized_known_localisation,largest matched target instance,Crop centre and scale only; never model input or prediction guidance.,1,0,0.6975042097147315,0.8133435089974294,0.5816649104320337,22081,27711,482,467,0.02182872152529324,0.016852513442315326,0.004976208082977912,0.0,0.5157980775510034,0.5157980775510034,True,0.8085852548615717,0.6293633073371826,0.17922194752438914,0.37694169298248903,0.8817849216918762,0.5048432287093871,True
Cx22-Pair.zip,Pair,00388,545,Cx22-Pair:000546,included,,largest_matched_cytoplasm_instance,0,1,504,22958,0.0872802734375,0.02195313180590644,2,crowded,214,0.5057373046875,True,high,middle,scale_normalized_known_localisation,largest matched target instance,Crop centre and scale only; never model input or prediction guidance.,0,1,0.6756722133869011,0.8202240948235948,0.5311203319502075,22454,31541,504,460,0.022445889373830942,0.01458419200405821,0.007861697369772732,0.0,0.5135297561127463,0.5135297561127463,True,0.7875508756615719,0.6401610127129042,0.14738986294866774,0.3877393983582106,0.8925826270675977,0.5048432287093871,True
Cx22-Pair.zip,Pair,00389,546,Cx22-Pair:000547,included,,largest_matched_cytoplasm_instance,1,1,232,20551,0.07891845703125,0.011288988370395601,1,not_crowded,202,0.5057373046875,True,high,low,scale_normalized_known_localisation,largest matched target instance,Crop centre and scale only; never model input or prediction guidance.,1,1,0.7274869240409647,0.8741657672738486,0.5808080808080808,20319,25082,232,560,0.011417884738422167,0.022326768200303007,0.01090888346188084,0.0,0.5212723323089911,0.5212723323089911,True,0.866078266915408,0.7817109121858536,0.08436735472955437,0.5292892978311601,1.0,0.4707107021688399,True
Cx22-Pair.zip,Pair,00389,547,Cx22-Pair:000548,included,,largest_matched_cytoplasm_instance,0,0,456,19073,0.07244873046875,0.023908142400251665,2,crowded,195,0.5057373046875,True,high,middle,scale_normalized_known_localisation,largest matched target instance,Crop centre and scale only; never model input or prediction guidance.,0,0,0.8866361928846984,0.8895048506992567,0.8837675350701403,18617,21068,456,542,0.024493742278562602,0.025726219859502564,0.001232477580939962,0.0,0.5246717839681906,0.5246717839681906,True,0.8218697045061556,0.6213785745343181,0.2004911299718375,0.36895696017962454,0.8738001888890117,0.5048432287093871,True
Cx22-Pair.zip,Pair,00391,548,Cx22-Pair:000549,included,,largest_matched_cytoplasm_instance,1,1,275,12871,0.0491943359375,0.021365861238443012,2,crowded,160,0.5057373046875,True,middle,middle,scale_normalized_known_localisation,largest matched target instance,Crop centre and scale only; never model input or prediction guidance.,1,1,0.5712796005011955,0.8277663015941069,0.31479289940828403,12596,13061,275,570,0.021832327723086693,0.04364137508613429,0.021809047363047597,0.0,0.5425869391948224,0.5425869391948224,True,0.8266783752289854,0.8000764698255506,0.026601905403434767,0.547654855470857,1.0,0.452345144529143,True
Cx22-Pair.zip,Pair,00392,549,Cx22-Pair:000550,included,,largest_matched_cytoplasm_instance,1,0,495,19060,0.07281494140625,0.025970619097586568,2,crowded,195,0.5057373046875,True,high,middle,scale_normalized_known_localisation,largest matched target instance,Crop centre and scale only; never model input or prediction guidance.,1,0,0.7623054248039833,0.8487677663319859,0.6758430832759807,18565,19780,495,958,0.026663075680043093,0.04843276036400405,0.021769684683960955,0.0,0.5473783244726921,0.5473783244726921,True,0.8066435039597697,0.7693443778996979,0.0372991260600718,0.5169227635450043,1.0,0.4830772364549957,True
Cx22-Pair.zip,Pair,00392,550,Cx22-Pair:000551,included,,largest_matched_cytoplasm_instance,0,0,490,10885,0.04168701171875,0.04501607717041801,2,crowded,147,0.5057373046875,True,low,high,scale_normalized_known_localisation,largest matched target instance,Crop centre and scale only; never model input or prediction guidance.,0,0,0.8236225719283332,0.9016378100140384,0.745607333842628,10395,10975,490,819,0.04713804713804714,0.07462414578587699,0.027486098647829853,0.0,0.573569709894565,0.573569709894565,True,0.8519232066306596,0.8337484814664815,0.018174725164178063,0.5813268671117879,1.0,0.41867313288821206,True
Cx22-Pair.zip,Pair,00393,551,Cx22-Pair:000552,included,,largest_matched_cytoplasm_instance,1,1,643,55587,0.21185302734375,0.011567452821702916,2,crowded,332,0.5057373046875,True,high,low,scale_normalized_known_localisation,largest matched target instance,Crop centre and scale only; never model input or prediction guidance.,1,1,0.5114512807547529,0.8768853695324283,0.14601719197707735,54944,51136,643,8082,0.011702824694234129,0.1580491239048811,0.14634629921064696,0.0,0.6569946880135692,0.6569946880135692,True,0.7971475757269036,0.41016739476538505,0.3869801809615186,0.15774578041069148,0.6625890091200786,0.5048432287093871,False
Cx22-Pair.zip,Pair,00394,552,Cx22-Pair:000553,included,,largest_matched_cytoplasm_instance,1,0,659,18940,0.0721435546875,0.034794086589229146,2,crowded,194,0.5057373046875,True,high,high,scale_normalized_known_localisation,largest matched target instance,Crop centre and scale only; never model input or prediction guidance.,1,0,0.4579302761864176,0.7179785553985537,0.19788199697428138,18281,17812,659,5951,0.036048356216837156,0.33410060633280936,0.2980522501159722,0.0,0.8330461704414974,0.8330461704414974,True,0.8147271882361153,0.21444610923091936,0.600281079005196,0.0,0.4668677235856129,0.4668677235856129,False
Cx22-Pair.zip,Pair,00394,553,Cx22-Pair:000554,included,,largest_matched_cytoplasm_instance,0,1,1117,22946,0.08740234375,0.048679508411052036,2,crowded,214,0.5057373046875,True,high,high,scale_normalized_known_localisation,largest matched target instance,Crop centre and scale only; never model input or prediction guidance.,0,1,0.8840064701282082,0.8951851361489915,0.872827804107425,21829,23489,1117,1415,0.05117046131293234,0.060240963855421686,0.009070502542489346,0.0,0.5591865279641097,0.5591865279641097,True,0.8163212993998114,0.7387774421911898,0.07754385720862156,0.4863558278364962,0.9911990565458834,0.5048432287093871,True
Cx22-Pair.zip,Pair,00395,554,Cx22-Pair:000555,included,,largest_matched_cytoplasm_instance,1,0,209,26165,0.10009765625,0.00798776992165106,1,not_crowded,228,0.5057373046875,True,high,low,scale_normalized_known_localisation,largest matched target instance,Crop centre and scale only; never model input or prediction guidance.,1,0,0.9031861108805561,0.9215795950330015,0.8847926267281107,25956,27678,209,225,0.008052088149175528,0.008129200086711467,7.711193753593901e-05,0.0,0.5070747641953995,0.5070747641953995,True,0.7844950232303944,0.6961715759597729,0.08832344727062158,0.4437499616050793,0.9485931903144664,0.5048432287093871,True
Cx22-Pair.zip,Pair,00396,555,Cx22-Pair:000556,included,,largest_matched_cytoplasm_instance,0,0,1197,59236,0.2257080078125,0.020207306367749343,1,not_crowded,343,0.5057373046875,True,high,middle,scale_normalized_known_localisation,largest matched target instance,Crop centre and scale only; never model input or prediction guidance.,0,0,0.8945278543410795,0.9699462467155541,0.8191094619666048,58039,58419,1197,959,0.020624063129964336,0.016415892089902257,0.004208171040062079,0.0,0.5153614561985903,0.5153614561985903,True,0.7769413043052312,0.6195017373894686,0.15743956691576266,0.367080123034775,0.8719233517441621,0.5048432287093871,True
Cx22-Pair.zip,Pair,00397,556,Cx22-Pair:000557,included,,largest_matched_cytoplasm_instance,1,1,470,10803,0.041259765625,0.04350643339813015,2,crowded,147,0.5057373046875,True,low,high,scale_normalized_known_localisation,largest matched target instance,Crop centre and scale only; never model input or prediction guidance.,1,1,0.7301143891935089,0.8320918962577403,0.6281368821292775,10333,11953,470,845,0.04548533823671731,0.07069354973646783,0.025208211499750513,0.0,0.5696391138451559,0.5696391138451559,True,0.7277452770439828,0.7491207517276679,0.02137547468368506,0.49669913737297433,1.0,0.5033008626270257,True
Cx22-Pair.zip,Pair,00397,557,Cx22-Pair:000558,included,,largest_matched_cytoplasm_instance,0,0,795,10281,0.03955078125,0.07732710825795155,2,crowded,143,0.5057373046875,True,low,high,scale_normalized_known_localisation,largest matched target instance,Crop centre and scale only; never model input or prediction guidance.,0,0,0.8422619133167136,0.8245348947020493,0.8599889319313779,9486,11692,795,1012,0.08380771663504111,0.08655490933971946,0.002747192704678353,0.0,0.5855004734484075,0.5855004734484075,True,0.8191854589872395,0.8859795496407226,0.06679409065348307,0.633557935286029,1.0,0.366442064713971,True
Cx22-Pair.zip,Pair,00398,558,Cx22-Pair:000559,included,,largest_matched_cytoplasm_instance,1,1,453,18772,0.07171630859375,0.02413168548902621,2,crowded,193,0.5057373046875,True,high,middle,scale_normalized_known_localisation,largest matched target instance,Crop centre and scale only; never model input or prediction guidance.,1,1,0.8171823383358194,0.866900561839103,0.7674641148325358,18319,22440,453,592,0.02472842404061357,0.026381461675579324,0.0016530376349657531,0.0,0.5253270257842674,0.5253270257842674,True,0.8290525589786424,0.698121627188848,0.13093093178979442,0.4457000128341544,0.9505432415435415,0.5048432287093871,True
Cx22-Pair.zip,Pair,00399,559,Cx22-Pair:000560,included,,largest_matched_cytoplasm_instance,0,1,355,22559,0.08648681640625,0.01573651314331309,2,crowded,212,0.5057373046875,True,high,low,scale_normalized_known_localisation,largest matched target instance,Crop centre and scale only; never model input or prediction guidance.,0,1,0.8770406916624311,0.8551176527549142,0.8989637305699482,22204,29431,355,417,0.01598811025040533,0.014168733648194081,0.0018193766022112506,0.0,0.5131142977568821,0.5131142977568821,True,0.7237960072140893,0.6957501598865689,0.028045847327520468,0.4433285455318753,0.9481717742412624,0.5048432287093871,True
Cx22-Pair.zip,Pair,00401,560,Cx22-Pair:000561,included,,largest_matched_cytoplasm_instance,1,1,563,10846,0.0411376953125,0.051908537709754746,2,crowded,147,0.5057373046875,True,low,high,scale_normalized_known_localisation,largest matched target instance,Crop centre and scale only; never model input or prediction guidance.,1,1,0.577660338656502,0.8276053215077606,0.32771535580524347,10283,11365,563,1573,0.054750559175337936,0.13840739111306644,0.08365683193772849,0.0,0.6373529552217545,0.6373529552217545,True,0.8302856927971455,0.4085258771405208,0.4217598156566247,0.15610426278582723,0.6609474914952144,0.5048432287093871,False
Cx22-Pair.zip,Pair,00402,561,Cx22-Pair:000562,included,,largest_matched_cytoplasm_instance,1,1,612,21836,0.08319091796875,0.028027111192526103,1,not_crowded,208,0.5057373046875,True,high,middle,scale_normalized_known_localisation,largest matched target instance,Crop centre and scale only; never model input or prediction guidance.,1,1,0.3067593592183566,0.5227511989706398,0.09076751946607342,21224,12972,612,12873,0.028835280814172633,0.992368177613321,0.9635328967991483,0.4934226135046329,1.491313741722009,0.9978911282173761,False,0.8362896241520585,0.14201438577080477,0.6942752383812538,0.0,0.39443600012549834,0.39443600012549834,False
Cx22-Pair.zip,Pair,00403,562,Cx22-Pair:000563,included,,largest_matched_cytoplasm_instance,1,0,483,20557,0.07879638671875,0.023495646251885,1,not_crowded,202,0.5057373046875,True,high,middle,scale_normalized_known_localisation,largest matched target instance,Crop centre and scale only; never model input or prediction guidance.,1,0,0.6217739246498837,0.8741260409955377,0.3694218083042297,20074,21833,483,2094,0.024060974394739466,0.09590986121925525,0.07184888682451579,0.0,0.5948554253279433,0.5948554253279433,True,0.8610374539104549,0.6188622360458611,0.24217521786459384,0.36644062169116753,0.8712838504005547,0.5048432287093871,True
Cx22-Pair.zip,Pair,00404,563,Cx22-Pair:000564,included,,largest_matched_cytoplasm_instance,0,0,413,11593,0.04449462890625,0.035624946088156646,2,crowded,152,0.5057373046875,True,middle,high,scale_normalized_known_localisation,largest matched target instance,Crop centre and scale only; never model input or prediction guidance.,0,0,0.3688826386488412,0.593912961031573,0.14385231626610936,11180,9914,413,5329,0.036940966010733454,0.5375226951785355,0.500581729167802,0.03857713106984739,1.0364682592872234,0.997891128217376,False,0.7948682827982456,0.31947806956992086,0.47539021322832475,0.0670564552152273,0.5718996839246144,0.5048432287093871,False
Cx22-Pair.zip,Pair,00405,564,Cx22-Pair:000565,included,,largest_matched_cytoplasm_instance,0,1,295,13804,0.052734375,0.0213706172124022,2,crowded,166,0.5057373046875,True,middle,middle,scale_normalized_known_localisation,largest matched target instance,Crop centre and scale only; never model input or prediction guidance.,0,1,0.6383275261324042,0.8571428571428571,0.4195121951219512,13509,16346,295,935,0.02183729365608113,0.05720053835800808,0.03536324470192695,0.0,0.5561461024666962,0.5561461024666962,True,0.7687387954337898,0.657071315224967,0.11166748020882278,0.4046497008702734,0.9094929295796605,0.5048432287093871,True
Cx22-Pair.zip,Pair,00406,565,Cx22-Pair:000566,included,,largest_matched_cytoplasm_instance,1,1,255,10479,0.0401611328125,0.024334383051817923,2,crowded,147,0.5057373046875,True,low,middle,scale_normalized_known_localisation,largest matched target instance,Crop centre and scale only; never model input or prediction guidance.,1,1,0.7478023958840578,0.8722626167018027,0.623342175066313,10224,13019,255,499,0.02494131455399061,0.03832859666641063,0.013387282112420018,0.0,0.5372741607750987,0.5372741607750987,True,0.7671526659335266,0.8196131054922968,0.05246043955877022,0.5671914911376033,1.0,0.43280850886239675,True
Cx22-Pair.zip,Pair,00406,566,Cx22-Pair:000567,included,,largest_matched_cytoplasm_instance,0,0,343,13404,0.05047607421875,0.025589376305580423,1,not_crowded,163,0.5057373046875,True,middle,middle,scale_normalized_known_localisation,largest matched target instance,Crop centre and scale only; never model input or prediction guidance.,0,0,0.4599780948717718,0.778302807825985,0.14165338191755864,13061,12546,343,4048,0.026261388867621163,0.3226526382910888,0.2963912494234677,0.0,0.8215982023997769,0.8215982023997769,True,0.8057888384787327,0.22686368393816048,0.5789251545405723,0.0,0.47928529829285405,0.47928529829285405,False
Cx22-Pair.zip,Pair,00406,567,Cx22-Pair:000568,included,,largest_matched_cytoplasm_instance,0,1,596,12843,0.04974365234375,0.04640660281865608,2,crowded,160,0.5057373046875,True,middle,high,scale_normalized_known_localisation,largest matched target instance,Crop centre and scale only; never model input or prediction guidance.,0,1,0.7983758713288955,0.7432485579444154,0.8535031847133758,12247,18265,596,503,0.04866497917857435,0.027539009033670955,0.021125970144903392,0.0,0.526484573142359,0.526484573142359,True,0.8199786168437141,0.8048948199754735,0.015083796868240573,0.55247320562078,1.0,0.44752679437922005,True
Cx22-Pair.zip,Pair,00406,568,Cx22-Pair:000569,included,,largest_matched_cytoplasm_instance,1,1,245,13906,0.0526123046875,0.01761829426146987,2,crowded,182,0.5057373046875,True,middle,low,scale_normalized_known_localisation,largest matched target instance,Crop centre and scale only; never model input or prediction guidance.,1,1,0.46365980937101436,0.7284245911177193,0.19889502762430938,13661,17277,245,2108,0.01793426542712832,0.12201192336632517,0.10407765793919685,0.0,0.6209574874750132,0.6209574874750132,True,0.8101235334688937,0.5461883231156089,0.2639352103532847,0.2937667087609154,0.7986099374703025,0.5048432287093871,False
Cx22-Pair.zip,Pair,00407,569,Cx22-Pair:000570,included,,largest_matched_cytoplasm_instance,0,0,520,14169,0.0537109375,0.03669983767379491,2,crowded,198,0.5057373046875,True,middle,high,scale_normalized_known_localisation,largest matched target instance,Crop centre and scale only; never model input or prediction guidance.,0,0,0.6444356733612835,0.7908702045181125,0.49800114220445457,13649,16275,520,1231,0.03809802915964539,0.07563748079877113,0.03753945163912573,0.0,0.5745830449074592,0.5745830449074592,True,0.6524545537253891,0.20128828712483768,0.45116626660055137,0.0,0.4537099014795313,0.4537099014795313,False
Cx22-Pair.zip,Pair,00407,570,Cx22-Pair:000571,included,,largest_matched_cytoplasm_instance,0,1,396,13282,0.05078125,0.029814786929679263,2,crowded,164,0.5057373046875,True,middle,high,scale_normalized_known_localisation,largest matched target instance,Crop centre and scale only; never model input or prediction guidance.,0,1,0.8704406667421616,0.8384732219507364,0.9024081115335868,12886,17400,396,393,0.03073102591960267,0.022586206896551723,0.008144819023050948,0.0,0.5215317710052398,0.5215317710052398,True,0.7848614628934913,0.7901456105916518,0.005284147698160435,0.5377239962369582,1.0,0.4622760037630418,True
Cx22-Pair.zip,Pair,00408,571,Cx22-Pair:000572,included,,largest_matched_cytoplasm_instance,1,1,568,14895,0.0567626953125,0.038133601879825445,1,not_crowded,174,0.5057373046875,True,middle,high,scale_normalized_known_localisation,largest matched target instance,Crop centre and scale only; never model input or prediction guidance.,1,1,0.48359677569124787,0.6712671387675154,0.2959264126149803,14327,18858,568,3237,0.03964542472255182,0.1716512885777919,0.1320058638552401,0.0,0.67059685268648,0.67059685268648,True,0.8186605216981306,0.6519774029870727,0.1666831187110579,0.39955578863237917,0.9043990173417663,0.5048432287093871,True
Cx22-Pair.zip,Pair,00409,572,Cx22-Pair:000573,included,,largest_matched_cytoplasm_instance,1,1,843,11719,0.04498291015625,0.07193446539807151,2,crowded,153,0.5057373046875,True,middle,high,scale_normalized_known_localisation,largest matched target instance,Crop centre and scale only; never model input or prediction guidance.,1,1,0.8209286636122911,0.8422705503650781,0.7995867768595041,10876,14598,843,1093,0.0775101140125046,0.07487327031100151,0.0026368437015030916,0.0,0.5738188344196896,0.5738188344196896,True,0.8295568960164299,0.6668139606687626,0.16274293534766726,0.41439234631406907,0.9192355750234562,0.5048432287093871,True
Cx22-Pair.zip,Pair,00410,573,Cx22-Pair:000574,included,,largest_matched_cytoplasm_instance,1,1,329,17313,0.06671142578125,0.019003061283428636,2,crowded,186,0.5057373046875,True,middle,middle,scale_normalized_known_localisation,largest matched target instance,Crop centre and scale only; never model input or prediction guidance.,1,1,0.7296517375602691,0.8447201417872049,0.6145833333333334,16984,17998,329,631,0.019371172868582195,0.03505945105011668,0.015688278181534485,0.0,0.5340050151588047,0.5340050151588047,True,0.7380265826679884,0.7337357758969385,0.004290806771049871,0.48131416154224493,0.9861573902516321,0.5048432287093871,True
Cx22-Pair.zip,Pair,00410,574,Cx22-Pair:000575,included,,largest_matched_cytoplasm_instance,1,0,285,11298,0.04296875,0.025225703664365374,1,not_crowded,150,0.5057373046875,True,low,middle,scale_normalized_known_localisation,largest matched target instance,Crop centre and scale only; never model input or prediction guidance.,1,0,0.7554569938221833,0.8875659700232215,0.6233480176211453,11013,12672,285,623,0.02587850721874149,0.049163510101010104,0.023285002882268615,0.0,0.5481090742096981,0.5481090742096981,True,0.7546317996034427,0.7671098141421553,0.012478014538712556,0.5146881997874617,1.0,0.4853118002125383,True
Cx22-Pair.zip,Pair,00411,575,Cx22-Pair:000576,included,,largest_matched_cytoplasm_instance,0,0,506,18541,0.070556640625,0.0272908688851734,2,crowded,199,0.5057373046875,True,high,middle,scale_normalized_known_localisation,largest matched target instance,Crop centre and scale only; never model input or prediction guidance.,0,0,0.5859851873677053,0.810154143058614,0.36181623167679655,18035,22382,506,2291,0.028056556695314667,0.10235903851309087,0.07430248181777621,0.0,0.601304602621779,0.601304602621779,True,0.8268487995013762,0.517096328019908,0.30975247148146823,0.26467471366521444,0.7695179423746016,0.5048432287093871,False
Cx22-Pair.zip,Pair,00411,576,Cx22-Pair:000577,included,,largest_matched_cytoplasm_instance,0,0,219,29524,0.11309814453125,0.007417694079393036,2,crowded,242,0.5057373046875,True,high,low,scale_normalized_known_localisation,largest matched target instance,Crop centre and scale only; never model input or prediction guidance.,0,0,0.558704120564939,0.8821843605328631,0.23522388059701493,29305,34201,219,1456,0.007473127452653131,0.0425718546241338,0.035098727171480666,0.0,0.5415174187328219,0.5415174187328219,True,0.7390061849661559,0.6163632999322493,0.12264288503390663,0.3639416855775557,0.8687849142869428,0.5048432287093871,True
Cx22-Pair.zip,Pair,00412,577,Cx22-Pair:000578,included,,largest_matched_cytoplasm_instance,1,1,352,14597,0.0556640625,0.024114544084400905,2,crowded,170,0.5057373046875,True,middle,middle,scale_normalized_known_localisation,largest matched target instance,Crop centre and scale only; never model input or prediction guidance.,1,1,0.8366075221154836,0.8220951496328118,0.8511198945981555,14245,20206,352,407,0.02471042471042471,0.020142531921211522,0.004567892789213188,0.0,0.5190880960298996,0.5190880960298996,True,0.7332101045930214,0.7213576704980547,0.011852434094966724,0.4689360561433611,0.9737792848527482,0.5048432287093871,True
Cx22-Pair.zip,Pair,00412,578,Cx22-Pair:000579,included,,largest_matched_cytoplasm_instance,1,1,315,9410,0.0357666015625,0.0334750265674814,2,crowded,137,0.5057373046875,True,low,high,scale_normalized_known_localisation,largest matched target instance,Crop centre and scale only; never model input or prediction guidance.,1,1,0.6270093903195992,0.8199643493761141,0.43405443126308446,9095,11101,315,1118,0.034634414513468936,0.10071164759931538,0.06607723308584644,0.0,0.5996572117080035,0.5996572117080035,True,0.7653971707745038,0.7996421770028197,0.034245006228315944,0.5472205626481261,1.0,0.45277943735187387,True
Cx22-Pair.zip,Pair,00412,579,Cx22-Pair:000580,included,,largest_matched_cytoplasm_instance,0,1,510,22265,0.0865478515625,0.022905906130698407,2,crowded,210,0.5057373046875,True,high,middle,scale_normalized_known_localisation,largest matched target instance,Crop centre and scale only; never model input or prediction guidance.,0,1,0.7482255219656262,0.8764510439312523,0.62,21755,27003,510,1090,0.02344288669271432,0.04036588527200682,0.016922998579292498,0.0,0.5393114493806949,0.5393114493806949,True,0.7940703072209246,0.6641323422858421,0.12993796493508258,0.4117107279311485,0.9165539566405356,0.5048432287093871,True
Cx22-Pair.zip,Pair,00413,580,Cx22-Pair:000581,included,,largest_matched_cytoplasm_instance,1,1,691,34514,0.13214111328125,0.02002086109984354,1,not_crowded,268,0.5057373046875,True,high,middle,scale_normalized_known_localisation,largest matched target instance,Crop centre and scale only; never model input or prediction guidance.,1,1,0.48382870683993506,0.7371455367979698,0.2305118768819003,33823,38681,691,5287,0.020429884989504182,0.13668209198314418,0.11625220699364,0.0,0.6356276560918322,0.6356276560918322,True,0.8114861515818445,0.33697126147834516,0.4745148901034993,0.0845496471236516,0.5893928758330387,0.5048432287093871,False
Cx22-Pair.zip,Pair,00413,581,Cx22-Pair:000582,included,,largest_matched_cytoplasm_instance,1,1,517,19496,0.0743408203125,0.02651826015592942,2,crowded,232,0.5057373046875,True,high,middle,scale_normalized_known_localisation,largest matched target instance,Crop centre and scale only; never model input or prediction guidance.,1,1,0.22366626783623056,0.365308102862688,0.08202443280977312,18979,22241,517,12089,0.027240634385373306,0.5435457038802212,0.5163050694948479,0.0446001397715331,1.0424912679889093,0.9978911282173762,False,0.7466753514048736,0.4624309568564898,0.2842443945483838,0.21000934250179626,0.7148525712111834,0.5048432287093871,False
Cx22-Pair.zip,Pair,00413,582,Cx22-Pair:000583,included,,largest_matched_cytoplasm_instance,0,0,393,26408,0.10028076171875,0.014881853983641322,2,crowded,229,0.5057373046875,True,high,low,scale_normalized_known_localisation,largest matched target instance,Crop centre and scale only; never model input or prediction guidance.,0,0,0.7412255957092968,0.8542139316023863,0.6282372598162071,26015,33490,393,804,0.015106669229290794,0.02400716631830397,0.008900497089013176,0.0,0.5229527304269921,0.5229527304269921,True,0.7783660601192501,0.7665100225004544,0.011856037618795723,0.5140884081457608,1.0,0.48591159185423916,True
Cx22-Pair.zip,Pair,00413,583,Cx22-Pair:000584,included,,largest_matched_cytoplasm_instance,0,0,708,20540,0.078369140625,0.034469328140214216,2,crowded,202,0.5057373046875,True,high,high,scale_normalized_known_localisation,largest matched target instance,Crop centre and scale only; never model input or prediction guidance.,0,0,0.7797354793319414,0.8701814570732148,0.689289501590668,19832,24476,708,1178,0.035699878983461074,0.04812877921228959,0.012428900228828518,0.0,0.5470743433209777,0.5470743433209777,True,0.7212466487388894,0.64044091382685,0.08080573491203946,0.3880192994721564,0.8928625281815435,0.5048432287093871,True
Cx22-Pair.zip,Pair,00413,584,Cx22-Pair:000585,included,,largest_matched_cytoplasm_instance,1,0,218,21755,0.08282470703125,0.010020684900022983,1,not_crowded,208,0.5057373046875,True,high,low,scale_normalized_known_localisation,largest matched target instance,Crop centre and scale only; never model input or prediction guidance.,1,0,0.2793056186933545,0.5232969236451902,0.03531431374151884,21537,16365,218,12015,0.010122115429261272,0.7341888175985335,0.7240667021692723,0.23524325348984543,1.2331343817072216,0.9978911282173761,False,0.8686558598971226,0.3823221265837086,0.48633373331341395,0.12990051222901505,0.6347437409384022,0.5048432287093871,False
Cx22-Pair.zip,Pair,00413,585,Cx22-Pair:000586,included,,largest_matched_cytoplasm_instance,1,1,627,33729,0.1285400390625,0.018589344481010406,2,crowded,259,0.5057373046875,True,high,middle,scale_normalized_known_localisation,largest matched target instance,Crop centre and scale only; never model input or prediction guidance.,1,1,0.4114556727771679,0.7073183292990678,0.11559301625526791,33102,44566,627,6017,0.018941453688598876,0.13501323879190413,0.11607178510330526,0.0,0.6339588029005923,0.6339588029005923,True,0.817118528040346,0.35511548535785087,0.46200304268249515,0.1026938710031573,0.6075370997125444,0.5048432287093871,False
Cx22-Pair.zip,Pair,00413,586,Cx22-Pair:000587,included,,largest_matched_cytoplasm_instance,1,1,676,22918,0.08734130859375,0.02949646566017977,1,not_crowded,213,0.5057373046875,True,high,high,scale_normalized_known_localisation,largest matched target instance,Crop centre and scale only; never model input or prediction guidance.,1,1,0.73046088100096,0.8275268143740703,0.6333949476278496,22242,28850,676,947,0.03039295027425591,0.03282495667244367,0.002432006398187761,0.0,0.5317705207811317,0.5317705207811317,True,0.8097167706519106,0.6757083222151625,0.13400844843674808,0.42328670786046896,0.9281299365698561,0.5048432287093871,True
Cx22-Pair.zip,Pair,00414,587,Cx22-Pair:000588,included,,largest_matched_cytoplasm_instance,0,1,684,10928,0.0416259765625,0.06259150805270863,2,crowded,147,0.5057373046875,True,low,high,scale_normalized_known_localisation,largest matched target instance,Crop centre and scale only; never model input or prediction guidance.,0,1,0.523569057973956,0.7686850772738789,0.27845303867403315,10244,13438,684,1126,0.06677079265911753,0.08379223098675398,0.017021438327636446,0.0,0.582737795095442,0.582737795095442,True,0.8516193183839873,0.7240218084650673,0.12759750991892005,0.4716001941103737,0.9764434228197608,0.5048432287093871,True
Cx22-Pair.zip,Pair,00414,588,Cx22-Pair:000589,included,,largest_matched_cytoplasm_instance,0,0,689,11824,0.04473876953125,0.05827131258457375,2,crowded,153,0.5057373046875,True,middle,high,scale_normalized_known_localisation,largest matched target instance,Crop centre and scale only; never model input or prediction guidance.,0,0,0.8888316782942203,0.8632173537833915,0.9144460028050491,11135,14358,689,737,0.06187696452626852,0.05133026883967126,0.01054669568659726,0.0,0.5502758329483594,0.5502758329483594,True,0.8297498079443413,0.8412358530909765,0.011486045146635204,0.5888142387362829,1.0,0.4111857612637171,True
Cx22-Pair.zip,Pair,00414,589,Cx22-Pair:000590,included,,largest_matched_cytoplasm_instance,0,1,237,5134,0.0194091796875,0.04616283599532528,2,crowded,101,0.5057373046875,True,low,high,scale_normalized_known_localisation,largest matched target instance,Crop centre and scale only; never model input or prediction guidance.,0,1,0.49893858911262656,0.7444637429439861,0.2534134352812671,4897,4315,237,1594,0.04839697774147437,0.3694090382387022,0.3210120604972278,0.0,0.8683546023473903,0.8683546023473903,True,0.7302792172717804,0.3367298629089725,0.39354935436280786,0.08430824855427893,0.5891514772636661,0.5048432287093871,False
Cx22-Pair.zip,Pair,00414,590,Cx22-Pair:000591,included,,largest_matched_cytoplasm_instance,1,1,494,5481,0.020751953125,0.09012953840540047,1,not_crowded,105,0.5057373046875,True,low,high,scale_normalized_known_localisation,largest matched target instance,Crop centre and scale only; never model input or prediction guidance.,1,1,0.8099441711666721,0.8178999413391436,0.8019884009942005,4987,6946,494,713,0.0990575496290355,0.10264900662251655,0.003591456993481054,0.0,0.6015945707312046,0.6015945707312046,True,0.8256268486886047,0.8404123447749051,0.01478549608630042,0.5879907304202115,1.0,0.41200926957978845,True
Cx22-Pair.zip,Pair,00414,591,Cx22-Pair:000592,included,,largest_matched_cytoplasm_instance,0,1,361,7568,0.02874755859375,0.047700845665961944,2,crowded,123,0.5057373046875,True,low,high,scale_normalized_known_localisation,largest matched target instance,Crop centre and scale only; never model input or prediction guidance.,0,1,0.8816791779125419,0.9045687304648533,0.8587896253602305,7207,7830,361,333,0.05009019009296517,0.04252873563218391,0.0075614544607812625,0.0,0.541474299740872,0.541474299740872,True,0.7988243891602717,0.7945131958639291,0.0043111932963425526,0.5420915815092355,1.0,0.45790841849076447,True
Cx22-Pair.zip,Pair,00415,592,Cx22-Pair:000593,included,,largest_matched_cytoplasm_instance,0,1,563,22014,0.08404541015625,0.025574634323612247,2,crowded,209,0.5057373046875,True,high,middle,scale_normalized_known_localisation,largest matched target instance,Crop centre and scale only; never model input or prediction guidance.,0,1,0.4059729720306135,0.702934955050238,0.10901098901098902,21451,23933,563,6262,0.02624586266374528,0.2616470981489993,0.235401235485254,0.0,0.7605926622576873,0.7605926622576873,True,0.8108933483719909,0.5625643786089386,0.2483289697630523,0.31014276425424503,0.8149859929636322,0.5048432287093871,True
Cx22-Pair.zip,Pair,00415,593,Cx22-Pair:000594,included,,largest_matched_cytoplasm_instance,0,0,375,20523,0.07745361328125,0.018272182429469375,1,not_crowded,202,0.5057373046875,True,high,middle,scale_normalized_known_localisation,largest matched target instance,Crop centre and scale only; never model input or prediction guidance.,0,0,0.8219535491349734,0.8755455163490428,0.768361581920904,20148,25451,375,333,0.018612269207861822,0.013083965266590704,0.005528303941271118,0.0,0.5120295293752788,0.5120295293752788,True,0.6999931899923825,0.6092237317053827,0.09076945828699978,0.3568021173506891,0.8616453460600763,0.5048432287093871,True
Cx22-Pair.zip,Pair,00415,594,Cx22-Pair:000595,included,,largest_matched_cytoplasm_instance,0,1,771,13325,0.0506591796875,0.057861163227016885,2,crowded,163,0.5057373046875,True,middle,high,scale_normalized_known_localisation,largest matched target instance,Crop centre and scale only; never model input or prediction guidance.,0,1,0.5980282954510618,0.795227698066126,0.40082889283599765,12554,13094,771,2607,0.061414688545483515,0.19909882388880404,0.13768413534332052,0.0,0.6980443879974921,0.6980443879974921,True,0.7867774125108647,0.41940562467421594,0.3673717878366488,0.16698401031952237,0.6718272390289095,0.5048432287093871,False
Cx22-Pair.zip,Pair,00416,595,Cx22-Pair:000596,included,,largest_matched_cytoplasm_instance,0,1,335,12784,0.048583984375,0.026204630788485606,1,not_crowded,159,0.5057373046875,True,middle,middle,scale_normalized_known_localisation,largest matched target instance,Crop centre and scale only; never model input or prediction guidance.,0,1,0.8222047605370092,0.8664923316135416,0.7779171894604768,12449,15849,335,462,0.026909791951160736,0.02915010410751467,0.0022403121563539345,0.0,0.5280956682162027,0.5280956682162027,True,0.7850944220812051,0.8271347325864334,0.042040310505228384,0.5747131182317399,1.0,0.4252868817682601,True
Cx22-Pair.zip,Pair,00416,596,Cx22-Pair:000597,included,,largest_matched_cytoplasm_instance,0,0,253,16037,0.061279296875,0.015776017958471035,2,crowded,179,0.5057373046875,True,middle,low,scale_normalized_known_localisation,largest matched target instance,Crop centre and scale only; never model input or prediction guidance.,0,0,0.42486569455103607,0.8497313891020721,0.0,15784,16791,253,728,0.01602889001520527,0.04335656006193794,0.02732767004673267,0.0,0.5423021241706261,0.5423021241706261,True,0.7986407434179597,0.7933067196477377,0.005334023770221963,0.5408851052930441,1.0,0.4591148947069559,True
Cx22-Pair.zip,Pair,00418,597,Cx22-Pair:000598,included,,largest_matched_cytoplasm_instance,1,0,607,21515,0.08221435546875,0.028212874738554498,2,crowded,207,0.5057373046875,True,high,middle,scale_normalized_known_localisation,largest matched target instance,Crop centre and scale only; never model input or prediction guidance.,1,0,0.5460313630966992,0.7802209589188029,0.31184176727459545,20908,25707,607,3286,0.029031949493017028,0.1278251060022562,0.09879315650923916,0.0,0.6267706701109442,0.6267706701109442,True,0.8399214776065753,0.24960318537474885,0.5903182922318264,0.0,0.5020247997294425,0.5020247997294425,False
Cx22-Pair.zip,Pair,00418,598,Cx22-Pair:000599,included,,largest_matched_cytoplasm_instance,0,0,466,16982,0.06488037109375,0.027440819691437992,2,crowded,190,0.5057373046875,True,middle,middle,scale_normalized_known_localisation,largest matched target instance,Crop centre and scale only; never model input or prediction guidance.,0,0,0.38003341498597243,0.6243650244972797,0.13570180547466512,16516,16753,466,6402,0.028215064180188907,0.3821405121470781,0.3539254479668892,0.0,0.8810860762557662,0.8810860762557662,True,0.7450720255690011,0.353365592544461,0.3917064330245401,0.10094397818976741,0.6057872068991546,0.5048432287093871,False
Cx22-Pair.zip,Pair,00418,599,Cx22-Pair:000600,included,,largest_matched_cytoplasm_instance,1,0,627,16493,0.0628662109375,0.038016128054326075,1,not_crowded,181,0.5057373046875,True,middle,high,scale_normalized_known_localisation,largest matched target instance,Crop centre and scale only; never model input or prediction guidance.,1,0,0.7291744281081634,0.8633633210186412,0.5949855351976856,15866,19593,627,1447,0.03951846716248582,0.0738529066503343,0.03433443948784848,0.0,0.5727984707590223,0.5727984707590223,True,0.8430981328743056,0.7458298804568106,0.09726825241749493,0.4934082661021171,0.9982514948115042,0.5048432287093871,True
Cx22-Pair.zip,Pair,00419,600,Cx22-Pair:000601,included,,largest_matched_cytoplasm_instance,0,0,685,15593,0.05950927734375,0.043929968575642915,2,crowded,176,0.5057373046875,True,middle,high,scale_normalized_known_localisation,largest matched target instance,Crop centre and scale only; never model input or prediction guidance.,0,0,0.8414900938401373,0.7657926876802744,0.9171875,14908,23575,685,595,0.04594848403541722,0.02523860021208908,0.020709883823328144,0.0,0.5241841643207772,0.5241841643207772,True,0.7653971707745036,0.7789022710053443,0.013505100230840617,0.5264806566506507,1.0,0.4735193433493493,True
Cx22-Pair.zip,Pair,00419,601,Cx22-Pair:000602,included,,largest_matched_cytoplasm_instance,0,0,491,5781,0.02197265625,0.08493340252551462,2,crowded,107,0.5057373046875,True,low,high,scale_normalized_known_localisation,largest matched target instance,Crop centre and scale only; never model input or prediction guidance.,0,0,0.9160935954955176,0.8917110005148446,0.9404761904761905,5290,6364,491,517,0.09281663516068053,0.0812382149591452,0.011578420201535336,0.0,0.5801837790678332,0.5801837790678332,True,0.8079016540127791,0.8672247014477056,0.059323047434926446,0.614803087093012,1.0,0.385196912906988,True
Cx22-Pair.zip,Pair,00419,602,Cx22-Pair:000603,included,,largest_matched_cytoplasm_instance,1,1,425,9637,0.0364990234375,0.0441008612638788,2,crowded,139,0.5057373046875,True,low,high,scale_normalized_known_localisation,largest matched target instance,Crop centre and scale only; never model input or prediction guidance.,1,1,0.8695054325923361,0.8341930038450718,0.9048178613396005,9212,12114,425,426,0.046135475466782455,0.03516592372461615,0.010969551742166309,0.0,0.5341114878333042,0.5341114878333042,True,0.7376133609503116,0.7705790599411123,0.03296569899080071,0.5181574455864187,1.0,0.48184255441358126,True
Cx22-Pair.zip,Pair,00420,603,Cx22-Pair:000604,included,,largest_matched_cytoplasm_instance,1,1,949,10151,0.03875732421875,0.09348832627327357,2,crowded,142,0.5057373046875,True,low,high,scale_normalized_known_localisation,largest matched target instance,Crop centre and scale only; never model input or prediction guidance.,1,1,0.6808082972767375,0.7261093481766634,0.6355072463768116,9202,10021,949,1811,0.10312975440121713,0.18072048697734758,0.07759073257613044,0.0,0.6796660510860356,0.6796660510860356,True,0.8306439223371189,0.7035803928704842,0.12706352946663468,0.45115877851579067,0.9560020072251778,0.5048432287093871,True
Cx22-Pair.zip,Pair,00421,604,Cx22-Pair:000605,included,,largest_matched_cytoplasm_instance,1,0,294,18182,0.06915283203125,0.016169838301616984,2,crowded,190,0.5057373046875,True,high,low,scale_normalized_known_localisation,largest matched target instance,Crop centre and scale only; never model input or prediction guidance.,1,0,0.4162926540876314,0.7172006927906474,0.11538461538461539,17888,19064,294,4750,0.016435599284436494,0.24916072177926982,0.23272512249483332,0.0,0.7481062858879579,0.7481062858879579,True,0.8270132973582661,0.31792764815551705,0.5090856492027491,0.06550603380082348,0.5703492625102107,0.5048432287093871,False
Cx22-Pair.zip,Pair,00421,605,Cx22-Pair:000606,included,,largest_matched_cytoplasm_instance,1,0,625,15345,0.05859375,0.04072987943955686,2,crowded,200,0.5057373046875,True,middle,high,scale_normalized_known_localisation,largest matched target instance,Crop centre and scale only; never model input or prediction guidance.,1,0,0.5670277121185034,0.6956127725358494,0.4384426517011575,14720,22798,625,2226,0.042459239130434784,0.09764014387226949,0.05518090474183471,0.0,0.5965857079809576,0.5965857079809576,True,0.8287457932713789,0.5712864561848381,0.2574593370865408,0.3188648418301445,0.8237080705395317,0.5048432287093871,False
Cx22-Pair.zip,Pair,00422,606,Cx22-Pair:000607,included,,largest_matched_cytoplasm_instance,1,1,450,15607,0.05938720703125,0.028833215864676107,2,crowded,176,0.5057373046875,True,middle,middle,scale_normalized_known_localisation,largest matched target instance,Crop centre and scale only; never model input or prediction guidance.,1,1,0.8675395883503684,0.791234684260132,0.9438444924406048,15157,23039,450,476,0.029689252490598405,0.02066061895047528,0.009028633540123124,0.0,0.5196061830591634,0.5196061830591634,True,0.8101426694834757,0.7597820575267538,0.050360611956721923,0.5073604431720602,1.0,0.4926395568279398,True
Cx22-Pair.zip,Pair,00422,607,Cx22-Pair:000608,included,,largest_matched_cytoplasm_instance,1,1,580,18171,0.0693359375,0.031918991800121074,2,crowded,190,0.5057373046875,True,high,high,scale_normalized_known_localisation,largest matched target instance,Crop centre and scale only; never model input or prediction guidance.,1,1,0.5263643617423999,0.7983524770855087,0.25437624639929096,17591,16885,580,3933,0.032971405832528,0.23292863488303228,0.19995722905050428,0.0,0.7318741989917203,0.7318741989917203,True,0.8491028688328736,0.21920247914425495,0.6299003896886186,0.0,0.4716240934989485,0.4716240934989485,False
Cx22-Pair.zip,Pair,00423,608,Cx22-Pair:000609,included,,largest_matched_cytoplasm_instance,0,0,259,10173,0.0389404296875,0.025459549788656246,1,not_crowded,142,0.5057373046875,True,low,middle,scale_normalized_known_localisation,largest matched target instance,Crop centre and scale only; never model input or prediction guidance.,0,0,0.8751220668888304,0.9263238679969301,0.8239202657807309,9914,10934,259,343,0.02612467218075449,0.03137003841229193,0.005245366231537443,0.0,0.53031560252098,0.53031560252098,True,0.7369002552614657,0.8057888384787327,0.06888858321726699,0.5533672241240392,1.0,0.44663277587596084,True
Cx22-Pair.zip,Pair,00424,609,Cx22-Pair:000610,included,,largest_matched_cytoplasm_instance,1,0,182,24458,0.09326171875,0.007441327990841442,1,not_crowded,220,0.5057373046875,True,high,low,scale_normalized_known_localisation,largest matched target instance,Crop centre and scale only; never model input or prediction guidance.,1,0,0.12190732094736585,0.22598723470499715,0.017827407189734547,24276,14266,182,20236,0.007497116493656286,1.418477498948549,1.4109803824548925,0.9195319348398608,1.917423063057237,0.9978911282173762,False,0.7896984775035412,0.4605005544132014,0.32919792309033974,0.20807894005850786,0.712922168767895,0.5048432287093871,False
Cx22-Pair.zip,Pair,00424,610,Cx22-Pair:000611,included,,largest_matched_cytoplasm_instance,1,0,141,21595,0.08221435546875,0.006529289187311878,1,not_crowded,207,0.5057373046875,True,high,low,scale_normalized_known_localisation,largest matched target instance,Crop centre and scale only; never model input or prediction guidance.,1,0,0.4160226582715003,0.7832056906337522,0.048839625909248355,21454,18893,141,5633,0.006572200988160716,0.29815275498862015,0.29158055400045946,0.0,0.7970983190973082,0.7970983190973082,True,0.7686503798510518,0.3848592407183575,0.3837911391326943,0.1324376263636639,0.6372808550730511,0.5048432287093871,False
Cx22-Pair.zip,Pair,00424,611,Cx22-Pair:000612,included,,largest_matched_cytoplasm_instance,1,1,227,21389,0.08154296875,0.010612931880873346,2,crowded,207,0.5057373046875,True,high,low,scale_normalized_known_localisation,largest matched target instance,Crop centre and scale only; never model input or prediction guidance.,1,1,0.4440524193548387,0.8881048387096774,0.0,21162,24470,227,689,0.010726774406955865,0.028156926849203106,0.017430152442247243,0.0,0.5271024909578912,0.5271024909578912,True,0.7651340171770296,0.620506781992004,0.14462723518502552,0.3680851676373105,0.8729283963466976,0.5048432287093871,True
Cx22-Pair.zip,Pair,00425,612,Cx22-Pair:000613,included,,largest_matched_cytoplasm_instance,1,1,400,18803,0.071533203125,0.021273201084933257,1,not_crowded,193,0.5057373046875,True,high,middle,scale_normalized_known_localisation,largest matched target instance,Crop centre and scale only; never model input or prediction guidance.,1,1,0.8694684573885791,0.9034201753302877,0.8355167394468704,18403,22092,400,287,0.021735586589143076,0.012991128010139416,0.00874445857900366,0.0,0.5119366921188275,0.5119366921188275,True,0.8479431393433572,0.8144564038858577,0.03348673545749947,0.5620347895311641,1.0,0.43796521046883585,True
Cx22-Pair.zip,Pair,00425,613,Cx22-Pair:000614,included,,largest_matched_cytoplasm_instance,1,0,780,19145,0.07232666015625,0.040741708017759205,2,crowded,195,0.5057373046875,True,high,high,scale_normalized_known_localisation,largest matched target instance,Crop centre and scale only; never model input or prediction guidance.,1,0,0.8625092878860764,0.8707928242123116,0.8542257515598412,18365,23498,780,983,0.04247209365641165,0.04183334751893778,0.0006387461374738682,0.0,0.5407789116276258,0.5407789116276258,True,0.8446856197820878,0.7238177608526296,0.12086785892945817,0.47139614649793604,0.9762393752073232,0.5048432287093871,True
Cx22-Pair.zip,Pair,00426,614,Cx22-Pair:000615,included,,largest_matched_cytoplasm_instance,0,0,257,24845,0.0950927734375,0.01034413362849668,1,not_crowded,222,0.5057373046875,True,high,low,scale_normalized_known_localisation,largest matched target instance,Crop centre and scale only; never model input or prediction guidance.,0,0,0.8586946613925084,0.960912638847193,0.7564766839378239,24588,25377,257,322,0.010452253131608915,0.012688655081372896,0.0022364019497639817,0.0,0.5116342191900609,0.5116342191900609,True,0.7952976084485857,0.7014141620373041,0.09388344641128155,0.44899254768261054,0.9538357763919977,0.5048432287093871,True
Cx22-Pair.zip,Pair,00426,615,Cx22-Pair:000616,included,,largest_matched_cytoplasm_instance,0,0,263,18528,0.0709228515625,0.014194732297063903,2,crowded,196,0.5057373046875,True,high,low,scale_normalized_known_localisation,largest matched target instance,Crop centre and scale only; never model input or prediction guidance.,0,0,0.7766759802936026,0.8671450640354811,0.6862068965517242,18265,21869,263,317,0.014399124007664932,0.01449540445379304,9.628044612810735e-05,0.0,0.5134409685624811,0.5134409685624811,True,0.8209105315055875,0.6838400643911448,0.1370704671144427,0.4314184500364512,0.9362616787458383,0.5048432287093871,True
Cx22-Pair.zip,Pair,00426,616,Cx22-Pair:000617,included,,largest_matched_cytoplasm_instance,1,0,412,14573,0.05560302734375,0.02827146092088108,2,crowded,170,0.5057373046875,True,middle,middle,scale_normalized_known_localisation,largest matched target instance,Crop centre and scale only; never model input or prediction guidance.,1,0,0.40105755379366054,0.7357581069237511,0.06635700066357,14161,13223,412,4109,0.029093990537391427,0.3107464266807835,0.2816524361433921,0.0,0.8096919907894715,0.8096919907894715,True,0.8236593074678165,0.6895168454929985,0.13414246197481794,0.43709523113830495,0.9419384598476921,0.5048432287093871,True
Cx22-Pair.zip,Pair,00426,617,Cx22-Pair:000618,included,,largest_matched_cytoplasm_instance,0,0,374,18191,0.06939697265625,0.020559617393216427,1,not_crowded,191,0.5057373046875,True,high,middle,scale_normalized_known_localisation,largest matched target instance,Crop centre and scale only; never model input or prediction guidance.,0,0,0.8249995832385668,0.9531350549788759,0.6968641114982579,17817,17924,374,200,0.02099118819105349,0.01115822361080116,0.00983296458025233,0.0,0.5101037877194893,0.5101037877194893,True,0.7837763161756466,0.7236003211500447,0.06017599502560189,0.4711787067953511,0.9760219355047383,0.5048432287093871,True
Cx22-Pair.zip,Pair,00428,618,Cx22-Pair:000619,included,,largest_matched_cytoplasm_instance,1,0,669,16695,0.06378173828125,0.04007187780772686,2,crowded,182,0.5057373046875,True,middle,high,scale_normalized_known_localisation,largest matched target instance,Crop centre and scale only; never model input or prediction guidance.,1,0,0.8073357080714063,0.9416377082776441,0.6730337078651686,16026,17643,669,1111,0.041744664919505806,0.06297115003117383,0.021226485111668025,0.0,0.5619167141398619,0.5619167141398619,True,0.8462489916477778,0.7070561915941517,0.1391928000536261,0.4546345772394581,0.9594778059488452,0.5048432287093871,True
Cx22-Pair.zip,Pair,00428,619,Cx22-Pair:000620,included,,largest_matched_cytoplasm_instance,0,0,477,17570,0.06695556640625,0.027148548662492885,2,crowded,197,0.5057373046875,True,middle,middle,scale_normalized_known_localisation,largest matched target instance,Crop centre and scale only; never model input or prediction guidance.,0,0,0.4545932033773916,0.7757140397057738,0.1334723670490094,17093,23556,477,482,0.027906160416544784,0.020461878077772118,0.007444282338772666,0.0,0.5194074421864602,0.5194074421864602,True,0.8412667599303364,0.7036671947814396,0.13759956514889682,0.451245580426746,0.9560888091361331,0.5048432287093871,True
Cx22-Pair.zip,Pair,00431,620,Cx22-Pair:000621,included,,largest_matched_cytoplasm_instance,0,1,408,25053,0.0958251953125,0.01628547479343791,1,not_crowded,223,0.5057373046875,True,high,low,scale_normalized_known_localisation,largest matched target instance,Crop centre and scale only; never model input or prediction guidance.,0,1,0.758123371248199,0.901889480392892,0.6143572621035058,24645,28703,408,790,0.01655508216676811,0.027523255408842283,0.010968173242074174,0.0,0.5264688195175303,0.5264688195175303,True,0.8014420041251197,0.6948349145995645,0.1066070895255552,0.4424133002448709,0.947256528954258,0.5048432287093871,True
Cx22-Pair.zip,Pair,00431,621,Cx22-Pair:000622,included,,largest_matched_cytoplasm_instance,0,0,267,12830,0.049072265625,0.020810600155884644,2,crowded,160,0.5057373046875,True,middle,middle,scale_normalized_known_localisation,largest matched target instance,Crop centre and scale only; never model input or prediction guidance.,0,0,0.5318823687833868,0.8090830896266987,0.2546816479400749,12563,16502,267,1068,0.021252885457295232,0.0647194279481275,0.043466542490832275,0.0,0.5636649920568155,0.5636649920568155,True,0.858377396643082,0.5981028135646095,0.2602745830784725,0.3456811992099159,0.850524427919303,0.5048432287093871,False
Cx22-Pair.zip,Pair,00435,622,Cx22-Pair:000623,included,,largest_matched_cytoplasm_instance,1,0,725,17862,0.068115234375,0.0405889598029336,2,crowded,188,0.5057373046875,True,middle,high,scale_normalized_known_localisation,largest matched target instance,Crop centre and scale only; never model input or prediction guidance.,1,0,0.8514379983567755,0.8465850008876715,0.8562909958258795,17137,22292,725,952,0.04230612125809652,0.042705903463125784,0.0003997822050292657,0.0,0.5416514675718138,0.5416514675718138,True,0.8614255030502292,0.7226272562304579,0.13879824681977138,0.4702056418757643,0.9750488705851514,0.5048432287093871,True
Cx22-Pair.zip,Pair,00435,623,Cx22-Pair:000624,included,,largest_matched_cytoplasm_instance,1,0,651,22446,0.08587646484375,0.02900294039026998,1,not_crowded,211,0.5057373046875,True,high,middle,scale_normalized_known_localisation,largest matched target instance,Crop centre and scale only; never model input or prediction guidance.,1,0,0.8488191487825777,0.8493161499141487,0.8483221476510067,21795,28874,651,839,0.029869236063317275,0.029057283369121008,0.0008119526941962676,0.0,0.5280028474778091,0.5280028474778091,True,0.8395878080841618,0.716823443220357,0.12276436486380482,0.4644018288656634,0.9692450575750505,0.5048432287093871,True
Cx22-Pair.zip,Pair,00435,624,Cx22-Pair:000625,included,,largest_matched_cytoplasm_instance,0,0,395,23164,0.08807373046875,0.017052322569504404,1,not_crowded,215,0.5057373046875,True,high,low,scale_normalized_known_localisation,largest matched target instance,Crop centre and scale only; never model input or prediction guidance.,0,0,0.4897898164972735,0.7798829696982881,0.19969666329625885,22769,23202,395,3561,0.017348148798805394,0.1534781484354797,0.1361299996366743,0.0,0.6524237125441678,0.6524237125441678,True,0.5768384267710478,0.2424883672625847,0.3343500595084631,0.0,0.4949099816172783,0.4949099816172783,False
Cx22-Pair.zip,Pair,00436,625,Cx22-Pair:000626,included,,largest_matched_cytoplasm_instance,1,1,234,16780,0.0638427734375,0.013945172824791418,1,not_crowded,193,0.5057373046875,True,middle,low,scale_normalized_known_localisation,largest matched target instance,Crop centre and scale only; never model input or prediction guidance.,1,1,0.8385609025595796,0.8993440273413814,0.7777777777777778,16546,19736,234,306,0.014142390910189774,0.015504661532225374,0.0013622706220356006,0.0,0.5144502256409135,0.5144502256409135,True,0.660307053266974,0.7650850826131276,0.10477802934615355,0.512663468258434,1.0,0.487336531741566,True
Cx22-Pair.zip,Pair,00438,626,Cx22-Pair:000627,included,,largest_matched_cytoplasm_instance,1,1,254,23272,0.0889892578125,0.010914403575111722,2,crowded,215,0.5057373046875,True,high,low,scale_normalized_known_localisation,largest matched target instance,Crop centre and scale only; never model input or prediction guidance.,1,1,0.5210265012979292,0.8160158066015807,0.22603719599427755,23018,28606,254,1843,0.011034842297332523,0.06442704327763406,0.053392200980301535,0.0,0.5633726073863221,0.5633726073863221,True,0.8021667479115457,0.7344628977030033,0.06770385020854242,0.48204128334830976,0.9868845120576969,0.5048432287093871,True
Cx22-Pair.zip,Pair,00438,627,Cx22-Pair:000628,included,,largest_matched_cytoplasm_instance,0,0,494,9803,0.037353515625,0.050392736917270226,2,crowded,181,0.5057373046875,True,low,high,scale_normalized_known_localisation,largest matched target instance,Crop centre and scale only; never model input or prediction guidance.,0,0,0.3792902896201869,0.4609005551367281,0.2976800241036457,9309,19873,494,2825,0.05306692448168439,0.14215266945101393,0.08908574496932954,0.0,0.641098233559702,0.641098233559702,True,0.7560282459933968,0.16817350627588018,0.5878547397175167,0.0,0.42059512063057375,0.42059512063057375,False
Cx22-Pair.zip,Pair,00440,628,Cx22-Pair:000629,included,,largest_matched_cytoplasm_instance,0,0,461,14610,0.0555419921875,0.03155373032169747,2,crowded,170,0.5057373046875,True,middle,high,scale_normalized_known_localisation,largest matched target instance,Crop centre and scale only; never model input or prediction guidance.,0,0,0.5721529917822291,0.7797226502311249,0.3645833333333333,14149,18301,461,1075,0.032581807901618486,0.05873995956505109,0.026158151663432605,0.0,0.5576855236737391,0.5576855236737391,True,0.7897970144780057,0.5753742029923996,0.21442281148560605,0.32295258863770604,0.8277958173470932,0.5048432287093871,True
Cx22-Pair.zip,Pair,00440,629,Cx22-Pair:000630,included,,largest_matched_cytoplasm_instance,0,0,703,24640,0.0938720703125,0.028530844155844157,1,not_crowded,221,0.5057373046875,True,high,middle,scale_normalized_known_localisation,largest matched target instance,Crop centre and scale only; never model input or prediction guidance.,0,0,0.7512284705704491,0.8865539761813293,0.6159029649595688,23937,28123,703,781,0.029368759660776206,0.027770863705863527,0.0015978959549126787,0.0,0.5267164278145516,0.5267164278145516,True,0.816532974324309,0.6828694928576133,0.1336634814666957,0.43044787850291977,0.9352911072123069,0.5048432287093871,True
Cx22-Pair.zip,Pair,00441,630,Cx22-Pair:000631,included,,largest_matched_cytoplasm_instance,1,1,590,5855,0.0223388671875,0.10076857386848848,1,not_crowded,108,0.5057373046875,True,low,high,scale_normalized_known_localisation,largest matched target instance,Crop centre and scale only; never model input or prediction guidance.,1,1,0.5028682663748623,0.6642879630601323,0.3414485696895922,5265,4264,590,2696,0.1120607787274454,0.6322701688555347,0.5202093901280893,0.1333246047468466,1.1312157329642227,0.9978911282173761,False,0.8258832042450401,0.4106900454660166,0.4151931587790235,0.15826843111132305,0.6631116598207102,0.5048432287093871,False
Cx22-Pair.zip,Pair,00444,631,Cx22-Pair:000632,included,,largest_matched_cytoplasm_instance,1,1,967,19526,0.07470703125,0.04952371197377855,1,not_crowded,197,0.5057373046875,True,high,high,scale_normalized_known_localisation,largest matched target instance,Crop centre and scale only; never model input or prediction guidance.,1,1,0.7765020161362947,0.8447973453424982,0.7082066869300911,18559,23631,967,1665,0.05210410043644593,0.07045829630570014,0.018354195869254207,0.0,0.5694038604143882,0.5694038604143882,True,0.8094199922933014,0.7542569752506393,0.05516301704266213,0.5018353608959457,1.0,0.4981646391040543,True
Cx22-Pair.zip,Pair,00444,632,Cx22-Pair:000633,included,,largest_matched_cytoplasm_instance,1,1,520,11083,0.0421142578125,0.04691870432193449,2,crowded,150,0.5057373046875,True,low,high,scale_normalized_known_localisation,largest matched target instance,Crop centre and scale only; never model input or prediction guidance.,1,1,0.5495890862228304,0.7562917855469914,0.3428863868986694,10563,12920,520,1434,0.04922843889046672,0.1109907120743034,0.06176227318383668,0.0,0.6099362761829915,0.6099362761829915,True,0.8071962681466335,0.4289153625026257,0.3782809056440078,0.17649374814793212,0.6813369768573192,0.5048432287093871,False
Cx22-Pair.zip,Pair,00446,633,Cx22-Pair:000634,included,,largest_matched_cytoplasm_instance,1,1,434,18225,0.07000732421875,0.02381344307270233,1,not_crowded,217,0.5057373046875,True,high,middle,scale_normalized_known_localisation,largest matched target instance,Crop centre and scale only; never model input or prediction guidance.,1,1,0.7190799780471986,0.8708396946564886,0.5673202614379085,17791,21509,434,1096,0.02439435669720645,0.050955414012738856,0.026561057315532405,0.0,0.5499009781214269,0.5499009781214269,True,0.7739972819926318,0.6062239626269605,0.1677733193656713,0.353802348272267,0.8586455769816541,0.5048432287093871,True
Cx22-Pair.zip,Pair,00446,634,Cx22-Pair:000635,included,,largest_matched_cytoplasm_instance,1,1,755,16710,0.0645751953125,0.04518252543387193,1,not_crowded,182,0.5057373046875,True,middle,high,scale_normalized_known_localisation,largest matched target instance,Crop centre and scale only; never model input or prediction guidance.,1,1,0.32949465015030355,0.5167645663833047,0.14222473391730245,15955,11454,755,9862,0.04732058915700407,0.8610092544089402,0.8136886652519361,0.3620636903002521,1.3599548185176282,0.9978911282173761,False,0.8492803962608224,0.45874758934066945,0.39053280692015296,0.20632597498597588,0.711169203695363,0.5048432287093871,False
Cx22-Pair.zip,Pair,00446,635,Cx22-Pair:000636,included,,largest_matched_cytoplasm_instance,0,0,705,21058,0.080322265625,0.03347896286446956,2,crowded,205,0.5057373046875,True,high,high,scale_normalized_known_localisation,largest matched target instance,Crop centre and scale only; never model input or prediction guidance.,0,0,0.6001030960841655,0.8424910202892923,0.3577151718790385,20353,20851,705,3164,0.03463862821205719,0.15174332166322957,0.11710469345117239,0.0,0.6506888857719176,0.6506888857719176,True,0.8467835230414605,0.3645462290525021,0.4822372939889584,0.11212461469780854,0.6169678434071957,0.5048432287093871,False
Cx22-Pair.zip,Pair,00448,636,Cx22-Pair:000637,included,,largest_matched_cytoplasm_instance,0,1,351,14835,0.05645751953125,0.02366026289180991,2,crowded,172,0.5057373046875,True,middle,middle,scale_normalized_known_localisation,largest matched target instance,Crop centre and scale only; never model input or prediction guidance.,0,1,0.851876478858872,0.8757646195253243,0.8279883381924198,14484,18212,351,335,0.024233637116818557,0.01839446518778827,0.005839171929030287,0.0,0.5173400292964764,0.5173400292964764,True,0.8011066620795075,0.7935190306711789,0.007587631408328632,0.5410974163164853,1.0,0.45890258368351466,True
Cx22-Pair.zip,Pair,00448,637,Cx22-Pair:000638,included,,largest_matched_cytoplasm_instance,1,1,553,17578,0.0675048828125,0.03145977926954147,2,crowded,187,0.5057373046875,True,middle,high,scale_normalized_known_localisation,largest matched target instance,Crop centre and scale only; never model input or prediction guidance.,1,1,0.6303284677073709,0.8363880571956236,0.4242688782191183,17025,18712,553,1738,0.032481644640234945,0.09288157332193245,0.0603999286816975,0.0,0.5918271374306205,0.5918271374306205,True,0.7735224993971089,0.6541994814619422,0.11932301793516675,0.4017778671072486,0.9066210958166357,0.5048432287093871,True
Cx22-Pair.zip,Pair,00449,638,Cx22-Pair:000639,included,,largest_matched_cytoplasm_instance,1,0,379,20780,0.07916259765625,0.01823869104908566,2,crowded,229,0.5057373046875,True,high,middle,scale_normalized_known_localisation,largest matched target instance,Crop centre and scale only; never model input or prediction guidance.,1,0,0.5624498839182296,0.7391593656426749,0.3857404021937843,20401,33701,379,715,0.01857752070976913,0.021215987656152638,0.002638466946383509,0.0,0.5201615517648407,0.5201615517648407,True,0.6822824887288349,0.4289138134709728,0.2533686752578621,0.17649219911627922,0.6813354278256664,0.5048432287093871,False
Cx22-Pair.zip,Pair,00450,639,Cx22-Pair:000640,included,,largest_matched_cytoplasm_instance,1,0,557,21722,0.082763671875,0.025642206058373997,2,crowded,208,0.5057373046875,True,high,middle,scale_normalized_known_localisation,largest matched target instance,Crop centre and scale only; never model input or prediction guidance.,1,0,0.8916521499327185,0.8876350085268543,0.8956692913385826,21165,26332,557,459,0.026317032837231278,0.017431262342397082,0.008885770494834196,0.0,0.5163768264510852,0.5163768264510852,True,0.8605941748006177,0.7766903312301158,0.08390384357050196,0.5242687168754222,1.0,0.4757312831245778,True
Cx22-Pair.zip,Pair,00450,640,Cx22-Pair:000641,included,,largest_matched_cytoplasm_instance,1,0,379,17656,0.06793212890625,0.02146579066606253,2,crowded,187,0.5057373046875,True,middle,middle,scale_normalized_known_localisation,largest matched target instance,Crop centre and scale only; never model input or prediction guidance.,1,0,0.7914571361096574,0.9174306874810716,0.6654835847382431,17277,19044,379,748,0.02193667882155467,0.039277462717916406,0.017340783896361737,0.0,0.5382230268266045,0.5382230268266045,True,0.6934431505460041,0.6283330136472403,0.06511013689876388,0.3759113992925467,0.8807546280019338,0.5048432287093871,True
Cx22-Pair.zip,Pair,00451,641,Cx22-Pair:000642,included,,largest_matched_cytoplasm_instance,0,1,565,16993,0.06512451171875,0.033248984876125466,2,crowded,184,0.5057373046875,True,middle,high,scale_normalized_known_localisation,largest matched target instance,Crop centre and scale only; never model input or prediction guidance.,0,1,0.8548268251252789,0.8129193166230203,0.8967343336275375,16428,23667,565,568,0.034392500608716826,0.02399966197659188,0.010392838632124948,0.0,0.5229452260852799,0.5229452260852799,True,0.7433080826248449,0.6997083332508132,0.04359974937403177,0.4472867188961196,0.9521299476055067,0.5048432287093871,True
Cx22-Pair.zip,Pair,00451,642,Cx22-Pair:000643,included,,largest_matched_cytoplasm_instance,0,1,455,9087,0.03448486328125,0.05007153075822604,1,not_crowded,135,0.5057373046875,True,low,high,scale_normalized_known_localisation,largest matched target instance,Crop centre and scale only; never model input or prediction guidance.,0,1,0.7093852157607705,0.8488852188274154,0.5698852126941256,8632,9533,455,1026,0.05271084337349398,0.10762614077415295,0.054915297400658966,0.0,0.606571704882841,0.606571704882841,True,0.7786338057928042,0.7721310612775922,0.006502744515211933,0.5197094469228987,1.0,0.48029055307710133,True
Cx22-Pair.zip,Pair,00453,643,Cx22-Pair:000644,included,,largest_matched_cytoplasm_instance,0,1,404,24257,0.09234619140625,0.01665498618955353,1,not_crowded,220,0.5057373046875,True,high,low,scale_normalized_known_localisation,largest matched target instance,Crop centre and scale only; never model input or prediction guidance.,0,1,0.08095402392552375,0.12673632452366318,0.03517172332738432,23853,8687,404,22569,0.016937072904875696,2.59802002992978,2.581082957024904,2.099074465821092,3.096965594038468,0.9978911282173764,False,0.7270546927703264,0.6214480363744604,0.10560665639586597,0.3690264220197669,0.873869650729154,0.5048432287093871,True
Cx22-Pair.zip,Pair,00453,644,Cx22-Pair:000645,included,,largest_matched_cytoplasm_instance,1,1,411,33787,0.12890625,0.012164441945126824,2,crowded,259,0.5057373046875,True,high,low,scale_normalized_known_localisation,largest matched target instance,Crop centre and scale only; never model input or prediction guidance.,1,1,0.8489125877228552,0.8999670763827919,0.7978580990629184,33376,39520,411,336,0.012314237775647172,0.008502024291497975,0.0038122134841491965,0.0,0.507447588400186,0.507447588400186,True,0.7493203181100615,0.7139240039073468,0.03539631420271472,0.4615023895526532,0.9663456182620404,0.5048432287093871,True
Cx22-Pair.zip,Pair,00453,645,Cx22-Pair:000646,included,,largest_matched_cytoplasm_instance,1,0,417,17333,0.06591796875,0.02405815496451855,1,not_crowded,186,0.5057373046875,True,middle,middle,scale_normalized_known_localisation,largest matched target instance,Crop centre and scale only; never model input or prediction guidance.,1,0,0.09055662678409801,0.12972376561453283,0.051389487953663195,16916,8461,417,15812,0.024651217781981555,1.8688098333530316,1.84415861557105,1.3698642692443435,2.36775539746172,0.9978911282173764,False,0.7014852607468147,0.7616597956482593,0.06017453490144453,0.5092381812935657,1.0,0.4907618187064343,True
Cx22-Pair.zip,Pair,00453,646,Cx22-Pair:000647,included,,largest_matched_cytoplasm_instance,1,1,580,21967,0.08331298828125,0.026403241225474574,2,crowded,209,0.5057373046875,True,high,middle,scale_normalized_known_localisation,largest matched target instance,Crop centre and scale only; never model input or prediction guidance.,1,1,0.7899386760052949,0.8459323978821492,0.7339449541284404,21387,28286,580,837,0.02711927806611493,0.02959061019585661,0.002471332129741679,0.0,0.5285361743045447,0.5285361743045447,True,0.7646675083457849,0.7341105730938123,0.03055693525197256,0.48168895873911877,0.9865321874485059,0.5048432287093871,True
Cx22-Pair.zip,Pair,00455,647,Cx22-Pair:000648,included,,largest_matched_cytoplasm_instance,0,0,497,30385,0.1158447265625,0.01635675497778509,2,crowded,246,0.5057373046875,True,high,low,scale_normalized_known_localisation,largest matched target instance,Crop centre and scale only; never model input or prediction guidance.,0,0,0.8762680510568666,0.8458423901461876,0.9066937119675457,29888,40501,497,489,0.01662874732334047,0.012073775956149231,0.004554971367191241,0.0,0.5110193400648373,0.5110193400648373,True,0.7533938352260497,0.672887032264834,0.0805068029612157,0.42046541791014047,0.9253086466195276,0.5048432287093871,True
Cx22-Pair.zip,Pair,00455,648,Cx22-Pair:000649,included,,largest_matched_cytoplasm_instance,1,1,136,26675,0.10150146484375,0.005098406747891284,1,not_crowded,236,0.5057373046875,True,high,low,scale_normalized_known_localisation,largest matched target instance,Crop centre and scale only; never model input or prediction guidance.,1,1,0.45052024998879975,0.8218325791855203,0.07920792079207921,26539,30037,136,3298,0.00512453370511323,0.10979791590371875,0.10467338219860552,0.0,0.6087434800124069,0.6087434800124069,True,0.7894520901761303,0.12941594272521922,0.6600361474509111,0.0,0.3818375570799128,0.3818375570799128,False
Cx22-Pair.zip,Pair,00458,649,Cx22-Pair:000650,included,,largest_matched_cytoplasm_instance,1,1,519,23962,0.0909423828125,0.0216592938819798,1,not_crowded,218,0.5057373046875,True,high,middle,scale_normalized_known_localisation,largest matched target instance,Crop centre and scale only; never model input or prediction guidance.,1,1,0.886808151721642,0.8401562273976566,0.9334600760456274,23443,31861,519,533,0.022138804760482873,0.016728916229873513,0.00540988853060936,0.0,0.5156744803385616,0.5156744803385616,True,0.828784992804843,0.749698675138732,0.07908631766611096,0.49727706078403844,1.0,0.5027229392159616,True
Cx22-Pair.zip,Pair,00458,650,Cx22-Pair:000651,included,,largest_matched_cytoplasm_instance,0,1,181,14770,0.056640625,0.012254570074475288,1,not_crowded,171,0.5057373046875,True,middle,low,scale_normalized_known_localisation,largest matched target instance,Crop centre and scale only; never model input or prediction guidance.,0,1,0.5443464898715883,0.846714370117508,0.24197860962566844,14589,15877,181,1315,0.012406607718143807,0.08282421112300813,0.07041760340486432,0.0,0.5817697752316962,0.5817697752316962,True,0.7263147147670603,0.6393436900592979,0.08697102470776241,0.38692207570460435,0.8917653044139915,0.5048432287093871,True
Cx22-Pair.zip,Pair,00458,651,Cx22-Pair:000652,included,,largest_matched_cytoplasm_instance,1,0,200,15166,0.05780029296875,0.013187392852433075,2,crowded,174,0.5057373046875,True,middle,low,scale_normalized_known_localisation,largest matched target instance,Crop centre and scale only; never model input or prediction guidance.,1,0,0.47427190867754954,0.7910259175937625,0.1575178997613365,14966,17483,200,2314,0.013363624214887078,0.1323571469427444,0.11899352272785732,0.0,0.6313027110514324,0.6313027110514324,True,0.7459896075662129,0.41384950887530936,0.33214009869090355,0.1614278945206158,0.6662711232300029,0.5048432287093871,False
Cx22-Pair.zip,Pair,00460,652,Cx22-Pair:000653,included,,largest_matched_cytoplasm_instance,1,0,290,23444,0.089599609375,0.012369902746971506,2,crowded,216,0.5057373046875,True,high,low,scale_normalized_known_localisation,largest matched target instance,Crop centre and scale only; never model input or prediction guidance.,1,0,0.6930390454433351,0.8661539922149435,0.5199240986717267,23154,29511,290,237,0.01252483372203507,0.00803090373081224,0.00449392999122283,0.0,0.5069764678395003,0.5069764678395003,True,0.7936717634782228,0.7366058647772351,0.05706589870098766,0.48418425042254154,0.9890274791319287,0.5048432287093871,True
Cx22-Pair.zip,Pair,00460,653,Cx22-Pair:000654,included,,largest_matched_cytoplasm_instance,1,1,246,25429,0.09716796875,0.009673994258523732,2,crowded,225,0.5057373046875,True,high,low,scale_normalized_known_localisation,largest matched target instance,Crop centre and scale only; never model input or prediction guidance.,1,1,0.6106916929675885,0.9093369418132612,0.31204644412191584,25183,27286,246,1132,0.009768494619386094,0.04148647658139706,0.03171798196201096,0.0,0.5404320406900851,0.5404320406900851,True,0.8138227243566102,0.441863353546792,0.37195937080981817,0.18944173919209845,0.6942849679014855,0.5048432287093871,False
Cx22-Pair.zip,Pair,00460,654,Cx22-Pair:000655,included,,largest_matched_cytoplasm_instance,1,1,341,22418,0.08526611328125,0.01521099116781158,2,crowded,211,0.5057373046875,True,high,low,scale_normalized_known_localisation,largest matched target instance,Crop centre and scale only; never model input or prediction guidance.,1,1,0.5021973458414696,0.8281628076249681,0.17623188405797102,22077,28756,341,1384,0.015445939212755356,0.04812908610376965,0.03268314689101429,0.0,0.5470746502124577,0.5470746502124577,True,0.7819172403181693,0.640642991733912,0.1412742485842573,0.38822137737921847,0.8930646060886056,0.5048432287093871,True
Cx22-Pair.zip,Pair,00461,655,Cx22-Pair:000656,included,,largest_matched_cytoplasm_instance,0,0,459,8924,0.03399658203125,0.051434334379202154,2,crowded,133,0.5057373046875,True,low,high,scale_normalized_known_localisation,largest matched target instance,Crop centre and scale only; never model input or prediction guidance.,0,0,0.5327863157892642,0.7771181867242309,0.28845444485429733,8465,8212,459,2252,0.0542232722976964,0.2742328300048709,0.2200095577071745,0.0,0.773178394113559,0.773178394113559,True,0.8108910519844478,0.6915842884476094,0.11930676353683833,0.4391626740929159,0.944005902802303,0.5048432287093871,True
Cx22-Pair.zip,Pair,00462,656,Cx22-Pair:000657,included,,largest_matched_cytoplasm_instance,1,0,480,15084,0.05694580078125,0.031821797931583136,1,not_crowded,173,0.5057373046875,True,middle,high,scale_normalized_known_localisation,largest matched target instance,Crop centre and scale only; never model input or prediction guidance.,1,0,0.4239328821082732,0.67979853732579,0.16806722689075632,14604,14384,480,5232,0.03286770747740345,0.36373748609566187,0.3308697786182584,0.0,0.8626830502043499,0.8626830502043499,True,0.8339572956693424,0.2942428517252229,0.5397144439441195,0.04182123737052934,0.5466644660799165,0.5048432287093871,False
Cx22-Pair.zip,Pair,00463,657,Cx22-Pair:000658,included,,largest_matched_cytoplasm_instance,0,1,758,19536,0.0743408203125,0.0388001638001638,2,crowded,197,0.5057373046875,True,high,high,scale_normalized_known_localisation,largest matched target instance,Crop centre and scale only; never model input or prediction guidance.,0,1,0.5785411655699897,0.8057812158983437,0.3513011152416357,18778,22459,758,3546,0.040366386196613056,0.157887706487377,0.11752132029076393,0.0,0.6568332705960651,0.6568332705960651,True,0.8226411769878935,0.5372086120967903,0.28543256489110325,0.2847869977420967,0.7896302264514838,0.5048432287093871,False
Cx22-Pair.zip,Pair,00463,658,Cx22-Pair:000659,included,,largest_matched_cytoplasm_instance,0,0,566,9277,0.03521728515625,0.061011102727174735,2,crowded,136,0.5057373046875,True,low,high,scale_normalized_known_localisation,largest matched target instance,Crop centre and scale only; never model input or prediction guidance.,0,0,0.6701578020494573,0.8248748404829684,0.5154407636159462,8711,11663,566,1215,0.06497531856273676,0.10417559804509989,0.039200279482363126,0.0,0.603121162153788,0.603121162153788,True,0.7972296293519942,0.8170550238141712,0.019825394462177015,0.5646334094594776,1.0,0.4353665905405224,True
Cx22-Pair.zip,Pair,00464,659,Cx22-Pair:000660,included,,largest_matched_cytoplasm_instance,0,1,700,28809,0.1099853515625,0.024297962442292338,1,not_crowded,239,0.5057373046875,True,high,middle,scale_normalized_known_localisation,largest matched target instance,Crop centre and scale only; never model input or prediction guidance.,0,1,0.30071749890720795,0.517285211194232,0.08414978662018392,28109,19880,700,15937,0.024903055960724323,0.8016599597585513,0.776756903797827,0.30271439564986324,1.3006055238672394,0.9978911282173761,False,0.7738881480222947,0.6616034562620653,0.11228469176022937,0.4091818419073717,0.9140250706167589,0.5048432287093871,True
Cx22-Pair.zip,Pair,00465,660,Cx22-Pair:000661,included,,largest_matched_cytoplasm_instance,1,0,445,21797,0.083740234375,0.020415653530302336,1,not_crowded,208,0.5057373046875,True,high,middle,scale_normalized_known_localisation,largest matched target instance,Crop centre and scale only; never model input or prediction guidance.,1,0,0.8597841038528431,0.8433999834066208,0.8761682242990654,21352,26860,445,411,0.02084113900337205,0.015301563663440059,0.005539575339931992,0.0,0.5142471277721281,0.5142471277721281,True,0.8003701379180866,0.7317784885903169,0.06859164932776973,0.47935687423562334,0.9842001029450105,0.5048432287093871,True
Cx22-Pair.zip,Pair,00465,661,Cx22-Pair:000662,included,,largest_matched_cytoplasm_instance,1,1,322,12341,0.04705810546875,0.026091888825865002,2,crowded,157,0.5057373046875,True,middle,middle,scale_normalized_known_localisation,largest matched target instance,Crop centre and scale only; never model input or prediction guidance.,1,1,0.46183863452058577,0.7470211176216132,0.17665615141955837,12019,13410,322,2214,0.026790914385556204,0.1651006711409396,0.1383097567553834,0.0,0.6640462352496277,0.6640462352496277,True,0.8146729990105297,0.6007925578022854,0.21388044120824434,0.3483709434475918,0.8532141721569789,0.5048432287093871,True
Cx22-Pair.zip,Pair,00465,662,Cx22-Pair:000663,included,,largest_matched_cytoplasm_instance,1,0,741,18832,0.07183837890625,0.03934791843670348,2,crowded,193,0.5057373046875,True,high,high,scale_normalized_known_localisation,largest matched target instance,Crop centre and scale only; never model input or prediction guidance.,1,0,0.7198018387300036,0.8209745034705519,0.6186291739894552,18091,25562,741,397,0.04095959316787353,0.015530866129410844,0.025428727038462686,0.0,0.5144764302380989,0.5144764302380989,True,0.8258281992034757,0.7614810921736513,0.06434710702982438,0.5090594778189578,1.0,0.4909405221810422,True
Cx22-Pair.zip,Pair,00466,663,Cx22-Pair:000664,included,,largest_matched_cytoplasm_instance,1,1,330,22063,0.0841064453125,0.0149571681095046,1,not_crowded,209,0.5057373046875,True,high,low,scale_normalized_known_localisation,largest matched target instance,Crop centre and scale only; never model input or prediction guidance.,1,1,0.762204584261092,0.8531048206960972,0.671304347826087,21733,27513,330,245,0.01518428196751484,0.008904881328826372,0.006279400638688468,0.0,0.5078504454375145,0.5078504454375145,True,0.8277685719442889,0.6985639785016514,0.12920459344263746,0.44614236414695785,0.950985592856345,0.5048432287093871,True
Cx22-Pair.zip,Pair,00466,664,Cx22-Pair:000665,included,,largest_matched_cytoplasm_instance,1,1,734,13929,0.052978515625,0.052695814487759354,2,crowded,185,0.5057373046875,True,middle,high,scale_normalized_known_localisation,largest matched target instance,Crop centre and scale only; never model input or prediction guidance.,1,1,0.7065953737260462,0.7344451028527893,0.6787456445993031,13195,22244,734,701,0.055627131489200454,0.031514116166157166,0.024113015323043288,0.0,0.5304596802748452,0.5304596802748452,True,0.8013486145914748,0.7435173582015181,0.057831256389956676,0.49109574384682453,0.9959389725562117,0.5048432287093871,True
Cx22-Pair.zip,Pair,00466,665,Cx22-Pair:000666,included,,largest_matched_cytoplasm_instance,1,0,255,28820,0.10986328125,0.008848022206800832,2,crowded,244,0.5057373046875,True,high,low,scale_normalized_known_localisation,largest matched target instance,Crop centre and scale only; never model input or prediction guidance.,1,0,0.5679639071097254,0.8986396786262306,0.23728813559322035,28565,29436,255,1515,0.00892700857692981,0.051467590705258866,0.042540582128329056,0.0,0.5504131548139469,0.5504131548139469,True,0.7552823788900125,0.3834371185663561,0.3718452603236564,0.13101550421166253,0.6358587329210497,0.5048432287093871,False
Cx22-Pair.zip,Pair,00466,666,Cx22-Pair:000667,included,,largest_matched_cytoplasm_instance,1,1,511,19075,0.0726318359375,0.026788990825688072,2,crowded,195,0.5057373046875,True,high,middle,scale_normalized_known_localisation,largest matched target instance,Crop centre and scale only; never model input or prediction guidance.,1,1,0.7925744086655839,0.8548523603535828,0.7302964569775849,18564,23972,511,872,0.027526395173453996,0.036375771733689305,0.008849376560235309,0.0,0.5353213358423774,0.5353213358423774,True,0.7964954069029767,0.6420375881866275,0.15445781871634923,0.3896159738319339,0.894459202541321,0.5048432287093871,True
Cx22-Pair.zip,Pair,00466,667,Cx22-Pair:000668,included,,largest_matched_cytoplasm_instance,0,1,332,12257,0.04656982421875,0.027086562780451986,1,not_crowded,161,0.5057373046875,True,middle,middle,scale_normalized_known_localisation,largest matched target instance,Crop centre and scale only; never model input or prediction guidance.,0,1,0.6053205059014748,0.7907936835586747,0.4198473282442748,11925,17142,332,454,0.027840670859538785,0.026484657566211645,0.00135601329332714,0.0,0.5254302216748997,0.5254302216748997,True,0.7154978384682168,0.6558396839644037,0.059658154503813066,0.40341806960971016,0.9082612983190973,0.5048432287093871,True
Cx22-Pair.zip,Pair,00467,668,Cx22-Pair:000669,included,,largest_matched_cytoplasm_instance,1,1,590,30741,0.1175537109375,0.019192609218958396,1,not_crowded,247,0.5057373046875,True,high,middle,scale_normalized_known_localisation,largest matched target instance,Crop centre and scale only; never model input or prediction guidance.,1,1,0.5226227891529946,0.7993792950565285,0.24586628324946083,30151,42025,590,801,0.019568173526582865,0.019060083283759667,0.0005080902428231983,0.0,0.5180056473924477,0.5180056473924477,True,0.7865414181086532,0.7220187042516384,0.0645227138570148,0.4695970898969448,0.974440318606332,0.5048432287093871,True
Cx22-Pair.zip,Pair,00468,669,Cx22-Pair:000670,included,,largest_matched_cytoplasm_instance,1,1,698,15511,0.05902099609375,0.04500032235187931,1,not_crowded,176,0.5057373046875,True,middle,high,scale_normalized_known_localisation,largest matched target instance,Crop centre and scale only; never model input or prediction guidance.,1,1,0.6246812601461589,0.7960778487594711,0.45328467153284674,14813,18842,698,2042,0.04712077229460609,0.10837490712238616,0.061254134827780075,0.0,0.6073204712310742,0.6073204712310742,True,0.7563027587959923,0.4279971364362116,0.32830562235978067,0.17557552208151805,0.6804187507909052,0.5048432287093871,False
Cx22-Pair.zip,Pair,00469,670,Cx22-Pair:000671,included,,largest_matched_cytoplasm_instance,0,1,874,39015,0.14874267578125,0.02240164039471998,2,crowded,278,0.5057373046875,True,high,middle,scale_normalized_known_localisation,largest matched target instance,Crop centre and scale only; never model input or prediction guidance.,0,1,0.5159789301862161,0.7493927301119112,0.28256513026052105,38141,54075,874,5114,0.022914973388217404,0.09457235321312991,0.0716573798249125,0.0,0.593517917321818,0.593517917321818,True,0.8121930750794637,0.14386362277178405,0.6683294523076797,0.0,0.3962852371264776,0.3962852371264776,False
Cx22-Pair.zip,Pair,00471,671,Cx22-Pair:000672,included,,largest_matched_cytoplasm_instance,1,1,530,10561,0.03973388671875,0.050184641605908534,2,crowded,145,0.5057373046875,True,low,high,scale_normalized_known_localisation,largest matched target instance,Crop centre and scale only; never model input or prediction guidance.,1,1,0.5503285564641958,0.8164732956179883,0.28418381731040315,10031,10827,530,3017,0.05283620775595654,0.27865521381730857,0.22581900606135202,0.0,0.7776007779259966,0.7776007779259966,True,0.6970961722792695,0.25854621279177453,0.4385499594874949,0.006124598437080964,0.5109678271464682,0.5048432287093871,False
Cx22-Pair.zip,Pair,00472,672,Cx22-Pair:000673,included,,largest_matched_cytoplasm_instance,1,1,349,20918,0.07989501953125,0.0166841954297734,1,not_crowded,211,0.5057373046875,True,high,low,scale_normalized_known_localisation,largest matched target instance,Crop centre and scale only; never model input or prediction guidance.,1,1,0.5528035265033119,0.8413840671341534,0.2642229858724704,20569,22926,349,2270,0.01696728085954592,0.09901421966326442,0.0820469388037185,0.0,0.5979597837719525,0.5979597837719525,True,0.6406214163534667,0.12226965484519232,0.5183517615082743,0.0,0.3746912691998859,0.3746912691998859,False
Cx22-Pair.zip,Pair,00472,673,Cx22-Pair:000674,included,,largest_matched_cytoplasm_instance,1,0,532,21999,0.08465576171875,0.024182917405336606,1,not_crowded,227,0.5057373046875,True,high,middle,scale_normalized_known_localisation,largest matched target instance,Crop centre and scale only; never model input or prediction guidance.,1,0,0.3179714700753692,0.5214235127478754,0.11451942740286299,21467,23717,532,8759,0.024782223878511204,0.3693131509044146,0.3445309270259034,0.0,0.8682587150131027,0.8682587150131027,True,0.822852654058159,0.2737158575719409,0.5491367964862182,0.02129424321724732,0.5261374719266345,0.5048432287093871,False
Cx22-Pair.zip,Pair,00473,674,Cx22-Pair:000675,included,,largest_matched_cytoplasm_instance,0,0,494,13700,0.0521240234375,0.03605839416058394,2,crowded,165,0.5057373046875,True,middle,high,scale_normalized_known_localisation,largest matched target instance,Crop centre and scale only; never model input or prediction guidance.,0,0,0.734216294766171,0.8250967741935484,0.6433358153387937,13206,17794,494,849,0.037407239133727094,0.04771271215016298,0.010305473016435883,0.0,0.546658276258851,0.546658276258851,True,0.7820737047853173,0.7722869732643376,0.009786731520979752,0.519865358909644,1.0,0.480134641090356,True
Cx22-Pair.zip,Pair,00473,675,Cx22-Pair:000676,included,,largest_matched_cytoplasm_instance,1,0,867,18942,0.07293701171875,0.04577130186886284,1,not_crowded,194,0.5057373046875,True,high,high,scale_normalized_known_localisation,largest matched target instance,Crop centre and scale only; never model input or prediction guidance.,1,0,0.8961939588204595,0.8743010567283297,0.9180868609125893,18075,22522,867,952,0.04796680497925311,0.042269780658911286,0.005697024320341824,0.0,0.5412153447675994,0.5412153447675994,True,0.8202890695271329,0.7590392418461193,0.06124982768101361,0.5066176274914257,1.0,0.4933823725085743,True
Cx22-Pair.zip,Pair,00473,676,Cx22-Pair:000677,included,,largest_matched_cytoplasm_instance,1,0,572,22942,0.08740234375,0.024932438322726878,2,crowded,213,0.5057373046875,True,high,middle,scale_normalized_known_localisation,largest matched target instance,Crop centre and scale only; never model input or prediction guidance.,1,0,0.8479285979777363,0.8237462560479226,0.8721109399075501,22370,29714,572,726,0.025569959767545822,0.024432927239684998,0.0011370325278608241,0.0,0.5233784913483731,0.5233784913483731,True,0.8407629994746666,0.67591242003198,0.16485057944268655,0.4234908056772865,0.9283340343866736,0.5048432287093871,True
Cx22-Pair.zip,Pair,00474,677,Cx22-Pair:000678,included,,largest_matched_cytoplasm_instance,0,0,413,12911,0.04913330078125,0.031988227093176363,2,crowded,168,0.5057373046875,True,middle,high,scale_normalized_known_localisation,largest matched target instance,Crop centre and scale only; never model input or prediction guidance.,0,0,0.6102923656301132,0.7280742459396752,0.49251048532055125,12498,17672,413,1256,0.03304528724595936,0.0710728836577637,0.03802759641180434,0.0,0.5700184477664517,0.5700184477664517,True,0.7228131594451325,0.7470126851471902,0.024199525702057745,0.49459107079249665,0.9994342995018838,0.5048432287093871,True
Cx22-Pair.zip,Pair,00474,678,Cx22-Pair:000679,included,,largest_matched_cytoplasm_instance,0,0,339,22963,0.08734130859375,0.014762879414710621,2,crowded,214,0.5057373046875,True,high,low,scale_normalized_known_localisation,largest matched target instance,Crop centre and scale only; never model input or prediction guidance.,0,0,0.7407946720884693,0.8885042377939597,0.5930851063829787,22624,27638,339,413,0.014984087694483735,0.014943194152977785,4.0893541505949635e-05,0.0,0.5138887582616658,0.5138887582616658,True,0.7229742990366043,0.6997144338526979,0.023259865183906325,0.44729281949800437,0.9521360482073915,0.5048432287093871,True
Cx22-Pair.zip,Pair,00474,679,Cx22-Pair:000680,included,,largest_matched_cytoplasm_instance,1,0,183,14492,0.056640625,0.012627656638145184,2,crowded,226,0.5057373046875,True,middle,low,scale_normalized_known_localisation,largest matched target instance,Crop centre and scale only; never model input or prediction guidance.,1,0,0.19094911060185688,0.34900525814089356,0.03289296306282017,14309,18212,183,10944,0.01278915367950241,0.6009224687019548,0.5881333150224524,0.10197690459326669,1.099868032810643,0.9978911282173762,False,0.4337409096795945,0.45368819397996873,0.019947284300374235,0.20126657962527517,0.7061098083346623,0.5048432287093871,True
Cx22-Pair.zip,Pair,00476,680,Cx22-Pair:000681,included,,largest_matched_cytoplasm_instance,1,0,704,17898,0.068115234375,0.03933400379930718,1,not_crowded,189,0.5057373046875,True,middle,high,scale_normalized_known_localisation,largest matched target instance,Crop centre and scale only; never model input or prediction guidance.,1,0,0.7761873436964595,0.8591631991422664,0.6932114882506527,17194,21979,704,828,0.040944515528672794,0.037672323581600616,0.0032721919470721783,0.0,0.5366178876902887,0.5366178876902887,True,0.8142862571931341,0.7629263027716136,0.051359954421520526,0.51050468841692,1.0,0.48949531158308,True
Cx22-Pair.zip,Pair,00476,681,Cx22-Pair:000682,included,,largest_matched_cytoplasm_instance,0,0,236,11157,0.04248046875,0.021152639598458367,1,not_crowded,149,0.5057373046875,True,low,middle,scale_normalized_known_localisation,largest matched target instance,Crop centre and scale only; never model input or prediction guidance.,0,0,0.810107288610016,0.9012603288540189,0.7189542483660131,10921,13041,236,223,0.021609742697555168,0.01709991565064029,0.004509827046914879,0.0,0.5160454797593284,0.5160454797593284,True,0.7191550287570176,0.7951030537791779,0.07594802502216025,0.5426814394244843,1.0,0.4573185605755157,True
Cx22-Pair.zip,Pair,00478,682,Cx22-Pair:000683,included,,largest_matched_cytoplasm_instance,1,1,350,25103,0.09521484375,0.01394255666653388,1,not_crowded,223,0.5057373046875,True,high,low,scale_normalized_known_localisation,largest matched target instance,Crop centre and scale only; never model input or prediction guidance.,1,1,0.8746542699234496,0.8949875521925784,0.854320987654321,24753,26260,350,460,0.014139700238354947,0.017517136329017517,0.0033774360906625705,0.0,0.5164627004377056,0.5164627004377056,True,0.7490061044072676,0.6884084926455208,0.06059761176174672,0.4359868782908273,0.9408301070002144,0.5048432287093871,True
Cx22-Pair.zip,Pair,00478,683,Cx22-Pair:000684,included,,largest_matched_cytoplasm_instance,1,0,269,14159,0.05401611328125,0.018998516844409917,2,crowded,168,0.5057373046875,True,middle,middle,scale_normalized_known_localisation,largest matched target instance,Crop centre and scale only; never model input or prediction guidance.,1,0,0.4990015321697768,0.7834895077207338,0.21451355661881977,13890,16418,269,2239,0.019366450683945283,0.13637471068339627,0.11700825999945098,0.0,0.6353202747920843,0.6353202747920843,True,0.7806747602985871,0.26916812130341033,0.5115066389951768,0.016746506948716766,0.5215897356581038,0.5048432287093871,False
Cx22-Pair.zip,Pair,00478,684,Cx22-Pair:000685,included,,largest_matched_cytoplasm_instance,1,1,608,25699,0.09771728515625,0.023658508113156153,2,crowded,226,0.5057373046875,True,high,middle,scale_normalized_known_localisation,largest matched target instance,Crop centre and scale only; never model input or prediction guidance.,1,1,0.5929571592247637,0.7870950334380481,0.3988192850114792,25091,26796,608,2441,0.02423179626160775,0.09109568592327213,0.06686388966166439,0.0,0.5900412500319602,0.5900412500319602,True,0.7871976581518133,0.43299153158026177,0.35420612657155154,0.1805699172255682,0.6854131459349553,0.5048432287093871,False
Cx22-Pair.zip,Pair,00478,685,Cx22-Pair:000686,included,,largest_matched_cytoplasm_instance,1,1,217,19975,0.075927734375,0.01086357947434293,2,crowded,199,0.5057373046875,True,high,low,scale_normalized_known_localisation,largest matched target instance,Crop centre and scale only; never model input or prediction guidance.,1,1,0.874934413737027,0.8885549588609154,0.8613138686131386,19758,20836,217,194,0.010982893005364916,0.009310808216548281,0.0016720847888166343,0.0,0.5082563723252363,0.5082563723252363,True,0.7845424743053614,0.7616026726745952,0.022939801630766143,0.5091810583199017,1.0,0.4908189416800983,True
Cx22-Pair.zip,Pair,00479,686,Cx22-Pair:000687,included,,largest_matched_cytoplasm_instance,1,0,226,14630,0.05560302734375,0.01544771018455229,2,crowded,171,0.5057373046875,True,middle,low,scale_normalized_known_localisation,largest matched target instance,Crop centre and scale only; never model input or prediction guidance.,1,0,0.861139255232515,0.8701045974215519,0.8521739130434782,14404,18484,226,234,0.015690086087198,0.01265959748972084,0.003030488597477161,0.0,0.5116051615984089,0.5116051615984089,True,0.7658791371467433,0.7239180301492811,0.04196110699746214,0.47149641579458756,0.9763396445039747,0.5048432287093871,True
Cx22-Pair.zip,Pair,00480,687,Cx22-Pair:000688,included,,largest_matched_cytoplasm_instance,0,0,283,32961,0.12567138671875,0.00858590455386669,1,not_crowded,256,0.5057373046875,True,high,low,scale_normalized_known_localisation,largest matched target instance,Crop centre and scale only; never model input or prediction guidance.,0,0,0.36874521320198084,0.6814452734185176,0.0560451529854441,32678,37288,283,9816,0.008660260725870617,0.2632482299935636,0.254587969267693,0.0,0.7621937941022516,0.7621937941022516,True,0.7487477173332598,0.35605936404466576,0.3926883532885941,0.10363774968997219,0.6084809783993593,0.5048432287093871,False
Cx22-Pair.zip,Pair,00480,688,Cx22-Pair:000689,included,,largest_matched_cytoplasm_instance,0,0,287,29834,0.11456298828125,0.00961989676208353,2,crowded,243,0.5057373046875,True,high,low,scale_normalized_known_localisation,largest matched target instance,Crop centre and scale only; never model input or prediction guidance.,0,0,0.30288566409730794,0.5600415640136088,0.045729764181007014,29547,30120,287,12265,0.009713338071547027,0.4072045152722444,0.3974911772006974,0.0,0.9061500793809325,0.9061500793809325,True,0.7801689507690334,0.2698310752011108,0.5103378755679225,0.017409460846417257,0.5222526895558044,0.5048432287093871,False
Cx22-Pair.zip,Pair,00481,689,Cx22-Pair:000690,included,,largest_matched_cytoplasm_instance,1,0,538,16840,0.0640869140625,0.03194774346793349,1,not_crowded,183,0.5057373046875,True,middle,high,scale_normalized_known_localisation,largest matched target instance,Crop centre and scale only; never model input or prediction guidance.,1,0,0.4116809928829269,0.6589365578929932,0.16442542787286063,16302,13883,538,6006,0.03300208563366458,0.4326154289418713,0.39961334330820675,0.0,0.9315609930505594,0.9315609930505594,True,0.7906349868999694,0.11820210838334617,0.6724328785166231,0.0,0.37062372273803973,0.37062372273803973,False
Cx22-Pair.zip,Pair,00482,690,Cx22-Pair:000691,included,,largest_matched_cytoplasm_instance,0,0,748,18908,0.07208251953125,0.03955997461392003,2,crowded,211,0.5057373046875,True,high,high,scale_normalized_known_localisation,largest matched target instance,Crop centre and scale only; never model input or prediction guidance.,0,0,0.5372355344342823,0.6969733744326594,0.3774976944359053,18160,23041,748,2505,0.04118942731277533,0.1087192396163361,0.06752981230356078,0.0,0.6076648037250242,0.6076648037250242,True,0.8409189976179584,0.5666015956133056,0.2743174020046528,0.314179981258612,0.8190232099679992,0.5048432287093871,False
Cx22-Pair.zip,Pair,00483,691,Cx22-Pair:000692,included,,largest_matched_cytoplasm_instance,1,1,843,29230,0.11114501953125,0.028840232637700993,2,crowded,241,0.5057373046875,True,high,middle,scale_normalized_known_localisation,largest matched target instance,Crop centre and scale only; never model input or prediction guidance.,1,1,0.3462194677377062,0.5804495631738514,0.11198937230156095,28387,27356,843,14212,0.02969669214781414,0.5195203977189647,0.4898237055711506,0.020574833610276677,1.0184659618276528,0.9978911282173761,True,0.7069517418354274,0.3049985094360045,0.40195323239942293,0.052576895081310915,0.557420123790698,0.5048432287093871,False
Cx22-Pair.zip,Pair,00484,692,Cx22-Pair:000693,included,,largest_matched_cytoplasm_instance,0,0,809,17724,0.067626953125,0.04564432408034304,2,crowded,188,0.5057373046875,True,middle,high,scale_normalized_known_localisation,largest matched target instance,Crop centre and scale only; never model input or prediction guidance.,0,0,0.797396347901881,0.8397892451481374,0.7550034506556246,16915,20854,809,640,0.047827372154892106,0.030689555960487197,0.01713781619440491,0.0,0.5296351200691752,0.5296351200691752,True,0.7213576868244925,0.6926599452656753,0.028697741558817214,0.44023833091098175,0.9450815596203689,0.5048432287093871,True
Cx22-Pair.zip,Pair,00485,693,Cx22-Pair:000694,included,,largest_matched_cytoplasm_instance,1,0,584,23336,0.08905029296875,0.025025711347274597,2,crowded,215,0.5057373046875,True,high,middle,scale_normalized_known_localisation,largest matched target instance,Crop centre and scale only; never model input or prediction guidance.,1,0,0.4469672255931798,0.8939344511863596,0.0,22752,23229,584,558,0.025668073136427567,0.02402169701666021,0.0016463761197673572,0.0,0.5229672611253483,0.5229672611253483,True,0.7846337689058314,0.7327079594784982,0.05192580942733316,0.48028634512380464,0.9851295738331918,0.5048432287093871,True
Cx22-Pair.zip,Pair,00485,694,Cx22-Pair:000695,included,,largest_matched_cytoplasm_instance,1,1,315,22373,0.0855712890625,0.014079470790685202,2,crowded,211,0.5057373046875,True,high,low,scale_normalized_known_localisation,largest matched target instance,Crop centre and scale only; never model input or prediction guidance.,1,1,0.601114861469891,0.8365953573054165,0.36563436563436563,22058,28473,315,686,0.01428053313990389,0.02409300038633091,0.009812467246427021,0.0,0.523038564495019,0.523038564495019,True,0.815142918917564,0.7375213702048937,0.07762154871267024,0.48509975585020015,0.9899429845595873,0.5048432287093871,True
Cx22-Pair.zip,Pair,00485,695,Cx22-Pair:000696,included,,largest_matched_cytoplasm_instance,0,0,314,29952,0.114013671875,0.01048344017094017,2,crowded,244,0.5057373046875,True,high,low,scale_normalized_known_localisation,largest matched target instance,Crop centre and scale only; never model input or prediction guidance.,0,0,0.8522892470917599,0.8862530597443413,0.8183254344391785,29638,36544,314,319,0.010594507051757879,0.008729203152364274,0.0018653038993936052,0.0,0.5076747672610523,0.5076747672610523,True,0.8282881264678993,0.7279419664435349,0.10034616002436436,0.47552035208884136,0.9803635807982285,0.5048432287093871,True
Cx22-Pair.zip,Pair,00486,696,Cx22-Pair:000697,included,,largest_matched_cytoplasm_instance,1,0,829,26866,0.10308837890625,0.03085684508300454,2,crowded,231,0.5057373046875,True,high,high,scale_normalized_known_localisation,largest matched target instance,Crop centre and scale only; never model input or prediction guidance.,1,0,0.8130511574868624,0.8975907845754021,0.7285115303983228,26037,30911,829,1079,0.031839305603564155,0.03490666752935848,0.0030673619257943277,0.0,0.5338522316380465,0.5338522316380465,True,0.818040059509205,0.6918221977655088,0.1262178617436962,0.4394005834108152,0.9442438121202024,0.5048432287093871,True
Cx22-Pair.zip,Pair,00486,697,Cx22-Pair:000698,included,,largest_matched_cytoplasm_instance,1,0,465,22507,0.08563232421875,0.020660239036744125,2,crowded,211,0.5057373046875,True,high,middle,scale_normalized_known_localisation,largest matched target instance,Crop centre and scale only; never model input or prediction guidance.,1,0,0.3761893799877225,0.752378759975445,0.0,22042,30086,465,2135,0.021096089284094004,0.0709632387156817,0.0498671494315877,0.0,0.5699088028243697,0.5699088028243697,True,0.7257987612474885,0.6773211137819553,0.04847764746553329,0.4248994994272617,0.9297427281366488,0.5048432287093871,True
Cx22-Pair.zip,Pair,00487,698,Cx22-Pair:000699,included,,largest_matched_cytoplasm_instance,1,0,214,14003,0.053466796875,0.015282439477254875,1,not_crowded,176,0.5057373046875,True,middle,low,scale_normalized_known_localisation,largest matched target instance,Crop centre and scale only; never model input or prediction guidance.,1,0,0.3444236344928885,0.6139697322467986,0.0748775367389783,13789,11981,214,5502,0.01551961708608311,0.4592271095901845,0.44370749250410135,0.0,0.9581726736988725,0.9581726736988725,True,0.7812424349517842,0.5251493541423252,0.25609308080945903,0.27272773978763165,0.7775709684970188,0.5048432287093871,False
Cx22-Pair.zip,Pair,00487,699,Cx22-Pair:000700,included,,largest_matched_cytoplasm_instance,0,0,365,8092,0.030517578125,0.04510627780523974,2,crowded,134,0.5057373046875,True,low,high,scale_normalized_known_localisation,largest matched target instance,Crop centre and scale only; never model input or prediction guidance.,0,0,0.3887176496701237,0.5619053318173658,0.21552996752288162,7727,8984,365,3022,0.04723696130451663,0.33637577916295636,0.28913881785843976,0.0,0.8353213432716444,0.8353213432716444,True,0.8626984865229785,0.49004292908273756,0.372655557440241,0.237621314728044,0.7424645434374311,0.5048432287093871,False
Cx22-Pair.zip,Pair,00488,700,Cx22-Pair:000701,included,,largest_matched_cytoplasm_instance,0,0,683,12847,0.04864501953125,0.05316416283957344,2,crowded,160,0.5057373046875,True,middle,high,scale_normalized_known_localisation,largest matched target instance,Crop centre and scale only; never model input or prediction guidance.,0,0,0.8746885800391184,0.8719677537559546,0.8774094063222821,12164,15126,683,614,0.05614929299572509,0.040592357530080656,0.015556935465644434,0.0,0.5395379216387687,0.5395379216387687,True,0.7919752111417081,0.7160609289913116,0.07591428215039653,0.463639314636618,0.9684825433460051,0.5048432287093871,True
Cx22-Pair.zip,Pair,00488,701,Cx22-Pair:000702,included,,largest_matched_cytoplasm_instance,1,1,452,13298,0.0506591796875,0.03399007369529253,2,crowded,163,0.5057373046875,True,middle,high,scale_normalized_known_localisation,largest matched target instance,Crop centre and scale only; never model input or prediction guidance.,1,1,0.8719579556034288,0.8698239015216276,0.87409200968523,12846,16399,452,374,0.035186050132336916,0.0228062686749192,0.012379781457417714,0.0,0.5217518327836073,0.5217518327836073,True,0.7730521992075462,0.7320480144238481,0.04100418478369805,0.4796264000691546,0.9844696287785417,0.5048432287093871,True
Cx22-Pair.zip,Pair,00488,702,Cx22-Pair:000703,included,,largest_matched_cytoplasm_instance,0,1,471,13613,0.05194091796875,0.034599280099904504,1,not_crowded,165,0.5057373046875,True,middle,high,scale_normalized_known_localisation,largest matched target instance,Crop centre and scale only; never model input or prediction guidance.,0,1,0.8479749937004895,0.8422381970079658,0.8537117903930131,13142,17740,471,445,0.03583929386699133,0.025084554678692222,0.010754739188299105,0.0,0.5240301187873803,0.5240301187873803,True,0.7242495966553458,0.6486012260267684,0.07564837062857743,0.3961796116720748,0.901022840381462,0.5048432287093871,True
Cx22-Pair.zip,Pair,00488,703,Cx22-Pair:000704,included,,largest_matched_cytoplasm_instance,0,0,491,16801,0.063720703125,0.029224450925540147,1,not_crowded,183,0.5057373046875,True,middle,middle,scale_normalized_known_localisation,largest matched target instance,Crop centre and scale only; never model input or prediction guidance.,0,0,0.902510630241483,0.9024871474225372,0.9025341130604289,16310,19675,491,535,0.030104230533415082,0.02719186785260483,0.0029123626808102536,0.0,0.5261374319612929,0.5261374319612929,True,0.7733951885875141,0.7600332534227912,0.013361935164722949,0.5076116390680976,1.0,0.4923883609319024,True
Cx22-Pair.zip,Pair,00488,704,Cx22-Pair:000705,included,,largest_matched_cytoplasm_instance,1,0,920,12621,0.048095703125,0.07289438237857539,2,crowded,188,0.5057373046875,True,middle,high,scale_normalized_known_localisation,largest matched target instance,Crop centre and scale only; never model input or prediction guidance.,1,0,0.6960220375668569,0.6855708608479996,0.7064732142857143,11701,21766,920,872,0.07862575848218101,0.04006248277129468,0.03856327571088633,0.0,0.5390080468799827,0.5390080468799827,True,0.7840479436502441,0.7118948987876036,0.07215304486264051,0.45947328443291,0.9643165131422972,0.5048432287093871,True
Cx22-Pair.zip,Pair,00489,705,Cx22-Pair:000706,included,,largest_matched_cytoplasm_instance,1,1,744,21863,0.08349609375,0.03403009651008553,2,crowded,208,0.5057373046875,True,high,high,scale_normalized_known_localisation,largest matched target instance,Crop centre and scale only; never model input or prediction guidance.,1,1,0.402211399786185,0.6518700007206168,0.15255279885175313,21119,20512,744,9010,0.03522894076424073,0.43925507020280813,0.4040261294385674,0.0,0.9382006343114961,0.9382006343114961,True,0.832716585789109,0.6164736836336852,0.21624290215542386,0.3640520692789916,0.8688952979883787,0.5048432287093871,True
Cx22-Pair.zip,Pair,00489,706,Cx22-Pair:000707,included,,largest_matched_cytoplasm_instance,1,1,653,24327,0.0928955078125,0.02684260286923994,2,crowded,220,0.5057373046875,True,high,middle,scale_normalized_known_localisation,largest matched target instance,Crop centre and scale only; never model input or prediction guidance.,1,1,0.464329207826704,0.7469667072505143,0.1816917084028937,23674,23964,653,6535,0.027583002449945087,0.2727007177432816,0.2451177152933365,0.0,0.7716462818519696,0.7716462818519696,True,0.8070655488013853,0.32346064122475454,0.4836049075766307,0.07103902687006097,0.575882255579448,0.5048432287093871,False
Cx22-Pair.zip,Pair,00489,707,Cx22-Pair:000708,included,,largest_matched_cytoplasm_instance,0,0,1024,33257,0.1268310546875,0.030790510268514898,2,crowded,257,0.5057373046875,True,high,high,scale_normalized_known_localisation,largest matched target instance,Crop centre and scale only; never model input or prediction guidance.,0,0,0.7763585380523095,0.8476910795708236,0.7050259965337955,32233,41676,1024,1861,0.031768684267675984,0.04465399750455898,0.012885313236882995,0.0,0.5435995616132471,0.5435995616132471,True,0.875089399026856,0.731813191908795,0.143276207118061,0.47939157755410144,0.9842348062634886,0.5048432287093871,True
Cx22-Pair.zip,Pair,00489,708,Cx22-Pair:000709,included,,largest_matched_cytoplasm_instance,1,0,924,24216,0.09234619140625,0.038156590683845394,2,crowded,219,0.5057373046875,True,high,high,scale_normalized_known_localisation,largest matched target instance,Crop centre and scale only; never model input or prediction guidance.,1,0,0.4845524176287102,0.7212858200274929,0.24781901522992755,23292,23993,924,5839,0.03967027305512622,0.24336264743883632,0.2036923743837101,0.0,0.7423082115475244,0.7423082115475244,True,0.8307985020020652,0.17255849854503116,0.658240003457034,0.0,0.4249801128997247,0.4249801128997247,False
Cx22-Pair.zip,Pair,00490,709,Cx22-Pair:000710,included,,largest_matched_cytoplasm_instance,0,0,328,23665,0.09051513671875,0.013860130995140503,1,not_crowded,217,0.5057373046875,True,high,low,scale_normalized_known_localisation,largest matched target instance,Crop centre and scale only; never model input or prediction guidance.,0,0,0.6493338961095427,0.8996940911286427,0.3989737010904426,23337,26351,328,1231,0.014054934224621845,0.04671549466813404,0.03266056044351219,0.0,0.5456610587768221,0.5456610587768221,True,0.8068489450587929,0.6133388076679831,0.1935101373908098,0.36091719331328953,0.8657604220226767,0.5048432287093871,True
Cx22-Pair.zip,Pair,00490,710,Cx22-Pair:000711,included,,largest_matched_cytoplasm_instance,1,1,632,19658,0.074462890625,0.03214976091158816,2,crowded,198,0.5057373046875,True,high,high,scale_normalized_known_localisation,largest matched target instance,Crop centre and scale only; never model input or prediction guidance.,1,1,0.8273175762749407,0.8392649557363856,0.8153701968134958,19026,25706,632,435,0.03321770209187428,0.016922119349568193,0.016295582742306088,0.0,0.5158676834582563,0.5158676834582563,True,0.7725346078151412,0.7036673758268223,0.0688672319883189,0.4512457614721287,0.9560889901815158,0.5048432287093871,True
Cx22-Pair.zip,Pair,00492,711,Cx22-Pair:000712,included,,largest_matched_cytoplasm_instance,1,1,295,18392,0.07080078125,0.016039582427142235,1,not_crowded,191,0.5057373046875,True,high,low,scale_normalized_known_localisation,largest matched target instance,Crop centre and scale only; never model input or prediction guidance.,1,1,0.06621602220036137,0.10110405629473855,0.031327988105984174,18097,6630,295,18538,0.01630104437199536,2.796078431372549,2.7797773870005535,2.2971328672638607,3.295023995481237,0.9978911282173764,False,0.8206549282919285,0.691661479636905,0.1289934486550235,0.4392398652822115,0.9440830939915986,0.5048432287093871,True
Cx22-Pair.zip,Pair,00493,712,Cx22-Pair:000713,included,,largest_matched_cytoplasm_instance,0,0,242,11181,0.04266357421875,0.02164386011984617,2,crowded,149,0.5057373046875,True,low,middle,scale_normalized_known_localisation,largest matched target instance,Crop centre and scale only; never model input or prediction guidance.,0,0,0.7750904159132007,0.8571428571428571,0.6930379746835443,10939,14198,242,390,0.0221226803181278,0.02746865755740245,0.0053459772392746505,0.0,0.5264142216660905,0.5264142216660905,True,0.8412022630363596,0.8190353632051082,0.02216689983125142,0.5666137488504146,1.0,0.4333862511495854,True
Cx22-Pair.zip,Pair,00494,713,Cx22-Pair:000714,included,,largest_matched_cytoplasm_instance,1,1,398,15061,0.05718994140625,0.026425868136245933,2,crowded,173,0.5057373046875,True,middle,middle,scale_normalized_known_localisation,largest matched target instance,Crop centre and scale only; never model input or prediction guidance.,1,1,0.4019828421473646,0.6754542215888849,0.12851146270584438,14663,13407,398,5796,0.027143149423719565,0.43231147907809353,0.405168329654374,0.0,0.9312570431867816,0.9312570431867816,True,0.8580589067633473,0.5492371111286334,0.3088217956347139,0.2968154967739398,0.801658725483327,0.5048432287093871,False
Cx22-Pair.zip,Pair,00495,714,Cx22-Pair:000715,included,,largest_matched_cytoplasm_instance,1,0,302,14348,0.05474853515625,0.021048229718427656,1,not_crowded,169,0.5057373046875,True,middle,middle,scale_normalized_known_localisation,largest matched target instance,Crop centre and scale only; never model input or prediction guidance.,1,0,0.3382410213776833,0.5868943833071316,0.08958765944823495,14046,13942,302,6440,0.021500783141107788,0.46191364223210446,0.4404128590909967,0.0,0.9608592063407926,0.9608592063407926,True,0.7779609584142965,0.3266803980601967,0.45128056035409975,0.07425878370550315,0.5791020124148902,0.5048432287093871,False
Cx22-Pair.zip,Pair,00495,715,Cx22-Pair:000716,included,,largest_matched_cytoplasm_instance,1,1,327,17149,0.06536865234375,0.019068167240072306,2,crowded,185,0.5057373046875,True,middle,middle,scale_normalized_known_localisation,largest matched target instance,Crop centre and scale only; never model input or prediction guidance.,1,1,0.5665252619939452,0.8409464619157772,0.2921040620721132,16822,19059,327,1864,0.019438830103435976,0.09780156356576945,0.07836273346233348,0.0,0.5967471276744575,0.5967471276744575,True,0.8332420460250162,0.7341883726286217,0.09905367339639448,0.4817667582739281,0.9866099869833153,0.5048432287093871,True
Cx22-Pair.zip,Pair,00495,716,Cx22-Pair:000717,included,,largest_matched_cytoplasm_instance,1,1,637,11172,0.04248046875,0.05701754385964912,2,crowded,149,0.5057373046875,True,low,high,scale_normalized_known_localisation,largest matched target instance,Crop centre and scale only; never model input or prediction guidance.,1,1,0.6472215586949555,0.7616116661142939,0.5328314512756169,10535,10586,637,1754,0.06046511627906977,0.16569053466843,0.10522541838936024,0.0,0.664636098777118,0.664636098777118,True,0.7957691461721267,0.7959483344304801,0.00017918825835339103,0.5435267200757865,1.0,0.4564732799242135,True
Cx22-Pair.zip,Pair,00495,717,Cx22-Pair:000718,included,,largest_matched_cytoplasm_instance,1,1,328,14642,0.0560302734375,0.022401311296271,1,not_crowded,171,0.5057373046875,True,middle,middle,scale_normalized_known_localisation,largest matched target instance,Crop centre and scale only; never model input or prediction guidance.,1,1,0.5298011106806148,0.8239700374531835,0.23563218390804597,14314,14522,328,2456,0.022914629034511667,0.16912271037047238,0.14620808133596072,0.0,0.6680682744791604,0.6680682744791604,True,0.836052299914979,0.6570182483172208,0.1790340515977582,0.4045966339625272,0.9094398626719143,0.5048432287093871,True
Cx22-Pair.zip,Pair,00496,718,Cx22-Pair:000719,included,,largest_matched_cytoplasm_instance,1,0,298,18174,0.06927490234375,0.01639705073181468,1,not_crowded,190,0.5057373046875,True,high,low,scale_normalized_known_localisation,largest matched target instance,Crop centre and scale only; never model input or prediction guidance.,1,0,0.5425063214961909,0.8670170321657541,0.21799561082662766,17876,18467,298,1069,0.016670396061758783,0.057887041750148915,0.04121664568839013,0.0,0.556832605858837,0.556832605858837,True,0.682433471197985,0.7195776566953856,0.03714418549740062,0.4671560423406921,0.9719992710500792,0.5048432287093871,True
Cx22-Pair.zip,Pair,00498,719,Cx22-Pair:000720,included,,largest_matched_cytoplasm_instance,0,0,213,33684,0.12860107421875,0.006323477021731386,1,not_crowded,259,0.5057373046875,True,high,low,scale_normalized_known_localisation,largest matched target instance,Crop centre and scale only; never model input or prediction guidance.,0,0,0.6329431834097612,0.8902249911581468,0.37566137566137564,33471,40043,213,921,0.006363717845298916,0.023000274704692455,0.01663655685939354,0.0,0.5219458388133805,0.5219458388133805,True,0.8365317250219759,0.6180346582985611,0.21849706672341485,0.3656130439438675,0.8704562726532546,0.5048432287093871,True
Cx22-Pair.zip,Pair,00499,720,Cx22-Pair:000721,included,,largest_matched_cytoplasm_instance,0,0,371,18859,0.072021484375,0.019672305000265126,2,crowded,194,0.5057373046875,True,high,middle,scale_normalized_known_localisation,largest matched target instance,Crop centre and scale only; never model input or prediction guidance.,0,0,0.6980206391731598,0.9151669614064288,0.4808743169398907,18488,19964,371,1093,0.020067070532237125,0.05474854738529353,0.034681476853056406,0.0,0.5536941114939816,0.5536941114939816,True,0.7185578780619604,0.6932941402170614,0.025263737844898992,0.4408725258623678,0.9457157545717549,0.5048432287093871,True
Cx22-Pair.zip,Pair,00499,721,Cx22-Pair:000722,included,,largest_matched_cytoplasm_instance,1,1,386,24554,0.0936279296875,0.015720452879367925,2,crowded,221,0.5057373046875,True,high,low,scale_normalized_known_localisation,largest matched target instance,Crop centre and scale only; never model input or prediction guidance.,1,1,0.5226004990030633,0.8349179246381311,0.21028307336799537,24168,27370,386,3076,0.01597153260509765,0.1123858238947753,0.09641429128967766,0.0,0.6113313880034634,0.6113313880034634,True,0.7542352438348743,0.4355057826491869,0.3187294611856874,0.1830841682944933,0.6879273970038804,0.5048432287093871,False
Cx22-Pair.zip,Pair,00500,722,Cx22-Pair:000723,included,,largest_matched_cytoplasm_instance,1,1,187,22683,0.0865478515625,0.008244059427765286,2,crowded,212,0.5057373046875,True,high,low,scale_normalized_known_localisation,largest matched target instance,Crop centre and scale only; never model input or prediction guidance.,1,1,0.5521824616981669,0.8547893716136513,0.2495755517826825,22496,27521,187,991,0.008312588904694168,0.03600886595690564,0.02769627705221147,0.0,0.5349544300655937,0.5349544300655937,True,0.8254919999763152,0.2674315125523232,0.558060487423992,0.015009898197629656,0.5198531269070168,0.5048432287093871,False
Cx22-Pair.zip,Pair,00500,723,Cx22-Pair:000724,included,,largest_matched_cytoplasm_instance,0,0,445,16544,0.06298828125,0.02689796905222437,1,not_crowded,213,0.5057373046875,True,middle,middle,scale_normalized_known_localisation,largest matched target instance,Crop centre and scale only; never model input or prediction guidance.,0,0,0.16871067275775573,0.25698027537812895,0.0804410701373825,16099,17818,445,10619,0.027641468414187218,0.5959703670445616,0.5683288986303744,0.09702480293587357,1.0949159311532497,0.9978911282173761,False,0.8438978105488193,0.48384994754209965,0.36004786300671965,0.23142833318740608,0.7362715618967932,0.5048432287093871,False
Cx22-Pair.zip,Pair,00501,724,Cx22-Pair:000725,included,,largest_matched_cytoplasm_instance,0,0,332,17558,0.06683349609375,0.018908759539810912,2,crowded,187,0.5057373046875,True,middle,middle,scale_normalized_known_localisation,largest matched target instance,Crop centre and scale only; never model input or prediction guidance.,0,0,0.2763623634447033,0.4980655237283924,0.05465920316101416,17226,10947,332,11816,0.01927319168698479,1.0793824792180506,1.0601092875310658,0.5804369151093626,1.5783280433267386,0.997891128217376,False,0.7552373626921196,0.6195130703294449,0.1357242923626747,0.36709145597475135,0.8719346846841385,0.5048432287093871,True
Cx22-Pair.zip,Pair,00501,725,Cx22-Pair:000726,included,,largest_matched_cytoplasm_instance,1,0,340,15447,0.0592041015625,0.022010746423253708,2,crowded,175,0.5057373046875,True,middle,middle,scale_normalized_known_localisation,largest matched target instance,Crop centre and scale only; never model input or prediction guidance.,1,0,0.5608931523158767,0.8249726861245513,0.2968136185072021,15107,16928,340,1951,0.022506122989342688,0.11525283553875236,0.09274671254940967,0.0,0.6141983996474404,0.6141983996474404,True,0.7937854218899847,0.2786995399097654,0.5150858819802193,0.026277925555071857,0.5311211542644589,0.5048432287093871,False
Cx22-Pair.zip,Pair,00501,726,Cx22-Pair:000727,included,,largest_matched_cytoplasm_instance,1,0,541,17594,0.06719970703125,0.030749119017846993,2,crowded,198,0.5057373046875,True,middle,high,scale_normalized_known_localisation,largest matched target instance,Crop centre and scale only; never model input or prediction guidance.,1,0,0.352245169888911,0.5678741781616604,0.1366161616161616,17053,13975,541,7379,0.03172462323344866,0.5280143112701252,0.49628968803667656,0.029068747161437147,1.0269598753788132,0.997891128217376,True,0.7953930646825254,0.6800744476635041,0.11531861701902124,0.42765283330881054,0.9324960620181977,0.5048432287093871,True
Cx22-Pair.zip,Pair,00502,727,Cx22-Pair:000728,included,,largest_matched_cytoplasm_instance,1,1,342,18679,0.07135009765625,0.01830933133465389,2,crowded,193,0.5057373046875,True,high,middle,scale_normalized_known_localisation,largest matched target instance,Crop centre and scale only; never model input or prediction guidance.,1,1,0.8386024531477954,0.911802062693695,0.7654028436018957,18337,21029,342,502,0.01865081529148716,0.023871796091112275,0.005220980799625116,0.0,0.5228173601998003,0.5228173601998003,True,0.8137820864971242,0.7913333198476189,0.022448766649505347,0.5389117054929253,1.0,0.46108829450707467,True
Cx22-Pair.zip,Pair,00502,728,Cx22-Pair:000729,included,,largest_matched_cytoplasm_instance,1,1,524,7330,0.02783203125,0.07148703956343792,2,crowded,121,0.5057373046875,True,low,high,scale_normalized_known_localisation,largest matched target instance,Crop centre and scale only; never model input or prediction guidance.,1,1,0.5169291048157254,0.7023175579389485,0.33154065169250235,6806,6527,524,2637,0.07699089039083162,0.4040140952964609,0.32702320490562925,0.0,0.902959659405149,0.902959659405149,True,0.8459219099327104,0.4051491131226659,0.44077279681004455,0.15272749876797231,0.6575707274773595,0.5048432287093871,False
Cx22-Pair.zip,Pair,00503,729,Cx22-Pair:000730,included,,largest_matched_cytoplasm_instance,0,0,425,16326,0.0621337890625,0.0260320960431214,1,not_crowded,189,0.5057373046875,True,middle,middle,scale_normalized_known_localisation,largest matched target instance,Crop centre and scale only; never model input or prediction guidance.,0,0,0.08573921993481884,0.11638737758433079,0.05509106228530689,15901,7074,425,15004,0.026727878749764167,2.121006502685892,2.0942786239361277,1.6220609385772038,2.61995206679458,0.9978911282173764,False,0.837919953442729,0.7046122136589014,0.1333077397838276,0.4521905993042078,0.9570338280135949,0.5048432287093871,True
Cx22-Pair.zip,Pair,00503,730,Cx22-Pair:000731,included,,largest_matched_cytoplasm_instance,1,0,874,19118,0.072998046875,0.045716079087770686,2,crowded,195,0.5057373046875,True,high,high,scale_normalized_known_localisation,largest matched target instance,Crop centre and scale only; never model input or prediction guidance.,1,0,0.8364672365798135,0.836064446634428,0.8368700265251989,18244,25389,874,634,0.047906160929620696,0.024971444326283038,0.02293471660333766,0.0,0.5239170084349711,0.5239170084349711,True,0.8652044485145362,0.7389537676811982,0.1262506808333379,0.4865321533265047,0.9913753820358918,0.5048432287093871,True
Cx22-Pair.zip,Pair,00503,731,Cx22-Pair:000732,included,,largest_matched_cytoplasm_instance,1,0,535,24108,0.092041015625,0.022191803550688567,2,crowded,219,0.5057373046875,True,high,middle,scale_normalized_known_localisation,largest matched target instance,Crop centre and scale only; never model input or prediction guidance.,1,0,0.33890298802356084,0.6772081580826919,0.0005978179644298311,23573,26831,535,6156,0.02269545666652526,0.22943610003354328,0.20674064336701803,0.0,0.7283816641422314,0.7283816641422314,True,0.8399978727518163,0.6770568652801872,0.1629410074716291,0.4246352509254936,0.9294784796348807,0.5048432287093871,True
Cx22-Pair.zip,Pair,00504,732,Cx22-Pair:000733,included,,largest_matched_cytoplasm_instance,1,0,995,19758,0.07476806640625,0.0503593481121571,2,crowded,198,0.5057373046875,True,high,high,scale_normalized_known_localisation,largest matched target instance,Crop centre and scale only; never model input or prediction guidance.,1,0,0.5453040798471809,0.7602478314745973,0.3303603282197645,18763,21587,995,4611,0.05302989926983958,0.21360077824616666,0.16057087897632707,0.0,0.7125463423548547,0.7125463423548547,True,0.8403742066633471,0.43153492672485905,0.408839279938488,0.17911331237016548,0.6839565410795526,0.5048432287093871,False
Cx22-Pair.zip,Pair,00505,733,Cx22-Pair:000734,included,,largest_matched_cytoplasm_instance,1,1,245,18411,0.07037353515625,0.013307261962956929,1,not_crowded,191,0.5057373046875,True,high,low,scale_normalized_known_localisation,largest matched target instance,Crop centre and scale only; never model input or prediction guidance.,1,1,0.47206693630219354,0.841663607279593,0.10247026532479414,18166,19968,245,4127,0.013486733458108554,0.2066806891025641,0.19319395564445555,0.0,0.7056262532112522,0.7056262532112522,True,0.8150459662470347,0.3713850669930845,0.44366089925395025,0.11896345263839092,0.6238066813477781,0.5048432287093871,False
Cx22-Pair.zip,Pair,00505,734,Cx22-Pair:000735,included,,largest_matched_cytoplasm_instance,0,0,310,13635,0.05224609375,0.022735606894022736,2,crowded,165,0.5057373046875,True,middle,middle,scale_normalized_known_localisation,largest matched target instance,Crop centre and scale only; never model input or prediction guidance.,0,0,0.5391194712296911,0.8351969981238274,0.24304194433555468,13325,13325,310,2241,0.02326454033771107,0.16818011257035648,0.1449155722326454,0.0,0.6671256766790445,0.6671256766790445,True,0.8328845490264432,0.6728739277302822,0.16001062129616095,0.42045231337558864,0.9252955420849758,0.5048432287093871,True
Cx22-Pair.zip,Pair,00505,735,Cx22-Pair:000736,included,,largest_matched_cytoplasm_instance,0,0,357,21009,0.08038330078125,0.016992717406825647,2,crowded,204,0.5057373046875,True,high,low,scale_normalized_known_localisation,largest matched target instance,Crop centre and scale only; never model input or prediction guidance.,0,0,0.14837040419419428,0.25530867237028376,0.0414321360181048,20652,11842,357,16876,0.01728646135967461,1.4250971119743288,1.4078106506146542,0.9261515478656407,1.9240426760830167,0.997891128217376,False,0.8576533203481923,0.4781076513538188,0.37954566899437353,0.2256860369991252,0.7305292657085123,0.5048432287093871,False
Cx22-Pair.zip,Pair,00506,736,Cx22-Pair:000737,included,,largest_matched_cytoplasm_instance,1,1,238,32007,0.12200927734375,0.007435873402693161,2,crowded,252,0.5057373046875,True,high,low,scale_normalized_known_localisation,largest matched target instance,Crop centre and scale only; never model input or prediction guidance.,1,1,0.44349007011394986,0.8121609009949541,0.07481923923294562,31769,31450,238,6124,0.007491579841984324,0.19472178060413353,0.18723020076214922,0.0,0.6936673447128217,0.6936673447128217,True,0.8256604302237289,0.6823655395149021,0.14329489070882684,0.4299439251602085,0.9347871538695957,0.5048432287093871,True
Cx22-Pair.zip,Pair,00508,737,Cx22-Pair:000738,included,,largest_matched_cytoplasm_instance,0,0,251,7361,0.0281982421875,0.034098627903817416,2,crowded,128,0.5057373046875,True,low,high,scale_normalized_known_localisation,largest matched target instance,Crop centre and scale only; never model input or prediction guidance.,0,0,0.14697012430203693,0.21408024224072672,0.07986000636334713,7110,6100,251,6035,0.03530239099859353,0.989344262295082,0.9540418712964884,0.4903986981863939,1.48828982640377,0.9978911282173761,False,0.8511921325446595,0.6085710527083913,0.24262107983626824,0.3561494383536977,0.8609926670630849,0.5048432287093871,True
Cx22-Pair.zip,Pair,00508,738,Cx22-Pair:000739,included,,largest_matched_cytoplasm_instance,0,0,281,17056,0.064453125,0.01647514071294559,1,not_crowded,184,0.5057373046875,True,middle,low,scale_normalized_known_localisation,largest matched target instance,Crop centre and scale only; never model input or prediction guidance.,0,0,0.22980462881497338,0.4093993049809697,0.05020995264897704,16775,13440,281,10912,0.01675111773472429,0.8119047619047619,0.7951536441700376,0.31295919779607384,1.3108503260134499,0.997891128217376,False,0.859766282385386,0.47312997216469255,0.38663631022069345,0.22070835780999898,0.7255515865193861,0.5048432287093871,False
Cx22-Pair.zip,Pair,00508,739,Cx22-Pair:000740,included,,largest_matched_cytoplasm_instance,0,0,637,16412,0.0628662109375,0.03881306361199122,1,not_crowded,181,0.5057373046875,True,middle,high,scale_normalized_known_localisation,largest matched target instance,Crop centre and scale only; never model input or prediction guidance.,0,0,0.47613666462083937,0.740565229803026,0.21170809943865276,15775,19255,637,3104,0.04038034865293185,0.1612048818488704,0.12082453319593855,0.0,0.6601504459575585,0.6601504459575585,True,0.7957691422509316,0.31375057217297453,0.4820185700779571,0.06132895781828096,0.5661721865276681,0.5048432287093871,False
Cx22-Pair.zip,Pair,00513,740,Cx22-Pair:000741,included,,largest_matched_cytoplasm_instance,0,0,327,13873,0.05316162109375,0.023570965184170692,1,not_crowded,178,0.5057373046875,True,middle,middle,scale_normalized_known_localisation,largest matched target instance,Crop centre and scale only; never model input or prediction guidance.,0,0,0.2781173109232339,0.4726242920075519,0.08361032983891588,13546,11878,327,7495,0.02413996751808652,0.6309984845933659,0.6068585170752794,0.13205292048467787,1.129944048702054,0.9978911282173761,False,0.8711029074610022,0.6660828426841867,0.20502006477681545,0.41366122832949315,0.9185044570388803,0.5048432287093871,True
Cx22-Pair.zip,Pair,00513,741,Cx22-Pair:000742,included,,largest_matched_cytoplasm_instance,0,1,282,30621,0.1168212890625,0.009209366121289312,1,not_crowded,247,0.5057373046875,True,high,low,scale_normalized_known_localisation,largest matched target instance,Crop centre and scale only; never model input or prediction guidance.,0,1,0.1610335937077039,0.298717017671266,0.023350169744141756,30339,15102,282,23872,0.009294966874320182,1.580717785723745,1.571422818849425,1.081772221615057,2.0796633498324333,0.9978911282173764,False,0.8105902807876123,0.5505112201311936,0.2600790606564187,0.2980896057765,0.8029328344858871,0.5048432287093871,False
Cx22-Pair.zip,Pair,00513,742,Cx22-Pair:000743,included,,largest_matched_cytoplasm_instance,0,0,347,25044,0.09521484375,0.013855614119150296,1,not_crowded,223,0.5057373046875,True,high,low,scale_normalized_known_localisation,largest matched target instance,Crop centre and scale only; never model input or prediction guidance.,0,0,0.12815710967612065,0.2241577927004018,0.032156426651839494,24697,10894,347,21235,0.014050289508847229,1.9492381127225995,1.9351878232137523,1.4502925486139113,2.4481836768312877,0.9978911282173764,False,0.8358884828348945,0.4806552140123473,0.3552332688225472,0.22823359965765372,0.7330768283670408,0.5048432287093871,False
Cx22-Pair.zip,Pair,00513,743,Cx22-Pair:000744,included,,largest_matched_cytoplasm_instance,0,0,466,28728,0.1092529296875,0.016221108326371483,1,not_crowded,239,0.5057373046875,True,high,low,scale_normalized_known_localisation,largest matched target instance,Crop centre and scale only; never model input or prediction guidance.,0,0,0.20163456530707072,0.35976245523369144,0.043506675380450006,28262,15856,466,20956,0.016488571226381712,1.3216448032290615,1.3051562320026797,0.8226992391203735,1.8205903673377497,0.9978911282173762,False,0.8548364851177871,0.6387202236698591,0.21611626144792795,0.3862986093151656,0.8911418380245527,0.5048432287093871,True
Cx22-Pair.zip,Pair,00513,744,Cx22-Pair:000745,included,,largest_matched_cytoplasm_instance,1,1,432,20807,0.0791015625,0.020762243475753353,1,not_crowded,203,0.5057373046875,True,high,middle,scale_normalized_known_localisation,largest matched target instance,Crop centre and scale only; never model input or prediction guidance.,1,1,0.12685794466735167,0.20569721540595326,0.04801867392875007,20375,7744,432,17561,0.02120245398773006,2.2676911157024793,2.246488661714749,1.768745551593791,2.7666366798111675,0.9978911282173764,False,0.844343597296035,0.5086260244108873,0.3357175728851477,0.25620441005619377,0.7610476387655809,0.5048432287093871,False
Cx22-Pair.zip,Pair,00513,745,Cx22-Pair:000746,included,,largest_matched_cytoplasm_instance,0,0,314,31859,0.12213134765625,0.00985592768134593,1,not_crowded,251,0.5057373046875,True,high,low,scale_normalized_known_localisation,largest matched target instance,Crop centre and scale only; never model input or prediction guidance.,0,0,0.10871405093347625,0.19478849697852826,0.02263960488842424,31545,15121,314,27425,0.009954033919797114,1.813702797434032,1.8037487635142349,1.314757233325344,2.31264836154272,0.9978911282173759,False,0.8122827654031625,0.6647627577023895,0.147520007700773,0.4123411433476959,0.917184372057083,0.5048432287093871,True
Cx22-Pair.zip,Pair,00514,746,Cx22-Pair:000747,included,,largest_matched_cytoplasm_instance,1,1,655,22451,0.08563232421875,0.029174647009041915,2,crowded,211,0.5057373046875,True,high,middle,scale_normalized_known_localisation,largest matched target instance,Crop centre and scale only; never model input or prediction guidance.,1,1,0.49032176923407045,0.7686717074822255,0.2119718309859155,21796,22509,655,5025,0.030051385575334925,0.22324403571904572,0.1931926501437108,0.0,0.7221895998277338,0.7221895998277338,True,0.852623458210408,0.33981367239583044,0.5128097858145775,0.08739205804113687,0.5922352867505241,0.5048432287093871,False
Cx22-Pair.zip,Pair,00514,747,Cx22-Pair:000748,included,,largest_matched_cytoplasm_instance,0,1,778,19350,0.07379150390625,0.04020671834625323,2,crowded,196,0.5057373046875,True,high,high,scale_normalized_known_localisation,largest matched target instance,Crop centre and scale only; never model input or prediction guidance.,0,1,0.9127980154283462,0.8855329393740424,0.9400630914826499,18572,22549,778,807,0.04189101873788499,0.03578872677280589,0.006102291965079103,0.0,0.5347342908814939,0.5347342908814939,True,0.869729977595667,0.7378790027948952,0.1318509748007718,0.4854573884402016,0.9903006171495887,0.5048432287093871,True
Cx22-Pair.zip,Pair,00514,748,Cx22-Pair:000749,included,,largest_matched_cytoplasm_instance,1,0,770,15433,0.0587158203125,0.04989308624376337,2,crowded,175,0.5057373046875,True,middle,high,scale_normalized_known_localisation,largest matched target instance,Crop centre and scale only; never model input or prediction guidance.,1,0,0.6201620720240115,0.8040229702718995,0.43630117377612365,14663,16856,770,2723,0.05251312828207052,0.16154485049833886,0.10903172221626833,0.0,0.660490414607027,0.660490414607027,True,0.8200948193579383,0.6572425132468704,0.16285230611106782,0.4048208988921769,0.909664127601564,0.5048432287093871,True
Cx22-Pair.zip,Pair,00515,749,Cx22-Pair:000750,included,,largest_matched_cytoplasm_instance,1,1,347,15635,0.0596923828125,0.022193795970578828,1,not_crowded,193,0.5057373046875,True,middle,middle,scale_normalized_known_localisation,largest matched target instance,Crop centre and scale only; never model input or prediction guidance.,1,1,0.2781133431100413,0.4822038567493113,0.07402282947077136,15288,11937,347,8326,0.022697540554683412,0.697495183044316,0.6747976424896326,0.19854961893562795,1.196440747153004,0.9978911282173761,False,0.8469568095803525,0.37596645276170887,0.4709903568186436,0.1235448384070153,0.6283880671164024,0.5048432287093871,False
Cx22-Pair.zip,Pair,00515,750,Cx22-Pair:000751,included,,largest_matched_cytoplasm_instance,1,0,278,24926,0.0947265625,0.011153012918237984,2,crowded,223,0.5057373046875,True,high,low,scale_normalized_known_localisation,largest matched target instance,Crop centre and scale only; never model input or prediction guidance.,1,0,0.3475408828235513,0.631698272715046,0.06338349293205654,24648,27399,278,8494,0.01127880558260305,0.3100113142815431,0.2987325086989401,0.0,0.8089568783902312,0.8089568783902312,True,0.7380364865038589,0.29869619200209324,0.43934029450176565,0.04627457764739967,0.5511178063567868,0.5048432287093871,False
Cx22-Pair.zip,Pair,00515,751,Cx22-Pair:000752,included,,largest_matched_cytoplasm_instance,0,0,163,17637,0.067138671875,0.009241934569371208,2,crowded,246,0.5057373046875,True,middle,low,scale_normalized_known_localisation,largest matched target instance,Crop centre and scale only; never model input or prediction guidance.,0,0,0.3111039383015962,0.5747371749268833,0.04747070167630915,17474,33130,163,6578,0.009328144672084239,0.19855116208874132,0.1892230174166571,0.0,0.6974967261974294,0.6974967261974294,True,0.792353197940217,0.7084407401191276,0.08391245782108936,0.45601912576443404,0.9608623544738212,0.5048432287093871,True
Cx22-Pair.zip,Pair,00517,752,Cx22-Pair:000753,included,,largest_matched_cytoplasm_instance,1,1,357,21244,0.0811767578125,0.01680474486913952,1,not_crowded,205,0.5057373046875,True,high,low,scale_normalized_known_localisation,largest matched target instance,Crop centre and scale only; never model input or prediction guidance.,1,1,0.38197447908698023,0.6744191776096972,0.08952978056426332,20887,19702,357,7618,0.0170919710824915,0.3866612526647041,0.3695692815822126,0.0,0.8856068167733921,0.8856068167733921,True,0.8623825740243019,0.6254175176291,0.23696505639520182,0.37299590327440646,0.8778391319837936,0.5048432287093871,True
Cx22-Pair.zip,Pair,00517,753,Cx22-Pair:000754,included,,largest_matched_cytoplasm_instance,0,0,234,23924,0.09088134765625,0.009780973081424511,2,crowded,218,0.5057373046875,True,high,low,scale_normalized_known_localisation,largest matched target instance,Crop centre and scale only; never model input or prediction guidance.,0,0,0.3758348174532502,0.7516696349065004,0.0,23690,30214,234,3431,0.009877585479105108,0.11355662937710995,0.10367904389800484,0.0,0.612502193485798,0.612502193485798,True,0.8101185834349903,0.545815359457748,0.2643032239772424,0.2933937451030544,0.7982369738124415,0.5048432287093871,False
Cx22-Pair.zip,Pair,00517,754,Cx22-Pair:000755,included,,largest_matched_cytoplasm_instance,1,1,181,30474,0.116455078125,0.005939489400800683,1,not_crowded,246,0.5057373046875,True,high,low,scale_normalized_known_localisation,largest matched target instance,Crop centre and scale only; never model input or prediction guidance.,1,1,0.3929061067951445,0.7349695169610755,0.05084269662921349,30293,33677,181,6939,0.005974977717624534,0.20604566915105266,0.20007069143342812,0.0,0.7049912332597408,0.7049912332597408,True,0.8392374596625078,0.1576270063917385,0.6816104532707694,0.0,0.41004862074643206,0.41004862074643206,False
Cx22-Pair.zip,Pair,00517,755,Cx22-Pair:000756,included,,largest_matched_cytoplasm_instance,0,1,374,17808,0.0682373046875,0.02100179694519317,1,not_crowded,188,0.5057373046875,True,high,middle,scale_normalized_known_localisation,largest matched target instance,Crop centre and scale only; never model input or prediction guidance.,0,1,0.834790032638574,0.9257598405580468,0.7438202247191011,17434,18692,374,516,0.021452334518756454,0.02760539268136101,0.006153058162604554,0.0,0.526550956790049,0.526550956790049,True,0.8073831173357824,0.7818562047278336,0.025526912607948815,0.52943459037314,1.0,0.47056540962686,True
Cx22-Pair.zip,Pair,00518,756,Cx22-Pair:000757,included,,largest_matched_cytoplasm_instance,0,1,460,23936,0.09100341796875,0.019217914438502674,2,crowded,218,0.5057373046875,True,high,middle,scale_normalized_known_localisation,largest matched target instance,Crop centre and scale only; never model input or prediction guidance.,0,1,0.6146679636587109,0.8394501198133434,0.3898858075040783,23476,32027,460,766,0.019594479468393253,0.023917319761451276,0.004322840293058024,0.0,0.5228628838701393,0.5228628838701393,True,0.7379765155571033,0.5550751612959068,0.18290135426119647,0.30265354694121327,0.8074967756506004,0.5048432287093871,True
Cx22-Pair.zip,Pair,00518,757,Cx22-Pair:000758,included,,largest_matched_cytoplasm_instance,0,1,549,21133,0.080810546875,0.025978327733875928,2,crowded,205,0.5057373046875,True,high,middle,scale_normalized_known_localisation,largest matched target instance,Crop centre and scale only; never model input or prediction guidance.,0,1,0.4259217307754013,0.674546513383517,0.17729694816728564,20584,25779,549,5644,0.02667120093276331,0.21893789518600412,0.1922666942532408,0.0,0.7178834592946922,0.7178834592946922,True,0.8723079236107335,0.2714057257660514,0.6009021978446821,0.018984111411357807,0.5238273401207449,0.5048432287093871,False
Cx22-Pair.zip,Pair,00519,758,Cx22-Pair:000759,included,,largest_matched_cytoplasm_instance,0,0,325,17472,0.06683349609375,0.018601190476190476,1,not_crowded,186,0.5057373046875,True,middle,middle,scale_normalized_known_localisation,largest matched target instance,Crop centre and scale only; never model input or prediction guidance.,0,0,0.4443462439816613,0.75902811439651,0.1296643735668126,17147,15861,325,4472,0.018953752843062926,0.2819494357228422,0.26299568287977926,0.0,0.7808949998315302,0.7808949998315302,True,0.8437444248444961,0.33387036433631156,0.5098740605081845,0.081448749981618,0.5862919786910051,0.5048432287093871,False
Cx22-Pair.zip,Pair,00519,759,Cx22-Pair:000760,included,,largest_matched_cytoplasm_instance,0,0,375,8318,0.03143310546875,0.04508295263284443,2,crowded,129,0.5057373046875,True,low,high,scale_normalized_known_localisation,largest matched target instance,Crop centre and scale only; never model input or prediction guidance.,0,0,0.5037165334480904,0.7381153985726382,0.2693176683235427,7943,8591,375,1838,0.04721138109026816,0.21394482598067746,0.1667334448904093,0.0,0.7128903900893655,0.7128903900893655,True,0.8328169163585811,0.30666719136075626,0.5261497249978249,0.054245577006062695,0.5590888057154498,0.5048432287093871,False
Cx22-Pair.zip,Pair,00519,760,Cx22-Pair:000761,included,,largest_matched_cytoplasm_instance,1,1,342,20983,0.0802001953125,0.016298908640327885,2,crowded,215,0.5057373046875,True,high,low,scale_normalized_known_localisation,largest matched target instance,Crop centre and scale only; never model input or prediction guidance.,1,1,0.4739156306649632,0.7539333428811097,0.19389791844881665,20641,28236,342,3165,0.016568964681943705,0.11209094772630684,0.09552198304436314,0.0,0.611036511834995,0.611036511834995,True,0.7885972741088213,0.30524961728955696,0.48334765681926434,0.052828002934863394,0.5576712316442505,0.5048432287093871,False
Cx22-Pair.zip,Pair,00519,761,Cx22-Pair:000762,included,,largest_matched_cytoplasm_instance,1,1,344,12170,0.046142578125,0.02826622843056697,1,not_crowded,168,0.5057373046875,True,middle,middle,scale_normalized_known_localisation,largest matched target instance,Crop centre and scale only; never model input or prediction guidance.,1,1,0.8883361883343455,0.9172474565408956,0.8594249201277955,11826,13140,344,282,0.02908844917977338,0.021461187214611873,0.007627261965161506,0.0,0.5204067513232999,0.5204067513232999,True,0.8234524182298338,0.7378705284244541,0.08558188980537973,0.48544891406976054,0.9902921427791477,0.5048432287093871,True
Cx22-Pair.zip,Pair,00520,762,Cx22-Pair:000763,included,,largest_matched_cytoplasm_instance,1,0,616,15055,0.057373046875,0.040916638990368646,2,crowded,181,0.5057373046875,True,middle,high,scale_normalized_known_localisation,largest matched target instance,Crop centre and scale only; never model input or prediction guidance.,1,0,0.7725367424319112,0.8520265657004531,0.6930469191633691,14439,17783,616,1153,0.042662234226747,0.06483720407130406,0.022174969844557052,0.0,0.5637827681799921,0.5637827681799921,True,0.8272855506720593,0.7631230220298317,0.0641625286422276,0.5107014076751382,1.0,0.48929859232486184,True
Cx22-Pair.zip,Pair,00520,763,Cx22-Pair:000764,included,,largest_matched_cytoplasm_instance,1,1,818,9334,0.03570556640625,0.087636597385901,2,crowded,136,0.5057373046875,True,low,high,scale_normalized_known_localisation,largest matched target instance,Crop centre and scale only; never model input or prediction guidance.,1,1,0.6224902774358706,0.7618344874560109,0.48314606741573035,8516,9102,818,2564,0.09605448567402536,0.2816963304768183,0.18564184480279294,0.0,0.7806418945855064,0.7806418945855064,True,0.8378880373118232,0.5113990397983346,0.3264889975134886,0.258977425443641,0.7638206541530281,0.5048432287093871,False
Cx22-Pair.zip,Pair,00521,764,Cx22-Pair:000765,included,,largest_matched_cytoplasm_instance,1,0,176,12950,0.04949951171875,0.013590733590733591,2,crowded,161,0.5057373046875,True,middle,low,scale_normalized_known_localisation,largest matched target instance,Crop centre and scale only; never model input or prediction guidance.,1,0,0.8502592242294275,0.808390168575473,0.892128279883382,12774,18310,176,167,0.013777986535149523,0.009120699071545604,0.004657287463603919,0.0,0.5080662631802336,0.5080662631802336,True,0.8239498410618648,0.880998230581506,0.057048389519641196,0.6285766162268124,1.0,0.3714233837731876,True
Cx22-Pair.zip,Pair,00524,765,Cx22-Pair:000766,included,,largest_matched_cytoplasm_instance,1,1,263,17548,0.06689453125,0.014987462958741737,1,not_crowded,187,0.5057373046875,True,middle,low,scale_normalized_known_localisation,largest matched target instance,Crop centre and scale only; never model input or prediction guidance.,1,1,0.734590041236823,0.9008608563551455,0.5683192261185006,17285,18261,263,564,0.015215504772924502,0.03088549367504518,0.01566998890212068,0.0,0.5298310577837333,0.5298310577837333,True,0.816044502582027,0.400777159179064,0.415267343402963,0.1483555448243704,0.6531987735337575,0.5048432287093871,False
Cx22-Pair.zip,Pair,00524,766,Cx22-Pair:000767,included,,largest_matched_cytoplasm_instance,0,1,262,19638,0.074951171875,0.013341480802525715,1,not_crowded,198,0.5057373046875,True,high,low,scale_normalized_known_localisation,largest matched target instance,Crop centre and scale only; never model input or prediction guidance.,0,1,0.5098512113922924,0.815137756681457,0.20456466610312765,19376,19388,262,2104,0.01352188274153592,0.10852073447493295,0.09499885173339703,0.0,0.607466298583621,0.607466298583621,True,0.8125866901068234,0.28807571119113623,0.5245109789156872,0.03565409683644266,0.5404973255458299,0.5048432287093871,False
Cx22-Pair.zip,Pair,00525,767,Cx22-Pair:000768,included,,largest_matched_cytoplasm_instance,0,1,259,21208,0.08087158203125,0.012212372689551113,2,crowded,207,0.5057373046875,True,high,low,scale_normalized_known_localisation,largest matched target instance,Crop centre and scale only; never model input or prediction guidance.,0,1,0.33551449220110974,0.6145958217483356,0.056433162653883866,20949,18254,259,8920,0.012363358632870304,0.4886600197217048,0.4762966610888345,0.0,0.9876055838303929,0.9876055838303929,True,0.8022132461717542,0.2839503505892931,0.5182628955824611,0.03152873623459951,0.5363719649439866,0.5048432287093871,False
Cx22-Pair.zip,Pair,00525,768,Cx22-Pair:000769,included,,largest_matched_cytoplasm_instance,0,0,541,11586,0.04425048828125,0.0466942862074918,1,not_crowded,152,0.5057373046875,True,low,high,scale_normalized_known_localisation,largest matched target instance,Crop centre and scale only; never model input or prediction guidance.,0,0,0.5638437600581682,0.8545321041037774,0.2731554160125589,11045,13469,541,733,0.04898143956541422,0.05442126364243819,0.005439824077023973,0.0,0.5533668277511262,0.5533668277511262,True,0.8580933170040487,0.36106213933453046,0.4970311776695182,0.1086405249798369,0.613483753689224,0.5048432287093871,False
Cx22-Pair.zip,Pair,00525,769,Cx22-Pair:000770,included,,largest_matched_cytoplasm_instance,1,1,321,34691,0.1324462890625,0.009253120405868957,2,crowded,262,0.5057373046875,True,high,low,scale_normalized_known_localisation,largest matched target instance,Crop centre and scale only; never model input or prediction guidance.,1,1,0.5297595274411707,0.8882434081383628,0.17127564674397858,34370,41026,321,800,0.00933954029677044,0.019499829376492955,0.010160289079722514,0.0,0.518445393485181,0.518445393485181,True,0.8486677991753696,0.6714343258641964,0.17723347331117323,0.4190127115095028,0.92385594021889,0.5048432287093871,True
Cx22-Pair.zip,Pair,00525,770,Cx22-Pair:000771,included,,largest_matched_cytoplasm_instance,1,1,385,26996,0.102783203125,0.014261372055119277,2,crowded,232,0.5057373046875,True,high,low,scale_normalized_known_localisation,largest matched target instance,Crop centre and scale only; never model input or prediction guidance.,1,1,0.6954179771879623,0.8089819109834198,0.5818540433925049,26611,35692,385,629,0.014467701326519108,0.017622996749971982,0.003155295423452874,0.0,0.5165685608586601,0.5165685608586601,True,0.8421134826712735,0.7662547015195105,0.07585878115176303,0.5138330871648169,1.0,0.4861669128351831,True
Cx22-Pair.zip,Pair,00527,771,Cx22-Pair:000772,included,,largest_matched_cytoplasm_instance,1,1,572,5267,0.0201416015625,0.10860072147332447,2,crowded,103,0.5057373046875,True,low,high,scale_normalized_known_localisation,largest matched target instance,Crop centre and scale only; never model input or prediction guidance.,1,1,0.4965907582124405,0.6080417754569191,0.38513974096796183,4695,4880,572,2362,0.12183173588924387,0.4840163934426229,0.36218465755337903,0.0,0.982961957551311,0.982961957551311,True,0.8445599431332288,0.49704398905712993,0.34751595407609887,0.24462237470243636,0.7494656034118234,0.5048432287093871,False
Cx22-Pair.zip,Pair,00528,772,Cx22-Pair:000773,included,,largest_matched_cytoplasm_instance,1,1,475,18788,0.0723876953125,0.025282094954226102,2,crowded,193,0.5057373046875,True,high,middle,scale_normalized_known_localisation,largest matched target instance,Crop centre and scale only; never model input or prediction guidance.,1,1,0.13446100430000393,0.2125421866415509,0.05637982195845697,18313,7169,475,16375,0.02593785835199039,2.2841400474264195,2.2582021890744293,1.7851944833177313,2.7830856115351077,0.9978911282173764,False,0.7572616353505203,0.6435605249748798,0.11370111037564046,0.39113891062018624,0.8959821393295734,0.5048432287093871,True
Cx22-Pair.zip,Pair,00529,773,Cx22-Pair:000774,included,,largest_matched_cytoplasm_instance,1,1,454,15776,0.06036376953125,0.02877789046653144,2,crowded,177,0.5057373046875,True,middle,middle,scale_normalized_known_localisation,largest matched target instance,Crop centre and scale only; never model input or prediction guidance.,1,1,0.5136142551365306,0.7112925325416762,0.3159359777313848,15322,19710,454,2420,0.029630596527868425,0.12278031456113647,0.09314971803326805,0.0,0.6217258786698245,0.6217258786698245,True,0.8392546527767344,0.7313318032519022,0.10792284952483222,0.4789101888972086,0.9837534176065957,0.5048432287093871,True
Cx22-Pair.zip,Pair,00529,774,Cx22-Pair:000775,included,,largest_matched_cytoplasm_instance,1,0,825,16878,0.06439208984375,0.048880199075719874,2,crowded,183,0.5057373046875,True,middle,high,scale_normalized_known_localisation,largest matched target instance,Crop centre and scale only; never model input or prediction guidance.,1,0,0.8772445588828944,0.830834549555526,0.9236545682102628,16053,21632,825,773,0.05139226312838722,0.03573409763313609,0.015658165495251126,0.0,0.5346796617418241,0.5346796617418241,True,0.8326177103869409,0.7311796823515685,0.10143802803537239,0.4787580679968749,0.9836012967062621,0.5048432287093871,True
Cx22-Pair.zip,Pair,00529,775,Cx22-Pair:000776,included,,largest_matched_cytoplasm_instance,1,1,519,10491,0.0399169921875,0.04947097512153274,2,crowded,145,0.5057373046875,True,low,high,scale_normalized_known_localisation,largest matched target instance,Crop centre and scale only; never model input or prediction guidance.,1,1,0.8333532773594364,0.8081979505123719,0.858508604206501,9972,10033,519,527,0.05204572803850782,0.05252666201534935,0.00048093397684152717,0.0,0.5514722261240375,0.5514722261240375,True,0.8451100223874252,0.8027967074760324,0.042313314911392785,0.5503750931213388,1.0,0.4496249068786612,True
Cx22-Pair.zip,Pair,00530,776,Cx22-Pair:000777,included,,largest_matched_cytoplasm_instance,1,1,467,25186,0.0963134765625,0.018542047169062176,2,crowded,224,0.5057373046875,True,high,middle,scale_normalized_known_localisation,largest matched target instance,Crop centre and scale only; never model input or prediction guidance.,1,1,0.6390789089873654,0.8809398890721032,0.3972179289026275,24719,28649,467,827,0.01889235001415915,0.0288666271074034,0.009974277093244253,0.0,0.5278121912160915,0.5278121912160915,True,0.8342590703245036,0.6478101084678861,0.18644896185661752,0.39538849411319255,0.9002317228225797,0.5048432287093871,True
Cx22-Pair.zip,Pair,00531,777,Cx22-Pair:000778,included,,largest_matched_cytoplasm_instance,1,1,933,40355,0.15362548828125,0.02311981167141618,1,not_crowded,295,0.5057373046875,True,high,middle,scale_normalized_known_localisation,largest matched target instance,Crop centre and scale only; never model input or prediction guidance.,1,1,0.6589039833450931,0.8744756146148257,0.4433323520753606,39422,45916,933,2464,0.023666987976256913,0.053663211081104625,0.029996223104847713,0.0,0.5526087751897927,0.5526087751897927,True,0.8187565981679567,0.2557598073730316,0.562996790794925,0.0033381930183380426,0.5081814217277252,0.5048432287093871,False
Cx22-Pair.zip,Pair,00531,778,Cx22-Pair:000779,included,,largest_matched_cytoplasm_instance,1,0,404,28704,0.10955810546875,0.01407469342251951,2,crowded,239,0.5057373046875,True,high,low,scale_normalized_known_localisation,largest matched target instance,Crop centre and scale only; never model input or prediction guidance.,1,0,0.43235211456430167,0.7656158422875411,0.09908838684106223,28300,28005,404,7165,0.014275618374558303,0.2558471701481878,0.24157155177362952,0.0,0.7547927342568759,0.7547927342568759,True,0.8875039995483622,0.4994051067056883,0.38809889284267396,0.2469834923509947,0.7518267210603818,0.5048432287093871,False
Cx22-Pair.zip,Pair,00531,779,Cx22-Pair:000780,included,,largest_matched_cytoplasm_instance,0,0,893,39366,0.149658203125,0.02268455011939237,1,not_crowded,279,0.5057373046875,True,high,middle,scale_normalized_known_localisation,largest matched target instance,Crop centre and scale only; never model input or prediction guidance.,0,0,0.3526077934401638,0.6179915196797025,0.08722406720062512,38473,24968,893,19583,0.023211083097237024,0.7843239346363345,0.7611128515390975,0.2853783705276465,1.2832694987450226,0.9978911282173761,False,0.8340086107451959,0.5913412951533386,0.2426673155918574,0.338919680798645,0.8437629095080321,0.5048432287093871,True
Cx22-Pair.zip,Pair,00532,780,Cx22-Pair:000781,included,,largest_matched_cytoplasm_instance,0,0,790,16622,0.0631103515625,0.047527373360606424,2,crowded,182,0.5057373046875,True,middle,high,scale_normalized_known_localisation,largest matched target instance,Crop centre and scale only; never model input or prediction guidance.,0,0,0.6995377631816595,0.8749042556450871,0.524171270718232,15832,16807,790,2106,0.0498989388580091,0.12530493246861427,0.07540599361060517,0.0,0.6242504965773024,0.6242504965773024,True,0.789058686873076,0.7349553267996828,0.054103360073393225,0.4825337124449892,0.9873769411543764,0.5048432287093871,True
Cx22-Pair.zip,Pair,00532,781,Cx22-Pair:000782,included,,largest_matched_cytoplasm_instance,0,1,995,22320,0.08551025390625,0.04457885304659498,1,not_crowded,211,0.5057373046875,True,high,high,scale_normalized_known_localisation,largest matched target instance,Crop centre and scale only; never model input or prediction guidance.,0,1,0.4424012253775747,0.6694830014081674,0.215319449346982,21325,23414,995,7504,0.046658851113716295,0.32049201332536087,0.27383316221164455,0.0,0.819437577434049,0.819437577434049,True,0.8060320728542167,0.3090865289729845,0.49694554388123224,0.05666491461829093,0.5615081433276781,0.5048432287093871,False
Cx22-Pair.zip,Pair,00533,782,Cx22-Pair:000783,included,,largest_matched_cytoplasm_instance,0,0,790,21128,0.08062744140625,0.0373911397198031,2,crowded,205,0.5057373046875,True,high,high,scale_normalized_known_localisation,largest matched target instance,Crop centre and scale only; never model input or prediction guidance.,0,0,0.8743679335487247,0.8911880286849759,0.8575478384124734,20338,24703,790,621,0.03884354410463172,0.025138647127879204,0.013704896976752517,0.0,0.5240842112365672,0.5240842112365672,True,0.8200514894979472,0.7510672923604106,0.06898419713753656,0.498645678005717,1.0,0.501354321994283,True
Cx22-Pair.zip,Pair,00533,783,Cx22-Pair:000784,included,,largest_matched_cytoplasm_instance,0,1,348,19203,0.073486328125,0.018122168411185753,2,crowded,195,0.5057373046875,True,high,middle,scale_normalized_known_localisation,largest matched target instance,Crop centre and scale only; never model input or prediction guidance.,0,1,0.43287639889905044,0.7644869750132908,0.10126582278481013,18855,20646,348,6525,0.018456642800318217,0.31604184829991283,0.2975852054995946,0.0,0.814987412408601,0.814987412408601,True,0.8081588543793511,0.47237003718829407,0.335788817191057,0.2199484228336005,0.7247916515429876,0.5048432287093871,False
Cx22-Pair.zip,Pair,00534,784,Cx22-Pair:000785,included,,largest_matched_cytoplasm_instance,0,1,716,26899,0.1024169921875,0.02661808989181754,2,crowded,231,0.5057373046875,True,high,middle,scale_normalized_known_localisation,largest matched target instance,Crop centre and scale only; never model input or prediction guidance.,0,1,0.8172806800095092,0.8543228591672296,0.7802385008517888,26183,34506,716,458,0.02734598785471489,0.01327305396162986,0.01407293389308503,0.0,0.5122186180703179,0.5122186180703179,True,0.8607529666023234,0.7225244753308048,0.1382284912715186,0.4701028609761112,0.9749460896854983,0.5048432287093871,True
Cx22-Pair.zip,Pair,00534,785,Cx22-Pair:000786,included,,largest_matched_cytoplasm_instance,0,0,409,11759,0.0450439453125,0.03478186920656518,2,crowded,153,0.5057373046875,True,middle,high,scale_normalized_known_localisation,largest matched target instance,Crop centre and scale only; never model input or prediction guidance.,0,0,0.5840986699059647,0.7743113903704245,0.393885949441505,11350,16024,409,1292,0.0360352422907489,0.08062905641537693,0.04459381412462803,0.0,0.579574620524065,0.579574620524065,True,0.8117039009484367,0.6624262100253749,0.14927769092306176,0.41000459567068137,0.9148478243800685,0.5048432287093871,True
Cx22-Pair.zip,Pair,00535,786,Cx22-Pair:000787,included,,largest_matched_cytoplasm_instance,1,0,324,21388,0.08160400390625,0.015148681503646904,1,not_crowded,206,0.5057373046875,True,high,low,scale_normalized_known_localisation,largest matched target instance,Crop centre and scale only; never model input or prediction guidance.,1,0,0.6174762029893303,0.9026224842447652,0.33232992173389525,21064,23207,324,1337,0.015381693885301938,0.05761192743568751,0.04223023355038557,0.0,0.5565574915443756,0.5565574915443756,True,0.8574019508444198,0.5783251351838168,0.27907681566060305,0.3259035208291232,0.8307467495385104,0.5048432287093871,False
Cx22-Pair.zip,Pair,00535,787,Cx22-Pair:000788,included,,largest_matched_cytoplasm_instance,0,0,641,20534,0.0780029296875,0.031216518944190124,2,crowded,202,0.5057373046875,True,high,high,scale_normalized_known_localisation,largest matched target instance,Crop centre and scale only; never model input or prediction guidance.,0,0,0.5096849824842169,0.8194730046387069,0.19989696032972695,19893,21929,641,3241,0.03222238978535163,0.1477951570979069,0.11557276731255525,0.0,0.646740721206595,0.646740721206595,True,0.7875942633412406,0.272606796282441,0.5149874670587996,0.02018518192774743,0.5250284106371346,0.5048432287093871,False
Cx22-Pair.zip,Pair,00535,788,Cx22-Pair:000789,included,,largest_matched_cytoplasm_instance,1,0,674,19552,0.07440185546875,0.034472176759410805,2,crowded,197,0.5057373046875,True,high,high,scale_normalized_known_localisation,largest matched target instance,Crop centre and scale only; never model input or prediction guidance.,1,0,0.7047202752300811,0.9165688600324635,0.49287169042769857,18878,21167,674,799,0.035702934632906025,0.03774743704823546,0.002044502415329434,0.0,0.5366930011569235,0.5366930011569235,True,0.8171977452315744,0.597460070414231,0.2197376748173434,0.3450384560595374,0.8498816847689246,0.5048432287093871,True
Cx22-Pair.zip,Pair,00536,789,Cx22-Pair:000790,included,,largest_matched_cytoplasm_instance,1,1,500,14622,0.05572509765625,0.03419504855696895,2,crowded,171,0.5057373046875,True,middle,high,scale_normalized_known_localisation,largest matched target instance,Crop centre and scale only; never model input or prediction guidance.,1,1,0.643011335528845,0.8327135142127219,0.45330915684496825,14122,16801,500,1706,0.03540574989378275,0.10154157490625558,0.06613582501247284,0.0,0.6004871390149437,0.6004871390149437,True,0.8286109049003911,0.5695789776318679,0.2590319272685232,0.31715736327717436,0.8220005919865615,0.5048432287093871,False
Cx22-Pair.zip,Pair,00536,790,Cx22-Pair:000791,included,,largest_matched_cytoplasm_instance,1,0,480,24476,0.09368896484375,0.019611047556790325,1,not_crowded,220,0.5057373046875,True,high,middle,scale_normalized_known_localisation,largest matched target instance,Crop centre and scale only; never model input or prediction guidance.,1,0,0.8957071345794678,0.8642759375855461,0.9271383315733897,23996,30799,480,467,0.020003333888981498,0.015162829962011754,0.0048405039269697435,0.0,0.5141083940706999,0.5141083940706999,True,0.8212211149787775,0.7896829619729736,0.03153815300580387,0.53726134761828,1.0,0.46273865238171996,True
Cx22-Pair.zip,Pair,00538,791,Cx22-Pair:000792,included,,largest_matched_cytoplasm_instance,0,0,390,39392,0.148681640625,0.009900487408610886,2,crowded,280,0.5057373046875,True,high,low,scale_normalized_known_localisation,largest matched target instance,Crop centre and scale only; never model input or prediction guidance.,0,0,0.4388743575925658,0.8777487151851316,0.0,39002,37079,390,4700,0.009999487205784318,0.12675638501577713,0.11675689780999281,0.0,0.6257019491244652,0.6257019491244652,True,0.824806903557536,0.42038538953820526,0.4044215140193308,0.1679637751835117,0.6728070038928988,0.5048432287093871,False
Cx22-Pair.zip,Pair,00539,792,Cx22-Pair:000793,included,,largest_matched_cytoplasm_instance,0,1,502,19784,0.07489013671875,0.02537403962798221,1,not_crowded,206,0.5057373046875,True,high,middle,scale_normalized_known_localisation,largest matched target instance,Crop centre and scale only; never model input or prediction guidance.,0,1,0.5687512739862727,0.8292746998712796,0.3082278481012658,19282,18785,502,2658,0.0260346437091588,0.1414958743678467,0.1154612306586879,0.0,0.6404414384765348,0.6404414384765348,True,0.7806114906078876,0.6796164028942212,0.10099508771366639,0.42719478853952764,0.9320380172489148,0.5048432287093871,True
Cx22-Pair.zip,Pair,00542,793,Cx22-Pair:000794,included,,largest_matched_cytoplasm_instance,0,0,331,17454,0.066650390625,0.01896413429586341,1,not_crowded,186,0.5057373046875,True,middle,middle,scale_normalized_known_localisation,largest matched target instance,Crop centre and scale only; never model input or prediction guidance.,0,0,0.7111964302025697,0.8336989032901296,0.5886939571150097,17123,22997,331,695,0.019330724756175904,0.03022133321737618,0.010890608461200275,0.0,0.5291668973260643,0.5291668973260643,True,0.7892515245155018,0.709727718023223,0.07952380649227886,0.4573061036685294,0.9621493323779166,0.5048432287093871,True
Cx22-Pair.zip,Pair,00542,794,Cx22-Pair:000795,included,,largest_matched_cytoplasm_instance,1,1,553,34529,0.1314697265625,0.016015523183411047,2,crowded,262,0.5057373046875,True,high,low,scale_normalized_known_localisation,largest matched target instance,Crop centre and scale only; never model input or prediction guidance.,1,1,0.3396040681659224,0.6034640989409589,0.07574403739088598,33976,34671,553,13996,0.016276194961149047,0.4036803091921202,0.38740411423097115,0.0,0.9026258733008083,0.9026258733008083,True,0.7843322915008597,0.39659957171734733,0.38773271978351237,0.14417795736265376,0.649021186072041,0.5048432287093871,False
Cx22-Pair.zip,Pair,00543,795,Cx22-Pair:000796,included,,largest_matched_cytoplasm_instance,1,0,476,26047,0.09918212890625,0.018274657350174684,2,crowded,227,0.5057373046875,True,high,middle,scale_normalized_known_localisation,largest matched target instance,Crop centre and scale only; never model input or prediction guidance.,1,0,0.4879721146751646,0.8194196065680377,0.15652462278229148,25571,23637,476,5555,0.0186148371201752,0.23501290349875195,0.21639806637857675,0.0,0.73395846760744,0.73395846760744,True,0.7967998043395154,0.6293845780888303,0.16741522625068506,0.37696296373413674,0.8818061924435239,0.5048432287093871,True
Cx22-Pair.zip,Pair,00545,796,Cx22-Pair:000797,included,,largest_matched_cytoplasm_instance,1,1,250,14785,0.05621337890625,0.016909029421711193,2,crowded,171,0.5057373046875,True,middle,low,scale_normalized_known_localisation,largest matched target instance,Crop centre and scale only; never model input or prediction guidance.,1,1,0.834998476665946,0.8717136915293168,0.7982832618025751,14535,17682,250,216,0.01719986240110079,0.012215812690872073,0.004984049710228719,0.0,0.5111613767995601,0.5111613767995601,True,0.8668162309859405,0.7884217859509116,0.0783944450350289,0.536000171596218,1.0,0.46399982840378196,True
Cx22-Pair.zip,Pair,00550,797,Cx22-Pair:000798,included,,largest_matched_cytoplasm_instance,0,0,616,11251,0.04278564453125,0.054750688827659766,1,not_crowded,150,0.5057373046875,True,low,high,scale_normalized_known_localisation,largest matched target instance,Crop centre and scale only; never model input or prediction guidance.,0,0,0.9250642907888564,0.9101441700422492,0.9399844115354637,10635,12324,616,667,0.057921955806299955,0.05412203829925349,0.003799917507046467,0.0,0.5530676024079415,0.5530676024079415,True,0.7813152394383994,0.79794299008077,0.016627750642370542,0.5455213757260764,1.0,0.4544786242739236,True
Cx22-Pair.zip,Pair,00553,798,Cx22-Pair:000799,included,,largest_matched_cytoplasm_instance,0,0,357,13564,0.0517578125,0.02631966971394869,2,crowded,164,0.5057373046875,True,middle,middle,scale_normalized_known_localisation,largest matched target instance,Crop centre and scale only; never model input or prediction guidance.,0,0,0.508445088132998,0.8180949955431045,0.19879518072289157,13207,18205,357,307,0.027031119860679943,0.016863499038725624,0.01016762082195432,0.0,0.5158090631474137,0.5158090631474137,True,0.8076048409385677,0.8098811109748644,0.0022762700362967125,0.5574594966201708,1.0,0.4425405033798292,True
Cx22-Pair.zip,Pair,00553,799,Cx22-Pair:000800,included,,largest_matched_cytoplasm_instance,0,0,282,26415,0.10076904296875,0.010675752413401476,1,not_crowded,229,0.5057373046875,True,high,low,scale_normalized_known_localisation,largest matched target instance,Crop centre and scale only; never model input or prediction guidance.,0,0,0.31869473281045907,0.5930157081656497,0.04437375745526839,26133,20085,282,12293,0.010790953966249569,0.612048792631317,0.6012578386650674,0.11310322852262888,1.110994356740005,0.997891128217376,False,0.7806979554976196,0.5063847889874118,0.27431316651020776,0.2539631746327182,0.7588064033421054,0.5048432287093871,False
Cx22-Pair.zip,Pair,00554,800,Cx22-Pair:000801,included,,largest_matched_cytoplasm_instance,1,1,304,31097,0.11822509765625,0.009775862623404187,2,crowded,248,0.5057373046875,True,high,low,scale_normalized_known_localisation,largest matched target instance,Crop centre and scale only; never model input or prediction guidance.,1,1,0.7034949378782698,0.8875552467812745,0.519434628975265,30793,36858,304,828,0.009872373591400642,0.02246459384665473,0.012592220255254088,0.0,0.5214101579553428,0.5214101579553428,True,0.8105304455122325,0.5599494111077369,0.25058103440449564,0.3075277967530433,0.8123710254624305,0.5048432287093871,True
Cx22-Pair.zip,Pair,00555,801,Cx22-Pair:000802,included,,largest_matched_cytoplasm_instance,1,1,331,17005,0.0650634765625,0.019464863275507203,1,not_crowded,184,0.5057373046875,True,middle,middle,scale_normalized_known_localisation,largest matched target instance,Crop centre and scale only; never model input or prediction guidance.,1,1,0.8854740129548562,0.9218033913840513,0.8491446345256609,16674,18238,331,312,0.01985126544320499,0.017107138940673318,0.002744126502531672,0.0,0.5160527030493613,0.5160527030493613,True,0.7666215255887645,0.7196408309306309,0.04698069465813359,0.46721921657593735,0.9720624452853245,0.5048432287093871,True
Cx22-Pair.zip,Pair,00563,802,Cx22-Pair:000803,included,,largest_matched_cytoplasm_instance,1,0,524,14692,0.05596923828125,0.03566566839096107,2,crowded,171,0.5057373046875,True,middle,high,scale_normalized_known_localisation,largest matched target instance,Crop centre and scale only; never model input or prediction guidance.,1,0,0.751533075426623,0.8762384331164372,0.6268277177368087,14168,16415,524,1049,0.03698475437605872,0.06390496497106306,0.026920210595004337,0.0,0.5628505290797511,0.5628505290797511,True,0.8138880462026291,0.7998233285072972,0.014064717695331908,0.5474017141526036,1.0,0.45259828584739636,True
Cx22-Pair.zip,Pair,00564,803,Cx22-Pair:000804,included,,largest_matched_cytoplasm_instance,1,0,441,30597,0.11724853515625,0.014413177762525738,2,crowded,246,0.5057373046875,True,high,low,scale_normalized_known_localisation,largest matched target instance,Crop centre and scale only; never model input or prediction guidance.,1,0,0.8868221958753568,0.8645534826598047,0.9090909090909091,30156,38240,441,505,0.014623955431754874,0.013206066945606694,0.0014178884861481798,0.0,0.5121516310542947,0.5121516310542947,True,0.8013506958910379,0.6369436740704804,0.16440702182055755,0.3845220597157868,0.8893652884251739,0.5048432287093871,True
Cx22-Pair.zip,Pair,00564,804,Cx22-Pair:000805,included,,largest_matched_cytoplasm_instance,0,0,534,35064,0.1339111328125,0.015229295003422313,2,crowded,264,0.5057373046875,True,high,low,scale_normalized_known_localisation,largest matched target instance,Crop centre and scale only; never model input or prediction guidance.,0,0,0.7904134162297445,0.8977195574903151,0.6831072749691739,34530,40587,534,277,0.015464813205907906,0.00682484539384532,0.008639967812062586,0.0,0.5057704095025334,0.5057704095025334,True,0.709409934273688,0.6091718295129822,0.10023810476070583,0.35675021515828864,0.8615934438676758,0.5048432287093871,True
Cx22-Pair.zip,Pair,00565,805,Cx22-Pair:000806,included,,largest_matched_cytoplasm_instance,0,0,1278,33955,0.1298828125,0.037638050360771606,2,crowded,260,0.5057373046875,True,high,high,scale_normalized_known_localisation,largest matched target instance,Crop centre and scale only; never model input or prediction guidance.,0,0,0.5627916085937511,0.8367901137392263,0.28879310344827586,32677,43550,1278,578,0.039110077424488174,0.013272101033295063,0.02583797639119311,0.0,0.5122176651419831,0.5122176651419831,True,0.6950140153757608,0.7219060431711252,0.02689202779536437,0.4694844288164316,0.9743276575258187,0.5048432287093871,True
Cx22-Pair.zip,Pair,00565,806,Cx22-Pair:000807,included,,largest_matched_cytoplasm_instance,0,0,236,27344,0.1043701171875,0.008630778232884728,2,crowded,233,0.5057373046875,True,high,low,scale_normalized_known_localisation,largest matched target instance,Crop centre and scale only; never model input or prediction guidance.,0,0,0.3818855564376811,0.7115240462382136,0.05224706663714855,27108,23586,236,8798,0.008705917072450936,0.3730178919698126,0.36431197489736167,0.0,0.8719634560785007,0.8719634560785007,True,0.8128810022290991,0.2544250212305187,0.5584559809985804,0.00200340687582512,0.5068466355852123,0.5048432287093871,False
Cx22-Pair.zip,Pair,00569,807,Cx22-Pair:000808,included,,largest_matched_cytoplasm_instance,0,0,428,13676,0.0518798828125,0.03129570049722141,1,not_crowded,165,0.5057373046875,True,middle,high,scale_normalized_known_localisation,largest matched target instance,Crop centre and scale only; never model input or prediction guidance.,0,0,0.4714900804641333,0.7712149218618719,0.17176523906639474,13248,10556,428,3985,0.03230676328502415,0.3775104206138689,0.3452036573288448,0.0,0.876455984722557,0.876455984722557,True,0.7586815913241147,0.45376663879412577,0.30491495252998896,0.2013450244394322,0.7061882531488193,0.5048432287093871,False
Cx22-Pair.zip,Pair,00571,808,Cx22-Pair:000809,included,,largest_matched_cytoplasm_instance,0,0,338,27369,0.10406494140625,0.012349738755526326,2,crowded,233,0.5057373046875,True,high,low,scale_normalized_known_localisation,largest matched target instance,Crop centre and scale only; never model input or prediction guidance.,0,0,0.5297428826945476,0.8323352277546866,0.2271505376344086,27031,31914,338,2638,0.012504161888202435,0.08265964780347183,0.0701554859152694,0.0,0.5816052119121599,0.5816052119121599,True,0.7487120898096981,0.23437751193840603,0.514334577871292,0.0,0.4867991262930996,0.4867991262930996,False
Cx22-Pair.zip,Pair,00572,809,Cx22-Pair:000810,included,,largest_matched_cytoplasm_instance,0,0,170,9922,0.03765869140625,0.017133642410804274,1,not_crowded,141,0.5057373046875,True,low,low,scale_normalized_known_localisation,largest matched target instance,Crop centre and scale only; never model input or prediction guidance.,0,0,0.8578250645919818,0.8885824600110315,0.8270676691729323,9752,12004,170,229,0.017432321575061527,0.019076974341886037,0.00164465276682451,0.0,0.5180225384505741,0.5180225384505741,True,0.7448796979132748,0.8169402056465553,0.07206050773328054,0.5645185912918618,1.0,0.43548140870813823,True
Cx22-Pair.zip,Pair,00574,810,Cx22-Pair:000811,included,,largest_matched_cytoplasm_instance,1,0,1100,24926,0.0948486328125,0.0441306266548985,2,crowded,223,0.5057373046875,True,high,high,scale_normalized_known_localisation,largest matched target instance,Crop centre and scale only; never model input or prediction guidance.,1,0,0.5077815949200807,0.767724573125464,0.2478386167146974,23826,19278,1100,6881,0.046168051708217916,0.35693536673928833,0.3107673150310704,0.0,0.8558809308479765,0.8558809308479765,True,0.829492676549238,0.23062978774535225,0.5988628888038857,0.0,0.4830514021000458,0.4830514021000458,False
Cx22-Pair.zip,Pair,00575,811,Cx22-Pair:000812,included,,largest_matched_cytoplasm_instance,0,0,423,15460,0.058837890625,0.027360931435963777,1,not_crowded,176,0.5057373046875,True,middle,middle,scale_normalized_known_localisation,largest matched target instance,Crop centre and scale only; never model input or prediction guidance.,0,0,0.8947808050641208,0.9340837546503863,0.8554778554778555,15037,16412,423,435,0.028130611159140787,0.026504996344138436,0.0016256148150023512,0.0,0.5254505604528265,0.5254505604528265,True,0.6866272315926374,0.6058682932964644,0.08075893829617298,0.35344667894177084,0.858289907651158,0.5048432287093871,True
Cx22-Pair.zip,Pair,00576,812,Cx22-Pair:000813,included,,largest_matched_cytoplasm_instance,0,0,223,19525,0.0743408203125,0.011421254801536492,2,crowded,197,0.5057373046875,True,high,low,scale_normalized_known_localisation,largest matched target instance,Crop centre and scale only; never model input or prediction guidance.,0,0,0.7023974416817701,0.9114320515051331,0.49336283185840707,19302,20927,223,681,0.011553206921562533,0.03254169255029388,0.020988485628731346,0.0,0.5314872566589819,0.5314872566589819,True,0.7990989380052543,0.7770328550746832,0.022066082930571107,0.5246112407199897,1.0,0.47538875928001034,True
Cx22-Pair.zip,Pair,00576,813,Cx22-Pair:000814,included,,largest_matched_cytoplasm_instance,1,0,230,16060,0.061279296875,0.014321295143212951,1,not_crowded,207,0.5057373046875,True,middle,low,scale_normalized_known_localisation,largest matched target instance,Crop centre and scale only; never model input or prediction guidance.,1,0,0.4721634238201043,0.8228586670223053,0.12146818061790335,15830,14163,230,3557,0.014529374605180037,0.2511473557862035,0.23661798118102348,0.0,0.7500929198948916,0.7500929198948916,True,0.8182417878058769,0.15192633282724283,0.6663154549786341,0.0,0.4043479471819364,0.4043479471819364,False
Cx22-Pair.zip,Pair,00578,814,Cx22-Pair:000815,included,,largest_matched_cytoplasm_instance,0,1,457,14974,0.05718994140625,0.030519567249899827,1,not_crowded,173,0.5057373046875,True,middle,high,scale_normalized_known_localisation,largest matched target instance,Crop centre and scale only; never model input or prediction guidance.,0,1,0.7240704785053089,0.8784198414727691,0.5697211155378487,14517,16771,457,1049,0.03148033340221809,0.06254844672351083,0.031068113321292737,0.0,0.5614940108321989,0.5614940108321989,True,0.8278496139606849,0.5101048765688806,0.3177447373918043,0.257683262214187,0.7625264909235742,0.5048432287093871,False
Cx22-Pair.zip,Pair,00580,815,Cx22-Pair:000816,included,,largest_matched_cytoplasm_instance,0,0,554,19629,0.07501220703125,0.028223546793010344,1,not_crowded,198,0.5057373046875,True,high,middle,scale_normalized_known_localisation,largest matched target instance,Crop centre and scale only; never model input or prediction guidance.,0,0,0.8638206891622708,0.9050727072035322,0.8225686711210096,19075,22599,554,793,0.029043250327653997,0.03509004823222266,0.006046797904568666,0.0,0.5340356123409107,0.5340356123409107,True,0.831415207129696,0.7308141091748532,0.10060109795484273,0.47839249482015966,0.9832357235295468,0.5048432287093871,True
Cx22-Pair.zip,Pair,00580,816,Cx22-Pair:000817,included,,largest_matched_cytoplasm_instance,0,1,763,24331,0.09283447265625,0.03135917142739715,2,crowded,220,0.5057373046875,True,high,high,scale_normalized_known_localisation,largest matched target instance,Crop centre and scale only; never model input or prediction guidance.,0,1,0.8860912136372895,0.8857786603528603,0.8864037669217186,23568,28804,763,936,0.03237440597420231,0.032495486737953064,0.00012108076375075272,0.0,0.5314410508466412,0.5314410508466412,True,0.8451002741545871,0.6896047588832428,0.1554955152713443,0.43718314452854923,0.9420263732379364,0.5048432287093871,True
Cx22-Pair.zip,Pair,00581,817,Cx22-Pair:000818,included,,largest_matched_cytoplasm_instance,1,1,199,23215,0.08868408203125,0.008572043937109627,2,crowded,215,0.5057373046875,True,high,low,scale_normalized_known_localisation,largest matched target instance,Crop centre and scale only; never model input or prediction guidance.,1,1,0.37484803271650957,0.7078057380990543,0.04189032733396485,23016,20657,199,9302,0.008646159193604449,0.45030740184925205,0.4416612426556476,0.0,0.9492529659579401,0.9492529659579401,True,0.788982611265734,0.18051681967909441,0.6084657915866396,0.0,0.43293843403378796,0.43293843403378796,False
Cx22-Pair.zip,Pair,00582,818,Cx22-Pair:000819,included,,largest_matched_cytoplasm_instance,1,0,542,22305,0.0850830078125,0.024299484420533514,2,crowded,211,0.5057373046875,True,high,middle,scale_normalized_known_localisation,largest matched target instance,Crop centre and scale only; never model input or prediction guidance.,1,0,0.3247402075626964,0.5589584944573344,0.09052192066805846,21763,17027,542,11433,0.02490465468915131,0.6714629705761438,0.6465583158869925,0.17251740646745573,1.1704085346848319,0.9978911282173761,False,0.7542715422498667,0.5271861970978965,0.2270853451519702,0.2747645827432029,0.7796078114525901,0.5048432287093871,True
Cx22-Pair.zip,Pair,00584,819,Cx22-Pair:000820,included,,largest_matched_cytoplasm_instance,0,0,313,15704,0.059814453125,0.019931227712684668,2,crowded,178,0.5057373046875,True,middle,middle,scale_normalized_known_localisation,largest matched target instance,Crop centre and scale only; never model input or prediction guidance.,0,0,0.4253398880003173,0.6768642447418738,0.17381553125876087,15391,17035,313,3254,0.0203365603274641,0.19101849134135604,0.17068193101389195,0.0,0.6899640554500441,0.6899640554500441,True,0.8253767446525464,0.27560477816008416,0.5497719664924623,0.023183163805390594,0.5280263925147777,0.5048432287093871,False
Cx22-Multi-Train.zip,Multi-Train,00000,0,Cx22-Multi-Train:000001,included,,largest_matched_cytoplasm_instance,3,3,522,14691,0.05621337890625,0.035531958341841946,2,crowded,193,0.5057373046875,True,middle,high,scale_normalized_known_localisation,largest matched target instance,Crop centre and scale only; never model input or prediction guidance.,3,3,0.6448870832376097,0.7586088548221027,0.5311653116531165,14169,20795,522,1323,0.036840990895617196,0.06362106275547007,0.026780071859852872,0.0,0.5625666268641581,0.5625666268641581,True,0.7545021390667291,0.12850177826858547,0.6260003607981437,0.0,0.380923392623279,0.380923392623279,False
Cx22-Multi-Train.zip,Multi-Train,00002,1,Cx22-Multi-Train:000002,included,,largest_matched_cytoplasm_instance,13,18,90,5070,0.01934814453125,0.01775147928994083,2,crowded,101,0.5057373046875,True,low,low,scale_normalized_known_localisation,largest matched target instance,Crop centre and scale only; never model input or prediction guidance.,13,18,0.7596393746026217,0.8491756564217382,0.6701030927835051,4980,4846,90,104,0.018072289156626505,0.021460998761865455,0.0033887096052389494,0.0,0.5204065628705535,0.5204065628705535,True,0.8669986383319356,0.8378658336315786,0.02913280470035695,0.5854442192768851,1.0,0.41455578072311494,True
Cx22-Multi-Train.zip,Multi-Train,00002,2,Cx22-Multi-Train:000003,included,,largest_matched_cytoplasm_instance,16,16,357,10147,0.03863525390625,0.0351828126539864,2,crowded,142,0.5057373046875,True,low,high,scale_normalized_known_localisation,largest matched target instance,Crop centre and scale only; never model input or prediction guidance.,16,16,0.7706621992809937,0.9085375133160858,0.6327868852459017,9790,9923,357,253,0.03646578140960163,0.025496321676912223,0.01096945973268941,0.0,0.5244418857856002,0.5244418857856002,True,0.807604851769151,0.8390365934016315,0.031431741632480525,0.5866149790469379,1.0,0.41338502095306207,True
Cx22-Multi-Train.zip,Multi-Train,00005,3,Cx22-Multi-Train:000004,included,,largest_matched_cytoplasm_instance,10,6,119,3218,0.012451171875,0.036979490366687386,1,not_crowded,80,0.5057373046875,True,low,high,scale_normalized_known_localisation,largest matched target instance,Crop centre and scale only; never model input or prediction guidance.,10,6,0.6022262434393287,0.8757616790792146,0.3286908077994429,3099,2809,119,599,0.038399483704420784,0.2132431470274119,0.17484366332299112,0.0,0.7121887111360999,0.7121887111360999,True,0.835714403386643,0.2089711523071113,0.6267432510795318,0.0,0.46139276666180484,0.46139276666180484,False
Cx22-Multi-Train.zip,Multi-Train,00005,4,Cx22-Multi-Train:000005,included,,largest_matched_cytoplasm_instance,11,10,126,3844,0.0146484375,0.032778355879292405,1,not_crowded,88,0.5057373046875,True,low,high,scale_normalized_known_localisation,largest matched target instance,Crop centre and scale only; never model input or prediction guidance.,11,10,0.6620721587064144,0.8843537414965986,0.4397905759162304,3718,3779,126,447,0.03388918773534158,0.11828526065096587,0.08439607291562429,0.0,0.617230824759654,0.617230824759654,True,0.7695947130371751,0.774402051301677,0.00480733826450197,0.5219804369469835,1.0,0.4780195630530165,True
Cx22-Multi-Train.zip,Multi-Train,00007,5,Cx22-Multi-Train:000006,included,,largest_matched_cytoplasm_instance,0,3,56,1886,0.00726318359375,0.029692470837751856,1,not_crowded,63,0.5057373046875,True,low,high,scale_normalized_known_localisation,largest matched target instance,Crop centre and scale only; never model input or prediction guidance.,0,3,0.8898709367257127,0.9225990163085684,0.8571428571428571,1830,2033,56,49,0.030601092896174863,0.024102311854402363,0.006498781041772501,0.0,0.5230478759630904,0.5230478759630904,True,0.7651890306794396,0.8323186919600186,0.06712966128057907,0.579897077605325,1.0,0.42010292239467495,True
Cx22-Multi-Train.zip,Multi-Train,00008,6,Cx22-Multi-Train:000007,included,,largest_matched_cytoplasm_instance,4,4,90,3508,0.01348876953125,0.02565564424173318,1,not_crowded,87,0.5057373046875,True,low,middle,scale_normalized_known_localisation,largest matched target instance,Crop centre and scale only; never model input or prediction guidance.,4,4,0.7887536524490869,0.810384017226941,0.7671232876712328,3418,4941,90,56,0.02633118782913985,0.011333738109694394,0.014997449719445456,0.0,0.5102793022183825,0.5102793022183825,True,0.7356073727596117,0.7755034392647978,0.03989606650518607,0.5230818249101042,1.0,0.47691817508989576,True
Cx22-Multi-Train.zip,Multi-Train,00009,7,Cx22-Multi-Train:000008,included,,largest_matched_cytoplasm_instance,4,4,173,15358,0.0594482421875,0.011264487563484828,2,crowded,179,0.5057373046875,True,middle,low,scale_normalized_known_localisation,largest matched target instance,Crop centre and scale only; never model input or prediction guidance.,4,4,0.40204274261914913,0.7338031370766083,0.07028234816169003,15185,15608,173,4750,0.011392821863681265,0.30433111225012816,0.29293829038644686,0.0,0.8032766763588162,0.8032766763588162,True,0.8078465868391573,0.33620535332305534,0.471641233516102,0.08378373896836178,0.5886269676777489,0.5048432287093871,False
Cx22-Multi-Train.zip,Multi-Train,00012,8,Cx22-Multi-Train:000009,included,,largest_matched_cytoplasm_instance,5,5,184,5630,0.0213623046875,0.03268206039076377,2,crowded,106,0.5057373046875,True,low,high,scale_normalized_known_localisation,largest matched target instance,Crop centre and scale only; never model input or prediction guidance.,5,5,0.8708457034824697,0.9386223532564996,0.80306905370844,5446,5747,184,207,0.033786265148733015,0.036018792413433094,0.0022325272647000793,0.0,0.5349643565221212,0.5349643565221212,True,0.8550224860804391,0.8093361830157332,0.04568630306470589,0.5569145686610396,1.0,0.4430854313389604,True
Cx22-Multi-Train.zip,Multi-Train,00013,9,Cx22-Multi-Train:000010,included,,largest_matched_cytoplasm_instance,6,5,214,6715,0.025634765625,0.03186895011169025,1,not_crowded,116,0.5057373046875,True,low,high,scale_normalized_known_localisation,largest matched target instance,Crop centre and scale only; never model input or prediction guidance.,6,5,0.8286714618215496,0.9253841607565012,0.7319587628865979,6501,7035,214,368,0.032918012613444084,0.05230987917555082,0.019391866562106737,0.0,0.5512554432842389,0.5512554432842389,True,0.8409695628748871,0.8631453131230902,0.022175750248203063,0.6107236987683966,1.0,0.3892763012316034,True
Cx22-Multi-Train.zip,Multi-Train,00014,10,Cx22-Multi-Train:000011,included,,largest_matched_cytoplasm_instance,7,5,148,9067,0.0345458984375,0.016322929304069703,2,crowded,134,0.5057373046875,True,low,low,scale_normalized_known_localisation,largest matched target instance,Crop centre and scale only; never model input or prediction guidance.,7,5,0.7612638656190244,0.8498819913277348,0.672645739910314,8919,9300,148,75,0.016593788541316292,0.008064516129032258,0.008529272412284034,0.0,0.5070100802377203,0.5070100802377203,True,0.838477964343045,0.8051909030056943,0.03328706133735071,0.5527692886510007,1.0,0.4472307113489993,True
Cx22-Multi-Train.zip,Multi-Train,00016,11,Cx22-Multi-Train:000012,included,,largest_matched_cytoplasm_instance,6,6,90,9905,0.0377197265625,0.009086320040383645,3,crowded,140,0.5057373046875,True,low,low,scale_normalized_known_localisation,largest matched target instance,Crop centre and scale only; never model input or prediction guidance.,6,6,0.7146267271732396,0.8591599964025541,0.5700934579439252,9815,12423,90,124,0.009169638308711156,0.009981485953473396,0.0008118476447622393,0.0,0.5089270500621614,0.5089270500621614,True,0.8379066289367699,0.8422063938980014,0.0042997649612315225,0.5897847795433079,1.0,0.4102152204566921,True
Cx22-Multi-Train.zip,Multi-Train,00017,12,Cx22-Multi-Train:000013,included,,largest_matched_cytoplasm_instance,1,1,211,7909,0.0301513671875,0.026678467568592743,3,crowded,126,0.5057373046875,True,low,middle,scale_normalized_known_localisation,largest matched target instance,Crop centre and scale only; never model input or prediction guidance.,1,1,0.9246717641385962,0.9337879727216367,0.9155555555555556,7698,8432,211,239,0.027409716809560926,0.028344402277039847,0.0009346854674789212,0.0,0.5272899663857279,0.5272899663857279,True,0.74221932972842,0.792664841315766,0.050445511587346004,0.5402432269610724,1.0,0.4597567730389276,True
Cx22-Multi-Train.zip,Multi-Train,00017,13,Cx22-Multi-Train:000014,included,,largest_matched_cytoplasm_instance,4,4,575,19003,0.07220458984375,0.030258380255749093,1,not_crowded,194,0.5057373046875,True,high,high,scale_normalized_known_localisation,largest matched target instance,Crop centre and scale only; never model input or prediction guidance.,4,4,0.8373591407394729,0.913810777115944,0.7609075043630017,18428,17667,575,571,0.031202517907532017,0.03232014490292636,0.0011176269953943434,0.0,0.5312657090116144,0.5312657090116144,True,0.8454952467441695,0.77128923553104,0.07420601121312953,0.5188676211763464,1.0,0.48113237882365356,True
Cx22-Multi-Train.zip,Multi-Train,00019,14,Cx22-Multi-Train:000015,included,,largest_matched_cytoplasm_instance,5,5,120,6789,0.026123046875,0.017675651789659744,2,crowded,116,0.5057373046875,True,low,low,scale_normalized_known_localisation,largest matched target instance,Crop centre and scale only; never model input or prediction guidance.,5,5,0.850457136507321,0.87790542345712,0.8230088495575221,6669,8303,120,106,0.01799370220422852,0.012766469950620257,0.005227232253608263,0.0,0.5117120340593083,0.5117120340593083,True,0.7820608572526268,0.7884722338906249,0.0064113766379981785,0.5360506195359314,1.0,0.46394938046406864,True
Cx22-Multi-Train.zip,Multi-Train,00020,15,Cx22-Multi-Train:000016,included,,largest_matched_cytoplasm_instance,9,6,78,5261,0.019775390625,0.014826078692263827,2,crowded,102,0.5057373046875,True,low,low,scale_normalized_known_localisation,largest matched target instance,Crop centre and scale only; never model input or prediction guidance.,9,6,0.8831427247487432,0.8411153814702755,0.9251700680272109,5183,7046,78,69,0.015049199305421571,0.009792790235594664,0.0052564090698269065,0.0,0.5087383543442827,0.5087383543442827,True,0.7020298782983747,0.7660880185968603,0.06405814029848556,0.5136664042421667,1.0,0.4863335957578333,True
Cx22-Multi-Train.zip,Multi-Train,00021,16,Cx22-Multi-Train:000017,included,,largest_matched_cytoplasm_instance,6,6,88,2823,0.010986328125,0.031172511512575274,1,not_crowded,81,0.5057373046875,True,low,high,scale_normalized_known_localisation,largest matched target instance,Crop centre and scale only; never model input or prediction guidance.,6,6,0.8696931831868,0.9241689750692521,0.8152173913043478,2735,3041,88,96,0.03217550274223035,0.03156856297270635,0.0006069397695240009,0.0,0.5305141270813944,0.5305141270813944,True,0.8438786868476896,0.7594817991314465,0.0843968877162431,0.507060184776753,1.0,0.49293981522324704,True
Cx22-Multi-Train.zip,Multi-Train,00022,17,Cx22-Multi-Train:000018,included,,largest_matched_cytoplasm_instance,6,6,546,17883,0.0682373046875,0.030531789968126152,2,crowded,224,0.5057373046875,True,high,high,scale_normalized_known_localisation,largest matched target instance,Crop centre and scale only; never model input or prediction guidance.,6,6,0.6673286952791553,0.787957515091312,0.5466998754669987,17337,21924,546,1060,0.031493337947741826,0.04834884145228973,0.016855503504547904,0.0,0.5472944055609777,0.5472944055609777,True,0.7563615744208078,0.7223055878491713,0.03405598657163644,0.46988397349447775,0.9747272022038649,0.5048432287093871,True
Cx22-Multi-Train.zip,Multi-Train,00023,18,Cx22-Multi-Train:000019,included,,largest_matched_cytoplasm_instance,11,11,27,2787,0.010498046875,0.00968783638320775,3,crowded,75,0.5057373046875,True,low,low,scale_normalized_known_localisation,largest matched target instance,Crop centre and scale only; never model input or prediction guidance.,11,11,0.8039183673469388,0.8878367346938776,0.72,2760,3365,27,23,0.009782608695652175,0.006835066864784547,0.002947541830867628,0.0,0.5057806309734726,0.5057806309734726,True,0.7256046329210497,0.7124045305189995,0.013200102402050162,0.459982916164306,0.9648261448736931,0.5048432287093871,True
Cx22-Multi-Train.zip,Multi-Train,00025,19,Cx22-Multi-Train:000020,included,,largest_matched_cytoplasm_instance,0,0,76,4641,0.0174560546875,0.016375781081663435,1,not_crowded,96,0.5057373046875,True,low,low,scale_normalized_known_localisation,largest matched target instance,Crop centre and scale only; never model input or prediction guidance.,0,0,0.8379237365444262,0.936931216931217,0.7389162561576355,4565,4885,76,127,0.01664841182913472,0.025997952917093142,0.009349541087958421,0.0,0.5249435170257812,0.5249435170257812,True,0.776088915999237,0.8713792459175201,0.09529032991828312,0.6189576315628266,1.0,0.38104236843717343,True
Cx22-Multi-Train.zip,Multi-Train,00026,20,Cx22-Multi-Train:000021,included,,largest_matched_cytoplasm_instance,2,6,183,6299,0.02435302734375,0.029052230512779807,2,crowded,112,0.5057373046875,True,low,middle,scale_normalized_known_localisation,largest matched target instance,Crop centre and scale only; never model input or prediction guidance.,2,6,0.820353269968833,0.9240398732709991,0.7166666666666667,6116,6825,183,297,0.029921517331589275,0.04351648351648352,0.013594966184894242,0.0,0.5424620476251716,0.5424620476251716,True,0.8054192500148423,0.8379519777414471,0.03253272772660487,0.5855303633867536,1.0,0.41446963661324643,True
Cx22-Multi-Train.zip,Multi-Train,00027,21,Cx22-Multi-Train:000022,included,,largest_matched_cytoplasm_instance,4,1,118,13028,0.04962158203125,0.009057414798894688,2,crowded,161,0.5057373046875,True,middle,low,scale_normalized_known_localisation,largest matched target instance,Crop centre and scale only; never model input or prediction guidance.,4,1,0.38771505561087416,0.7128306417257271,0.06259946949602122,12910,12911,118,3652,0.00914020139426801,0.28285957710479437,0.27371937571052635,0.0,0.7818051412134824,0.7818051412134824,True,0.7720476689654857,0.237126854412857,0.5349208145526287,0.0,0.48954846876755054,0.48954846876755054,False
Cx22-Multi-Train.zip,Multi-Train,00028,22,Cx22-Multi-Train:000023,included,,largest_matched_cytoplasm_instance,10,3,88,3790,0.014404296875,0.02321899736147757,1,not_crowded,87,0.5057373046875,True,low,middle,scale_normalized_known_localisation,largest matched target instance,Crop centre and scale only; never model input or prediction guidance.,10,3,0.8545162021300703,0.9223657375934738,0.7866666666666666,3702,3653,88,62,0.02377093462992977,0.016972351491924446,0.006798583138005323,0.0,0.5159179156006125,0.5159179156006125,True,0.8505718687003124,0.8637734782244538,0.0132016095241414,0.6113518638697603,1.0,0.38864813613023974,True
Cx22-Multi-Train.zip,Multi-Train,00029,23,Cx22-Multi-Train:000024,included,,largest_matched_cytoplasm_instance,5,11,111,9845,0.037353515625,0.011274758760792281,1,not_crowded,140,0.5057373046875,True,low,low,scale_normalized_known_localisation,largest matched target instance,Crop centre and scale only; never model input or prediction guidance.,5,11,0.8605098641033022,0.9018315363246857,0.8191881918819188,9734,11505,111,160,0.011403328539141154,0.013906996957844416,0.002503668418703262,0.0,0.5128525610665324,0.5128525610665324,True,0.8330186877827506,0.8327466068763894,0.0002720809063612162,0.5803249925216958,1.0,0.4196750074783042,True
Cx22-Multi-Train.zip,Multi-Train,00033,24,Cx22-Multi-Train:000025,included,,largest_matched_cytoplasm_instance,6,7,471,18458,0.0706787109375,0.025517390833243038,1,not_crowded,192,0.5057373046875,True,high,middle,scale_normalized_known_localisation,largest matched target instance,Crop centre and scale only; never model input or prediction guidance.,6,7,0.44163863732037506,0.7176991634315709,0.16557811120917917,17987,18591,471,5194,0.026185578473341856,0.2793824969071056,0.25319691843376374,0.0,0.7783280610157937,0.7783280610157937,True,0.7686741415076487,0.15426121384310124,0.6144129276645475,0.0,0.4066828281977948,0.4066828281977948,False
Cx22-Multi-Train.zip,Multi-Train,00034,25,Cx22-Multi-Train:000026,included,,largest_matched_cytoplasm_instance,4,5,104,12941,0.0494384765625,0.00803647322463488,1,not_crowded,160,0.5057373046875,True,middle,low,scale_normalized_known_localisation,largest matched target instance,Crop centre and scale only; never model input or prediction guidance.,4,5,0.8964694891960885,0.9513100191161588,0.8416289592760181,12837,13842,104,117,0.008101581366362857,0.008452535760728219,0.0003509543943653621,0.0,0.5073980998694163,0.5073980998694163,True,0.7761961618764875,0.6863545584453006,0.08984160343118697,0.433932944090607,0.9387761727999941,0.5048432287093871,True
Cx22-Multi-Train.zip,Multi-Train,00035,26,Cx22-Multi-Train:000027,included,,largest_matched_cytoplasm_instance,4,0,239,11754,0.04473876953125,0.02033350348817424,1,not_crowded,153,0.5057373046875,True,middle,middle,scale_normalized_known_localisation,largest matched target instance,Crop centre and scale only; never model input or prediction guidance.,4,0,0.7834702703560306,0.9292200522453041,0.6377204884667571,11515,12602,239,498,0.020755536257056013,0.039517536898904936,0.018762000641848922,0.0,0.538463101007593,0.538463101007593,True,0.77051284696517,0.782247406040856,0.01173455907568599,0.5298257916861624,1.0,0.4701742083138376,True
Cx22-Multi-Train.zip,Multi-Train,00037,27,Cx22-Multi-Train:000028,included,,largest_matched_cytoplasm_instance,7,4,143,16339,0.06256103515625,0.008752065609890447,2,crowded,181,0.5057373046875,True,middle,low,scale_normalized_known_localisation,largest matched target instance,Crop centre and scale only; never model input or prediction guidance.,7,4,0.8041719228251661,0.8931120575708621,0.7152317880794702,16196,17849,143,159,0.008829340577920473,0.008908062076306796,7.872149838632214e-05,0.0,0.5078536261849949,0.5078536261849949,True,0.7760889163727059,0.7348497655277224,0.04123915084498353,0.48242815117302884,0.987271379882416,0.5048432287093871,True
Cx22-Multi-Train.zip,Multi-Train,00037,28,Cx22-Multi-Train:000029,included,,largest_matched_cytoplasm_instance,1,0,220,23926,0.09161376953125,0.009195017972080582,2,crowded,218,0.5057373046875,True,high,low,scale_normalized_known_localisation,largest matched target instance,Crop centre and scale only; never model input or prediction guidance.,1,0,0.9072425162385355,0.9036869104113432,0.9107981220657277,23706,28343,220,206,0.009280350966000168,0.007268108527678792,0.0020122424383213766,0.0,0.5062136726363669,0.5062136726363669,True,0.8211512304666786,0.7351861971571205,0.08596503330955807,0.48276458280242696,0.9876078115118141,0.5048432287093871,True
Cx22-Multi-Train.zip,Multi-Train,00040,29,Cx22-Multi-Train:000030,included,,largest_matched_cytoplasm_instance,3,4,468,13753,0.052734375,0.034028939140551155,1,not_crowded,165,0.5057373046875,True,middle,high,scale_normalized_known_localisation,largest matched target instance,Crop centre and scale only; never model input or prediction guidance.,3,4,0.78027409392525,0.8740946109859643,0.6864535768645358,13285,15570,468,846,0.03522770041400075,0.05433526011560694,0.019107559701606186,0.0,0.553280824224295,0.553280824224295,True,0.7859189393948846,0.8177673594449856,0.03184842005010102,0.565345745090292,1.0,0.434654254909708,True
Cx22-Multi-Train.zip,Multi-Train,00043,30,Cx22-Multi-Train:000031,included,,largest_matched_cytoplasm_instance,4,1,156,7777,0.02984619140625,0.020059148772020058,1,not_crowded,125,0.5057373046875,True,low,middle,scale_normalized_known_localisation,largest matched target instance,Crop centre and scale only; never model input or prediction guidance.,4,1,0.7296033464192144,0.9378796786204193,0.5213270142180095,7621,7688,156,55,0.020469754625377246,0.007154006243496358,0.013315748381880889,0.0,0.5060995703521844,0.5060995703521844,True,0.8329493880679785,0.9012974259882606,0.0683480379202821,0.648875811633567,1.0,0.351124188366433,True
Cx22-Multi-Train.zip,Multi-Train,00044,31,Cx22-Multi-Train:000032,included,,largest_matched_cytoplasm_instance,2,2,400,21782,0.0828857421875,0.018363786612799558,2,crowded,208,0.5057373046875,True,high,middle,scale_normalized_known_localisation,largest matched target instance,Crop centre and scale only; never model input or prediction guidance.,2,2,0.886523465004929,0.8275462962962963,0.9455006337135615,21382,28730,400,389,0.01870732391731363,0.013539853811347024,0.005167470105966606,0.0,0.5124854179200351,0.5124854179200351,True,0.8627606219106633,0.7554682223396492,0.10729239957101411,0.5030466079849556,1.0,0.4969533920150444,True
Cx22-Multi-Train.zip,Multi-Train,00046,32,Cx22-Multi-Train:000033,included,,largest_matched_cytoplasm_instance,0,0,311,14709,0.05596923828125,0.021143517574274254,1,not_crowded,171,0.5057373046875,True,middle,middle,scale_normalized_known_localisation,largest matched target instance,Crop centre and scale only; never model input or prediction guidance.,0,0,0.5858016417653483,0.855004922874959,0.3165983606557377,14398,16072,311,1641,0.021600222253090707,0.10210303633648582,0.08050281408339512,0.0,0.6010486004451738,0.6010486004451738,True,0.7025463862664847,0.30060125078268085,0.40194513548380384,0.04817963642798728,0.5530228651373744,0.5048432287093871,False
Cx22-Multi-Train.zip,Multi-Train,00048,33,Cx22-Multi-Train:000034,included,,largest_matched_cytoplasm_instance,0,0,242,23527,0.08953857421875,0.010286054320567858,2,crowded,224,0.5057373046875,True,high,low,scale_normalized_known_localisation,largest matched target instance,Crop centre and scale only; never model input or prediction guidance.,0,0,0.4926878082748616,0.7390651839797486,0.24631043256997456,23285,32020,242,1723,0.010392956839166845,0.053810118675827606,0.043417161836660764,0.0,0.5527556827845157,0.5527556827845157,True,0.8222335706977033,0.5796849153533703,0.242548655344333,0.32726330099867673,0.8321065297080639,0.5048432287093871,True
Cx22-Multi-Train.zip,Multi-Train,00050,34,Cx22-Multi-Train:000035,included,,largest_matched_cytoplasm_instance,2,2,129,5645,0.02142333984375,0.022852081488042516,1,not_crowded,106,0.5057373046875,True,low,middle,scale_normalized_known_localisation,largest matched target instance,Crop centre and scale only; never model input or prediction guidance.,2,2,0.8879913364351035,0.8759826728702069,0.9,5516,6950,129,111,0.023386511965192168,0.015971223021582735,0.007415288943609433,0.0,0.5149167871302708,0.5149167871302708,True,0.8295441108369302,0.8393749192385273,0.009830808401597002,0.5869533048838337,1.0,0.4130466951161663,True
Cx22-Multi-Train.zip,Multi-Train,00053,35,Cx22-Multi-Train:000036,included,,largest_matched_cytoplasm_instance,7,4,652,12570,0.0477294921875,0.05186953062848051,1,not_crowded,158,0.5057373046875,True,middle,high,scale_normalized_known_localisation,largest matched target instance,Crop centre and scale only; never model input or prediction guidance.,7,4,0.7622210220715028,0.8711354309165527,0.6533066132264529,11918,13667,652,1344,0.05470716563181742,0.09833906490085607,0.043631899269038654,0.0,0.5972846290095442,0.5972846290095442,True,0.8412242166929151,0.6084970375011252,0.23272717919178998,0.3560754231464316,0.8609186518558187,0.5048432287093871,True
Cx22-Multi-Train.zip,Multi-Train,00054,36,Cx22-Multi-Train:000037,included,,largest_matched_cytoplasm_instance,2,0,165,9181,0.03497314453125,0.017971898486003703,2,crowded,135,0.5057373046875,True,low,middle,scale_normalized_known_localisation,largest matched target instance,Crop centre and scale only; never model input or prediction guidance.,2,0,0.5025585961264698,0.7772166397667517,0.22790055248618785,9016,10191,165,1283,0.018300798580301685,0.12589539790010792,0.10759459931980624,0.0,0.624840962008796,0.624840962008796,True,0.7813152452546073,0.6101978439454326,0.17111740130917463,0.35777622959073907,0.8626194583001262,0.5048432287093871,True
Cx22-Multi-Train.zip,Multi-Train,00056,37,Cx22-Multi-Train:000038,included,,largest_matched_cytoplasm_instance,3,2,262,17012,0.0650634765625,0.015400893486950389,2,crowded,184,0.5057373046875,True,middle,low,scale_normalized_known_localisation,largest matched target instance,Crop centre and scale only; never model input or prediction guidance.,3,2,0.864601201659881,0.899934110636835,0.8292682926829268,16750,18157,262,189,0.01564179104477612,0.010409208569697638,0.005232582475078481,0.0,0.5093547726783857,0.5093547726783857,True,0.817424711838897,0.6739718164822174,0.1434528953566796,0.4215502021275238,0.926393430836911,0.5048432287093871,True
Cx22-Multi-Train.zip,Multi-Train,00056,38,Cx22-Multi-Train:000039,included,,largest_matched_cytoplasm_instance,1,2,235,12693,0.04840087890625,0.01851414165287954,1,not_crowded,159,0.5057373046875,True,middle,middle,scale_normalized_known_localisation,largest matched target instance,Crop centre and scale only; never model input or prediction guidance.,1,2,0.5569828721917904,0.868468746384915,0.24549699799866578,12458,13475,235,1264,0.018863380960025686,0.09380333951762523,0.07493995855759955,0.0,0.5927489036263133,0.5927489036263133,True,0.8435357271058285,0.29994892275372875,0.5435868043520997,0.047527308399035184,0.5523705371084223,0.5048432287093871,False
Cx22-Multi-Train.zip,Multi-Train,00057,39,Cx22-Multi-Train:000040,included,,largest_matched_cytoplasm_instance,1,3,147,6678,0.025390625,0.0220125786163522,1,not_crowded,115,0.5057373046875,True,low,middle,scale_normalized_known_localisation,largest matched target instance,Crop centre and scale only; never model input or prediction guidance.,1,3,0.9134313756308752,0.9183454011040217,0.9085173501577287,6531,7418,147,170,0.022508038585209004,0.02291722836344028,0.00040918977823127534,0.0,0.5218627924721283,0.5218627924721283,True,0.8069234278104402,0.8896629088875216,0.0827394810770814,0.6372412945328281,1.0,0.3627587054671719,True
Cx22-Multi-Train.zip,Multi-Train,00059,40,Cx22-Multi-Train:000041,included,,largest_matched_cytoplasm_instance,6,6,162,12877,0.0491943359375,0.012580570008542362,2,crowded,160,0.5057373046875,True,middle,low,scale_normalized_known_localisation,largest matched target instance,Crop centre and scale only; never model input or prediction guidance.,6,6,0.9206628241074597,0.9227209970521288,0.9186046511627907,12715,14084,162,182,0.012740857255210382,0.012922465208747515,0.00018160795353713323,0.0,0.5118680293174356,0.5118680293174356,True,0.8206070868374126,0.8110367365809773,0.009570350256435267,0.5586151222262837,1.0,0.44138487777371627,True
Cx22-Multi-Train.zip,Multi-Train,00061,41,Cx22-Multi-Train:000042,included,,largest_matched_cytoplasm_instance,1,1,301,23723,0.09039306640625,0.012688108586603719,1,not_crowded,217,0.5057373046875,True,high,low,scale_normalized_known_localisation,largest matched target instance,Crop centre and scale only; never model input or prediction guidance.,1,1,0.8312718281186515,0.9115063118389628,0.7510373443983402,23422,23474,301,181,0.012851165570830842,0.0077106586010053674,0.005140506969825475,0.0,0.5066562227096935,0.5066562227096935,True,0.7793661944982003,0.6644629978180937,0.11490319668010662,0.41204138346340013,0.9168846121727873,0.5048432287093871,True
Cx22-Multi-Train.zip,Multi-Train,00062,42,Cx22-Multi-Train:000043,included,,largest_matched_cytoplasm_instance,7,7,251,21740,0.0830078125,0.01154553817847286,2,crowded,208,0.5057373046875,True,high,low,scale_normalized_known_localisation,largest matched target instance,Crop centre and scale only; never model input or prediction guidance.,7,7,0.5459990740943435,0.8678006173244894,0.22419753086419753,21489,24192,251,1774,0.011680394620503513,0.07333002645502645,0.06164963183452294,0.0,0.5722755905637145,0.5722755905637145,True,0.766805045622138,0.5627541884771878,0.2040508571449502,0.31033257412249426,0.8151758028318814,0.5048432287093871,True
Cx22-Multi-Train.zip,Multi-Train,00065,43,Cx22-Multi-Train:000044,included,,largest_matched_cytoplasm_instance,5,5,176,8169,0.03125,0.021544864732525402,1,not_crowded,128,0.5057373046875,True,low,middle,scale_normalized_known_localisation,largest matched target instance,Crop centre and scale only; never model input or prediction guidance.,5,5,0.8208367933813127,0.9541735867626253,0.6875,7993,8264,176,272,0.02201926685850119,0.03291384317521781,0.010894576316716621,0.0,0.5318594072839059,0.5318594072839059,True,0.80752128713281,0.7949547928435796,0.012566494289230401,0.542533178488886,1.0,0.45746682151111395,True
Cx22-Multi-Train.zip,Multi-Train,00066,44,Cx22-Multi-Train:000045,included,,largest_matched_cytoplasm_instance,6,5,102,9272,0.0352783203125,0.01100086281276963,1,not_crowded,136,0.5057373046875,True,low,low,scale_normalized_known_localisation,largest matched target instance,Crop centre and scale only; never model input or prediction guidance.,6,5,0.8433693816764383,0.9150852200457898,0.7716535433070866,9170,10485,102,152,0.011123227917121047,0.014496900333810205,0.0033736724166891583,0.0,0.5134424644424983,0.5134424644424983,True,0.7255697088758621,0.6575282059978269,0.06804150287803523,0.40510659164313334,0.9099498203525205,0.5048432287093871,True
Cx22-Multi-Train.zip,Multi-Train,00067,45,Cx22-Multi-Train:000046,included,,largest_matched_cytoplasm_instance,1,1,550,16914,0.06439208984375,0.03251744117299279,1,not_crowded,183,0.5057373046875,True,middle,high,scale_normalized_known_localisation,largest matched target instance,Crop centre and scale only; never model input or prediction guidance.,1,1,0.7778419451083255,0.9115166121535548,0.6441672780630961,16364,18490,550,813,0.03361036421412857,0.0439697133585722,0.010359349144443628,0.0,0.5429152774672603,0.5429152774672603,True,0.828697458178125,0.7631971281871283,0.06550032999099675,0.5107755138324347,1.0,0.4892244861675653,True
Cx22-Multi-Train.zip,Multi-Train,00068,46,Cx22-Multi-Train:000047,included,,largest_matched_cytoplasm_instance,0,0,140,8281,0.0316162109375,0.0169061707523246,2,crowded,128,0.5057373046875,True,low,low,scale_normalized_known_localisation,largest matched target instance,Crop centre and scale only; never model input or prediction guidance.,0,0,0.8797781219381144,0.9664527956003667,0.7931034482758621,8141,8224,140,92,0.017196904557179708,0.011186770428015564,0.006010134129164143,0.0,0.5101323345367036,0.5101323345367036,True,0.8490984228189286,0.8537326603137566,0.004634237494828053,0.601311045959063,1.0,0.39868895404093696,True
Cx22-Multi-Train.zip,Multi-Train,00070,47,Cx22-Multi-Train:000048,included,,largest_matched_cytoplasm_instance,0,0,258,18878,0.07171630859375,0.01366670198114207,1,not_crowded,194,0.5057373046875,True,high,low,scale_normalized_known_localisation,largest matched target instance,Crop centre and scale only; never model input or prediction guidance.,0,0,0.8705980388144241,0.943150475022985,0.7980456026058632,18620,20536,258,356,0.013856068743286789,0.01733541098558629,0.0034793422422994998,0.0,0.5162809750942744,0.5162809750942744,True,0.6787564424565344,0.724299325471955,0.04554288301542053,0.4718777111172614,0.9767209398266485,0.5048432287093871,True
Cx22-Multi-Train.zip,Multi-Train,00071,48,Cx22-Multi-Train:000049,included,,largest_matched_cytoplasm_instance,6,5,262,20596,0.07855224609375,0.012720916682851038,3,crowded,221,0.5057373046875,True,high,low,scale_normalized_known_localisation,largest matched target instance,Crop centre and scale only; never model input or prediction guidance.,6,5,0.6059869750448867,0.8961844764055629,0.3157894736842105,20334,21731,262,1353,0.012884823448411527,0.0622612857208596,0.049376462272448074,0.0,0.5612068498295477,0.5612068498295477,True,0.6225589663694027,0.2763406566696157,0.34621830969978695,0.023919042314922145,0.5287622710243093,0.5048432287093871,False
Cx22-Multi-Train.zip,Multi-Train,00073,49,Cx22-Multi-Train:000050,included,,largest_matched_cytoplasm_instance,5,6,735,20252,0.0771484375,0.03629271183093028,3,crowded,201,0.5057373046875,True,high,high,scale_normalized_known_localisation,largest matched target instance,Crop centre and scale only; never model input or prediction guidance.,5,6,0.5730244538232373,0.8602594339622641,0.28578947368421054,19517,17795,735,3065,0.03765947635394784,0.17223939308794606,0.13457991673399822,0.0,0.6711849571966342,0.6711849571966342,True,0.8122174220053812,0.3257190595753936,0.48649836242998756,0.07329744522070003,0.5781406739300872,0.5048432287093871,False
Cx22-Multi-Train.zip,Multi-Train,00075,50,Cx22-Multi-Train:000051,included,,largest_matched_cytoplasm_instance,3,2,336,17869,0.068115234375,0.018803514466394316,1,not_crowded,188,0.5057373046875,True,middle,middle,scale_normalized_known_localisation,largest matched target instance,Crop centre and scale only; never model input or prediction guidance.,3,2,0.8185357976132621,0.8763142802523418,0.7607573149741824,17533,19084,336,245,0.019163862430844694,0.012837979459232865,0.006325882971611829,0.0,0.5117835435679209,0.5117835435679209,True,0.7876812268253283,0.7301687001649115,0.05751252666041673,0.47774708581021796,0.9825903145196051,0.5048432287093871,True
Cx22-Multi-Train.zip,Multi-Train,00077,51,Cx22-Multi-Train:000052,included,,largest_matched_cytoplasm_instance,0,0,115,2925,0.0113525390625,0.039316239316239315,1,not_crowded,77,0.5057373046875,True,low,high,scale_normalized_known_localisation,largest matched target instance,Crop centre and scale only; never model input or prediction guidance.,0,0,0.6408762420957543,0.8484191508581752,0.43333333333333335,2810,2725,115,305,0.04092526690391459,0.11192660550458716,0.07100133860067256,0.0,0.6108721696132753,0.6108721696132753,True,0.8026168081628599,0.35548458662900945,0.4471322215338504,0.10306297227431588,0.6079062009837031,0.5048432287093871,False
Cx22-Multi-Train.zip,Multi-Train,00078,52,Cx22-Multi-Train:000053,included,,largest_matched_cytoplasm_instance,22,19,127,3610,0.01385498046875,0.03518005540166205,2,crowded,85,0.5057373046875,True,low,high,scale_normalized_known_localisation,largest matched target instance,Crop centre and scale only; never model input or prediction guidance.,22,19,0.7048397771499694,0.797434656340755,0.6122448979591837,3483,4781,127,118,0.03646281940855584,0.024681029073415604,0.011781790335140239,0.0,0.5236265931821037,0.5236265931821037,True,0.7234115086970289,0.8122755324555556,0.08886402375852676,0.559853918100862,1.0,0.44014608189913795,True
Cx22-Multi-Train.zip,Multi-Train,00078,53,Cx22-Multi-Train:000054,included,,largest_matched_cytoplasm_instance,0,3,240,6012,0.02301025390625,0.03992015968063872,3,crowded,110,0.5057373046875,True,low,high,scale_normalized_known_localisation,largest matched target instance,Crop centre and scale only; never model input or prediction guidance.,0,3,0.5936978827224041,0.8005179373905096,0.38687782805429866,5772,7357,240,644,0.04158004158004158,0.08753568030447194,0.045955638724430356,0.0,0.58648124441316,0.58648124441316,True,0.7822463832527345,0.6498170907594419,0.1324292924932926,0.39739547640474837,0.9022387051141355,0.5048432287093871,True
Cx22-Multi-Train.zip,Multi-Train,00079,54,Cx22-Multi-Train:000055,included,,largest_matched_cytoplasm_instance,7,5,233,12129,0.04644775390625,0.01921015747382307,1,not_crowded,155,0.5057373046875,True,middle,middle,scale_normalized_known_localisation,largest matched target instance,Crop centre and scale only; never model input or prediction guidance.,7,5,0.9116197682941314,0.928930593498832,0.8943089430894309,11896,13361,233,259,0.019586415601882987,0.0193847765885787,0.0002016390133042882,0.0,0.5183303406972668,0.5183303406972668,True,0.8199840681390392,0.8022132429990767,0.01777082513996253,0.5497916286443831,1.0,0.45020837135561687,True
Cx22-Multi-Train.zip,Multi-Train,00080,55,Cx22-Multi-Train:000056,included,,largest_matched_cytoplasm_instance,5,1,486,13911,0.052978515625,0.03493638128100065,1,not_crowded,166,0.5057373046875,True,middle,high,scale_normalized_known_localisation,largest matched target instance,Crop centre and scale only; never model input or prediction guidance.,5,1,0.7494753643721264,0.9149143887053169,0.5840363400389358,13425,13207,486,1055,0.036201117318435755,0.07988188082077687,0.04368076350234111,0.0,0.5788274449294649,0.5788274449294649,True,0.8668162236515133,0.4576255051733087,0.40919071847820465,0.20520389081861512,0.7100471195280023,0.5048432287093871,False
Cx22-Multi-Train.zip,Multi-Train,00082,56,Cx22-Multi-Train:000057,included,,largest_matched_cytoplasm_instance,7,0,112,17944,0.068603515625,0.006241640659830584,2,crowded,189,0.5057373046875,True,high,low,scale_normalized_known_localisation,largest matched target instance,Crop centre and scale only; never model input or prediction guidance.,7,0,0.8900372713640738,0.8774196754715106,0.9026548672566371,17832,22411,112,114,0.006280843427545985,0.005086787738164294,0.001194055689381691,0.0,0.5040323518468524,0.5040323518468524,True,0.8119470551706076,0.8001379132248608,0.011809141945746782,0.5477162988701673,1.0,0.45228370112983274,True
Cx22-Multi-Train.zip,Multi-Train,00085,57,Cx22-Multi-Train:000058,included,,largest_matched_cytoplasm_instance,0,0,313,11214,0.042724609375,0.027911539147494203,2,crowded,149,0.5057373046875,True,low,middle,scale_normalized_known_localisation,largest matched target instance,Crop centre and scale only; never model input or prediction guidance.,0,0,0.8971329701538983,0.9306295766714329,0.8636363636363636,10901,12178,313,391,0.028712962113567563,0.03210707833798653,0.0033941162244189686,0.0,0.5310526424466746,0.5310526424466746,True,0.8207587139217906,0.812233907792994,0.00852480612879658,0.5598122934383004,1.0,0.4401877065616996,True
Cx22-Multi-Train.zip,Multi-Train,00086,58,Cx22-Multi-Train:000059,included,,largest_matched_cytoplasm_instance,3,3,631,23746,0.09051513671875,0.02657289648782953,2,crowded,217,0.5057373046875,True,high,middle,scale_normalized_known_localisation,largest matched target instance,Crop centre and scale only; never model input or prediction guidance.,3,3,0.8762620989685489,0.9086657662924066,0.8438584316446912,23115,26494,631,810,0.027298291152930997,0.030572959915452554,0.0032746687625215577,0.0,0.5295185240241406,0.5295185240241406,True,0.8640927765376537,0.6819574556367015,0.1821353209009522,0.42953584128200795,0.9343790699913951,0.5048432287093871,True
Cx22-Multi-Train.zip,Multi-Train,00087,59,Cx22-Multi-Train:000060,included,,largest_matched_cytoplasm_instance,1,1,428,13262,0.050537109375,0.032272658724174334,3,crowded,162,0.5057373046875,True,middle,high,scale_normalized_known_localisation,largest matched target instance,Crop centre and scale only; never model input or prediction guidance.,1,1,0.8583042235630358,0.9106382978723404,0.8059701492537313,12834,14661,428,376,0.033348916939379775,0.02564627242343633,0.007702644515943446,0.0,0.5245918365321244,0.5245918365321244,True,0.8305210023688123,0.8485151390326362,0.01799413666382388,0.5960935246779426,1.0,0.40390647532205737,True
Cx22-Multi-Train.zip,Multi-Train,00088,60,Cx22-Multi-Train:000061,included,,largest_matched_cytoplasm_instance,5,6,100,8869,0.0341796875,0.011275228323373548,3,crowded,151,0.5057373046875,True,low,low,scale_normalized_known_localisation,largest matched target instance,Crop centre and scale only; never model input or prediction guidance.,5,6,0.363768962596907,0.6659333406665934,0.06160458452722063,8769,9413,100,2692,0.011403808872163303,0.28598746414533094,0.27458365527316764,0.0,0.784933028254019,0.784933028254019,True,0.7300079270098412,0.4184083511959547,0.3115995758138865,0.16598673684126114,0.6708299655506482,0.5048432287093871,False
Cx22-Multi-Train.zip,Multi-Train,00092,61,Cx22-Multi-Train:000062,included,,largest_matched_cytoplasm_instance,2,2,196,16200,0.0616455078125,0.012098765432098766,1,not_crowded,179,0.5057373046875,True,middle,low,scale_normalized_known_localisation,largest matched target instance,Crop centre and scale only; never model input or prediction guidance.,2,2,0.695929833322929,0.9566265060240964,0.43523316062176165,16004,15536,196,576,0.012246938265433641,0.037075180226570546,0.024828241961136907,0.0,0.5360207443352586,0.5360207443352586,True,0.7754957185305349,0.7299967670528795,0.04549895147765537,0.47757515269818596,0.9824183814075731,0.5048432287093871,True
Cx22-Multi-Train.zip,Multi-Train,00093,62,Cx22-Multi-Train:000063,included,,largest_matched_cytoplasm_instance,0,0,58,3416,0.01300048828125,0.016978922716627636,1,not_crowded,83,0.5057373046875,True,low,low,scale_normalized_known_localisation,largest matched target instance,Crop centre and scale only; never model input or prediction guidance.,0,0,0.18264618758872025,0.32247214631070004,0.042820228866740494,3358,1399,58,2651,0.017272185824895772,1.8949249463902789,1.877652760565383,1.395979382281591,2.393870510498967,0.9978911282173759,False,0.7946716069913594,0.8063516932728317,0.011680086281472324,0.5539300789181382,1.0,0.44606992108186183,True
Cx22-Multi-Train.zip,Multi-Train,00095,63,Cx22-Multi-Train:000064,included,,largest_matched_cytoplasm_instance,0,0,218,5899,0.0223388671875,0.03695541617223258,2,crowded,111,0.5057373046875,True,low,high,scale_normalized_known_localisation,largest matched target instance,Crop centre and scale only; never model input or prediction guidance.,0,0,0.9177732675821125,0.9276517983221197,0.9078947368421053,5681,6358,218,238,0.03837352578771343,0.0374331550802139,0.0009403707074995271,0.0,0.536378719188902,0.536378719188902,True,0.7655844183314472,0.9125898269851263,0.14700540865367906,0.6601682126304327,1.0,0.3398317873695673,True
Cx22-Multi-Train.zip,Multi-Train,00097,64,Cx22-Multi-Train:000065,included,,largest_matched_cytoplasm_instance,4,4,36,3297,0.01263427734375,0.01091901728844404,1,not_crowded,81,0.5057373046875,True,low,low,scale_normalized_known_localisation,largest matched target instance,Crop centre and scale only; never model input or prediction guidance.,4,4,0.4895067267748827,0.8344351402967534,0.14457831325301204,3261,3546,36,462,0.011039558417663294,0.13028764805414553,0.11924808963648223,0.0,0.6292332121628336,0.6292332121628336,True,0.9155998707243022,0.7182122355053983,0.1973876352189039,0.4657906211507047,0.9706338498600918,0.5048432287093871,True
Cx22-Multi-Train.zip,Multi-Train,00098,65,Cx22-Multi-Train:000066,included,,largest_matched_cytoplasm_instance,5,3,256,17830,0.06793212890625,0.01435782389231632,1,not_crowded,188,0.5057373046875,True,middle,low,scale_normalized_known_localisation,largest matched target instance,Crop centre and scale only; never model input or prediction guidance.,5,3,0.8504614910258091,0.9295919240311404,0.7713310580204779,17574,17493,256,330,0.014566973938773188,0.01886468873263591,0.004297714793862723,0.0,0.517810252841324,0.517810252841324,True,0.8044293762703789,0.7485171865135772,0.05591218975680168,0.49609557215888367,1.0,0.5039044278411163,True
Cx22-Multi-Train.zip,Multi-Train,00099,66,Cx22-Multi-Train:000067,included,,largest_matched_cytoplasm_instance,2,2,589,17554,0.0670166015625,0.03355360601572291,1,not_crowded,187,0.5057373046875,True,middle,high,scale_normalized_known_localisation,largest matched target instance,Crop centre and scale only; never model input or prediction guidance.,2,2,0.6333136822405228,0.8743529722066533,0.39227439227439226,16965,13366,589,2414,0.03471853816681403,0.18060751159658836,0.14588897342977433,0.0,0.6795530757052765,0.6795530757052765,True,0.8358147712094727,0.6337684520810378,0.20204631912843485,0.38134683772634426,0.8861900664357314,0.5048432287093871,True
Cx22-Multi-Train.zip,Multi-Train,00099,67,Cx22-Multi-Train:000068,included,,largest_matched_cytoplasm_instance,1,2,367,11617,0.04425048828125,0.0315916329517087,1,not_crowded,152,0.5057373046875,True,low,high,scale_normalized_known_localisation,largest matched target instance,Crop centre and scale only; never model input or prediction guidance.,1,2,0.792498887571162,0.932942980621776,0.6520547945205479,11250,10269,367,363,0.03262222222222222,0.03534910896874087,0.0027268867465186503,0.0,0.534294673077429,0.534294673077429,True,0.8032832714802003,0.855643895437491,0.052360623957290686,0.6032222810827974,1.0,0.3967777189172026,True
Cx22-Multi-Train.zip,Multi-Train,00100,68,Cx22-Multi-Train:000069,included,,largest_matched_cytoplasm_instance,2,1,546,17004,0.0650634765625,0.03211009174311927,2,crowded,184,0.5057373046875,True,middle,high,scale_normalized_known_localisation,largest matched target instance,Crop centre and scale only; never model input or prediction guidance.,2,1,0.5550994875398971,0.8173338275265629,0.29286514755323123,16458,15918,546,2131,0.03317535545023697,0.13387360221133307,0.1006982467610961,0.0,0.6328191663200211,0.6328191663200211,True,0.7914490613964625,0.1759829061609129,0.6154661552355496,0.0,0.42840452051560646,0.42840452051560646,False
Cx22-Multi-Train.zip,Multi-Train,00100,69,Cx22-Multi-Train:000070,included,,largest_matched_cytoplasm_instance,0,4,532,16426,0.062744140625,0.0323876780713503,1,not_crowded,181,0.5057373046875,True,middle,high,scale_normalized_known_localisation,largest matched target instance,Crop centre and scale only; never model input or prediction guidance.,0,4,0.8745537793932273,0.9586883971098079,0.7904191616766467,15894,14969,532,470,0.03347175034604253,0.031398222994187985,0.002073527351854544,0.0,0.530343787102876,0.530343787102876,True,0.792305800089743,0.6792932517273896,0.11301254836235342,0.42687163737269607,0.9317148660820832,0.5048432287093871,True
Cx22-Multi-Train.zip,Multi-Train,00101,70,Cx22-Multi-Train:000071,included,,largest_matched_cytoplasm_instance,5,5,247,21471,0.08203125,0.01150388896651297,3,crowded,207,0.5057373046875,True,high,low,scale_normalized_known_localisation,largest matched target instance,Crop centre and scale only; never model input or prediction guidance.,5,5,0.5847975217055277,0.8453802511111567,0.3242147922998987,21224,27599,247,740,0.011637768563889936,0.0268125656726693,0.015174797108779363,0.0,0.5257581297813574,0.5257581297813574,True,0.7995203894391528,0.6601258263443068,0.139394563094846,0.40770421198961326,0.9125474406990004,0.5048432287093871,True
Cx22-Multi-Train.zip,Multi-Train,00102,71,Cx22-Multi-Train:000072,included,,largest_matched_cytoplasm_instance,3,3,324,9517,0.03643798828125,0.03404434170431859,2,crowded,138,0.5057373046875,True,low,high,scale_normalized_known_localisation,largest matched target instance,Crop centre and scale only; never model input or prediction guidance.,3,3,0.8770119730419643,0.8651350571950399,0.8888888888888888,9193,11613,324,270,0.03524420754922224,0.02324980625161457,0.011994401297607666,0.0,0.5221953703603026,0.5221953703603026,True,0.6479237809051707,0.7105012824148164,0.0625775015096457,0.4580796680601228,0.9629228967695099,0.5048432287093871,True
Cx22-Multi-Train.zip,Multi-Train,00103,72,Cx22-Multi-Train:000073,included,,largest_matched_cytoplasm_instance,1,1,82,6008,0.0228271484375,0.013648468708388815,1,not_crowded,109,0.5057373046875,True,low,low,scale_normalized_known_localisation,largest matched target instance,Crop centre and scale only; never model input or prediction guidance.,1,1,0.5118250594218507,0.852281257819668,0.17136886102403343,5926,6063,82,875,0.013837327033412082,0.14431799439221507,0.13048066735880298,0.0,0.6432635585009031,0.6432635585009031,True,0.780179719732758,0.5081661724176331,0.27201354731512495,0.2557445580629395,0.7605877867723266,0.5048432287093871,False
Cx22-Multi-Train.zip,Multi-Train,00104,73,Cx22-Multi-Train:000074,included,,largest_matched_cytoplasm_instance,1,2,715,15519,0.0592041015625,0.04607255622140602,2,crowded,176,0.5057373046875,True,middle,high,scale_normalized_known_localisation,largest matched target instance,Crop centre and scale only; never model input or prediction guidance.,1,2,0.5291067538347833,0.7731310790406967,0.2850824286288701,14804,13675,715,4259,0.0482977573628749,0.3114442413162706,0.2631464839533957,0.0,0.8103898054249586,0.8103898054249586,True,0.8667503306586336,0.3154850910037371,0.5512652396548965,0.06306347664904355,0.5679067053584307,0.5048432287093871,False
Cx22-Multi-Train.zip,Multi-Train,00106,74,Cx22-Multi-Train:000075,included,,largest_matched_cytoplasm_instance,8,8,307,11523,0.04376220703125,0.026642367439034975,1,not_crowded,151,0.5057373046875,True,low,middle,scale_normalized_known_localisation,largest matched target instance,Crop centre and scale only; never model input or prediction guidance.,8,8,0.7519478224444648,0.8772151898734177,0.6266804550155118,11216,9324,307,660,0.027371611982881596,0.07078507078507079,0.04341345880218919,0.0,0.5697306348937589,0.5697306348937589,True,0.7770368434503923,0.7307675681893702,0.04626927526102209,0.4783459538346766,0.9831891825440637,0.5048432287093871,True
Cx22-Multi-Train.zip,Multi-Train,00107,75,Cx22-Multi-Train:000076,included,,largest_matched_cytoplasm_instance,0,1,380,10527,0.04010009765625,0.036097653652512586,1,not_crowded,154,0.5057373046875,True,low,high,scale_normalized_known_localisation,largest matched target instance,Crop centre and scale only; never model input or prediction guidance.,0,1,0.8558920905057515,0.8489873472384161,0.862796833773087,10147,13010,380,378,0.03744949246082586,0.02905457340507302,0.008394919055752837,0.0,0.5280001375137611,0.5280001375137611,True,0.8647584171965608,0.7835095524175564,0.08124886477900439,0.5310879380628628,1.0,0.4689120619371372,True
Cx22-Multi-Train.zip,Multi-Train,00108,76,Cx22-Multi-Train:000077,included,,largest_matched_cytoplasm_instance,3,3,237,11136,0.0426025390625,0.021282327586206896,3,crowded,149,0.5057373046875,True,low,middle,scale_normalized_known_localisation,largest matched target instance,Crop centre and scale only; never model input or prediction guidance.,3,3,0.7997695271466874,0.8605090311986864,0.7390300230946882,10899,13461,237,196,0.021745114230663363,0.014560582423296931,0.007184531807366432,0.0,0.513506146531985,0.513506146531985,True,0.8462500677613021,0.8432702460073699,0.002979821753932188,0.5908486316526763,1.0,0.4091513683473237,True
Cx22-Multi-Train.zip,Multi-Train,00108,77,Cx22-Multi-Train:000078,included,,largest_matched_cytoplasm_instance,3,3,323,21756,0.0831298828125,0.014846479132193419,2,crowded,208,0.5057373046875,True,high,low,scale_normalized_known_localisation,largest matched target instance,Crop centre and scale only; never model input or prediction guidance.,3,3,0.3722567016537856,0.6735849056603773,0.07092849764719385,21433,18847,323,8390,0.015070218821443567,0.44516368652835997,0.4300934677069164,0.0,0.9441092506370481,0.9441092506370481,True,0.8220009978259808,0.6605319652920751,0.16146903253390565,0.40811035093738157,0.9129535796467687,0.5048432287093871,True
Cx22-Multi-Train.zip,Multi-Train,00108,78,Cx22-Multi-Train:000079,included,,largest_matched_cytoplasm_instance,1,1,575,25198,0.09613037109375,0.02281927137074371,3,crowded,224,0.5057373046875,True,high,middle,scale_normalized_known_localisation,largest matched target instance,Crop centre and scale only; never model input or prediction guidance.,1,1,0.5084380776252335,0.7753809851538689,0.24149517009659807,24623,26232,575,4187,0.023352150428461196,0.15961421164989326,0.13626206122143206,0.0,0.6585597757585813,0.6585597757585813,True,0.8149579860942533,0.45139193012228385,0.36356605597196945,0.19897031576759028,0.7038135444769774,0.5048432287093871,False
Cx22-Multi-Train.zip,Multi-Train,00109,79,Cx22-Multi-Train:000080,included,,largest_matched_cytoplasm_instance,0,0,128,7134,0.02728271484375,0.01794224838800112,2,crowded,119,0.5057373046875,True,low,middle,scale_normalized_known_localisation,largest matched target instance,Crop centre and scale only; never model input or prediction guidance.,0,0,0.5327770002868176,0.8119752684672958,0.25357873210633947,7006,8359,128,850,0.018270054239223524,0.10168680464170356,0.08341675040248003,0.0,0.6006323687503916,0.6006323687503916,True,0.8437011218636713,0.41924262009126495,0.42445850177240635,0.16682100573657138,0.6716642344459585,0.5048432287093871,False
Cx22-Multi-Train.zip,Multi-Train,00109,80,Cx22-Multi-Train:000081,included,,largest_matched_cytoplasm_instance,5,0,89,11354,0.0430908203125,0.007838647172802537,1,not_crowded,150,0.5057373046875,True,low,low,scale_normalized_known_localisation,largest matched target instance,Crop centre and scale only; never model input or prediction guidance.,5,0,0.5433538190716153,0.8719911122083693,0.2147165259348613,11265,13038,89,740,0.007900577008433201,0.05675717134529836,0.048856594336865164,0.0,0.5557027354539864,0.5557027354539864,True,0.8202529481445897,0.6798758177639981,0.14037713038059163,0.4274542034093045,0.9322974321186916,0.5048432287093871,True
Cx22-Multi-Train.zip,Multi-Train,00109,81,Cx22-Multi-Train:000082,included,,largest_matched_cytoplasm_instance,3,4,67,6844,0.0263671875,0.009789596727060198,1,not_crowded,138,0.5057373046875,True,low,low,scale_normalized_known_localisation,largest matched target instance,Crop centre and scale only; never model input or prediction guidance.,3,4,0.5271212786098347,0.873706591070163,0.18053596614950634,6777,7333,67,642,0.00988638040430869,0.08754943406518478,0.07766305366087609,0.0,0.5864949981738729,0.5864949981738729,True,0.6664141413516338,0.593015395215422,0.07339874613621178,0.34059378086072845,0.8454370095701156,0.5048432287093871,True
Cx22-Multi-Train.zip,Multi-Train,00110,82,Cx22-Multi-Train:000083,included,,largest_matched_cytoplasm_instance,2,2,68,4400,0.0167236328125,0.015454545454545455,2,crowded,94,0.5057373046875,True,low,low,scale_normalized_known_localisation,largest matched target instance,Crop centre and scale only; never model input or prediction guidance.,2,2,0.8775489066663815,0.9015946286193873,0.8535031847133758,4332,5200,68,89,0.01569713758079409,0.017115384615384616,0.0014182470345905258,0.0,0.5160609487240727,0.5160609487240727,True,0.6792297979160882,0.786957659953711,0.10772786203762286,0.5345360455990175,1.0,0.46546395440098254,True
Cx22-Multi-Train.zip,Multi-Train,00110,83,Cx22-Multi-Train:000084,included,,largest_matched_cytoplasm_instance,6,6,95,6441,0.02447509765625,0.014749262536873156,2,crowded,113,0.5057373046875,True,low,low,scale_normalized_known_localisation,largest matched target instance,Crop centre and scale only; never model input or prediction guidance.,6,6,0.49446258327009074,0.7991149767299917,0.18981018981018982,6346,6761,95,906,0.014970059880239521,0.13400384558497264,0.11903378570473311,0.0,0.6329494096936608,0.6329494096936608,True,0.7802705258612647,0.4426207112563222,0.3376498146049425,0.19019909690162862,0.6950423256110158,0.5048432287093871,False
Cx22-Multi-Train.zip,Multi-Train,00112,84,Cx22-Multi-Train:000085,included,,largest_matched_cytoplasm_instance,0,0,45,3547,0.013671875,0.012686777558500142,1,not_crowded,84,0.5057373046875,True,low,low,scale_normalized_known_localisation,largest matched target instance,Crop centre and scale only; never model input or prediction guidance.,0,0,0.84993448246936,0.9086601737299289,0.7912087912087912,3502,4096,45,46,0.012849800114220445,0.01123046875,0.0016193313642204454,0.0,0.5101760328586881,0.5101760328586881,True,0.8392851011620179,0.8145046579285985,0.024780443233419436,0.5620830435739049,1.0,0.43791695642609507,True
Cx22-Multi-Train.zip,Multi-Train,00113,85,Cx22-Multi-Train:000086,included,,largest_matched_cytoplasm_instance,11,4,239,5318,0.0203857421875,0.044941707408800304,1,not_crowded,103,0.5057373046875,True,low,high,scale_normalized_known_localisation,largest matched target instance,Crop centre and scale only; never model input or prediction guidance.,11,4,0.8669777323881116,0.9086195722618277,0.8253358925143954,5079,5722,239,282,0.04705650718645402,0.04928346731911919,0.0022269601326651636,0.0,0.5482290314278072,0.5482290314278072,True,0.834710677646802,0.703073960547861,0.13163671709894098,0.4506523461931674,0.9554955749025545,0.5048432287093871,True
Cx22-Multi-Train.zip,Multi-Train,00115,86,Cx22-Multi-Train:000087,included,,largest_matched_cytoplasm_instance,8,8,660,18690,0.07098388671875,0.03531300160513644,3,crowded,193,0.5057373046875,True,high,high,scale_normalized_known_localisation,largest matched target instance,Crop centre and scale only; never model input or prediction guidance.,8,8,0.5741016389578057,0.797681291202546,0.3505219867130655,18030,17162,660,2501,0.036605657237936774,0.1457289360214427,0.10912327878350594,0.0,0.6446745001301308,0.6446745001301308,True,0.7793908549811592,0.39374146569180535,0.3856493892893539,0.14131985133711178,0.6461630800464989,0.5048432287093871,False
Cx22-Multi-Train.zip,Multi-Train,00115,87,Cx22-Multi-Train:000088,included,,largest_matched_cytoplasm_instance,3,5,941,32188,0.12347412109375,0.029234497328196843,2,crowded,253,0.5057373046875,True,high,middle,scale_normalized_known_localisation,largest matched target instance,Crop centre and scale only; never model input or prediction guidance.,3,5,0.5401049984494998,0.8541649808218291,0.22604501607717042,31247,30542,941,5279,0.030114891029538834,0.17284395258987623,0.14272906156033738,0.0,0.6717895166985643,0.6717895166985643,True,0.7863006778217203,0.16518411899091912,0.6211165588308012,0.0,0.4176057333456127,0.4176057333456127,False
Cx22-Multi-Train.zip,Multi-Train,00117,88,Cx22-Multi-Train:000089,included,,largest_matched_cytoplasm_instance,5,4,650,16522,0.0628662109375,0.03934148408183029,1,not_crowded,181,0.5057373046875,True,middle,high,scale_normalized_known_localisation,largest matched target instance,Crop centre and scale only; never model input or prediction guidance.,5,4,0.6717720318113923,0.8915942028985507,0.451949860724234,15872,15178,650,2222,0.04095262096774194,0.14639609961786795,0.10544347865012602,0.0,0.645341663726556,0.645341663726556,True,0.8532070536516728,0.4318307528466106,0.4213763008050622,0.17940913849191703,0.6842523672013041,0.5048432287093871,False
Cx22-Multi-Train.zip,Multi-Train,00119,89,Cx22-Multi-Train:000090,included,,largest_matched_cytoplasm_instance,0,0,434,9775,0.03717041015625,0.04439897698209719,1,not_crowded,148,0.5057373046875,True,low,high,scale_normalized_known_localisation,largest matched target instance,Crop centre and scale only; never model input or prediction guidance.,0,0,0.8888070379667019,0.8773873185637892,0.9002267573696145,9341,11603,434,448,0.046461834921314636,0.0386107041282427,0.00785113079307194,0.0,0.5375562682369308,0.5375562682369308,True,0.7751494318612685,0.7775857212957702,0.0024362894345016928,0.5251641069410766,1.0,0.4748358930589234,True
Cx22-Multi-Train.zip,Multi-Train,00120,90,Cx22-Multi-Train:000091,included,,largest_matched_cytoplasm_instance,2,5,376,11048,0.0419921875,0.03403330919623461,2,crowded,148,0.5057373046875,True,low,high,scale_normalized_known_localisation,largest matched target instance,Crop centre and scale only; never model input or prediction guidance.,2,5,0.4270219922373477,0.6763922008696872,0.17765178360500827,10672,10715,376,3857,0.03523238380809595,0.35996266915538966,0.3247302853472937,0.0,0.8589082332640777,0.8589082332640777,True,0.788373247258327,0.5552005644316053,0.23317268282672177,0.3027789500769117,0.8076221787862988,0.5048432287093871,True
Cx22-Multi-Train.zip,Multi-Train,00121,91,Cx22-Multi-Train:000092,included,,largest_matched_cytoplasm_instance,2,3,679,22809,0.08685302734375,0.02976895085273357,1,not_crowded,213,0.5057373046875,True,high,high,scale_normalized_known_localisation,largest matched target instance,Crop centre and scale only; never model input or prediction guidance.,2,3,0.735165628918587,0.8427896681883758,0.6275415896487985,22130,28471,679,1485,0.030682331676457297,0.052158336552983735,0.021476004876526438,0.0,0.5511039006616718,0.5511039006616718,True,0.7678421390686117,0.34710694549816284,0.4207351935704488,0.09468533114346928,0.5995285598528564,0.5048432287093871,False
Cx22-Multi-Train.zip,Multi-Train,00122,92,Cx22-Multi-Train:000093,included,,largest_matched_cytoplasm_instance,0,4,337,29311,0.11181640625,0.011497390058339873,1,not_crowded,241,0.5057373046875,True,high,low,scale_normalized_known_localisation,largest matched target instance,Crop centre and scale only; never model input or prediction guidance.,0,4,0.49203343039980024,0.8369695233923548,0.14709733740724573,28974,30383,337,4245,0.011631117553668807,0.13971628871408354,0.12808517116041473,0.0,0.6386618528227717,0.6386618528227717,True,0.7819284445689062,0.5206498646212822,0.26127857994762405,0.2682282502665886,0.7730714789759757,0.5048432287093871,False
Cx22-Multi-Train.zip,Multi-Train,00123,93,Cx22-Multi-Train:000094,included,,largest_matched_cytoplasm_instance,3,1,327,21759,0.08270263671875,0.015028264166551772,2,crowded,208,0.5057373046875,True,high,low,scale_normalized_known_localisation,largest matched target instance,Crop centre and scale only; never model input or prediction guidance.,3,1,0.5778362023924279,0.8157683024939663,0.33990410229088974,21432,24559,327,1550,0.015257558790593505,0.06311331894621117,0.04785576015561766,0.0,0.5620588830548993,0.5620588830548993,True,0.8494647290853308,0.4514899208086686,0.39797480827666215,0.19906830645397505,0.7039115351633622,0.5048432287093871,False
Cx22-Multi-Train.zip,Multi-Train,00125,94,Cx22-Multi-Train:000095,included,,largest_matched_cytoplasm_instance,8,9,270,14302,0.05413818359375,0.018878478534470704,3,crowded,169,0.5057373046875,True,middle,middle,scale_normalized_known_localisation,largest matched target instance,Crop centre and scale only; never model input or prediction guidance.,8,9,0.5517977633216586,0.8443833284222244,0.25921219822109276,14032,16511,270,1304,0.019241733181299885,0.0789776512627945,0.059735918081494616,0.0,0.5779232153714826,0.5779232153714826,True,0.7521139798616685,0.5190486822832253,0.2330652975784432,0.26662706792853175,0.7714702966379189,0.5048432287093871,True
Cx22-Multi-Train.zip,Multi-Train,00130,95,Cx22-Multi-Train:000096,included,,largest_matched_cytoplasm_instance,2,3,491,21829,0.083251953125,0.022493013880617526,2,crowded,217,0.5057373046875,True,high,middle,scale_normalized_known_localisation,largest matched target instance,Crop centre and scale only; never model input or prediction guidance.,2,3,0.8224262047552209,0.8605386840202458,0.7843137254901961,21338,22918,491,376,0.023010591433124006,0.01640631817785147,0.0066042732552725365,0.0,0.5153518822865395,0.5153518822865395,True,0.8288195426403228,0.7605756750038639,0.06824386763645884,0.5081540606491703,1.0,0.49184593935082965,True
Cx22-Multi-Train.zip,Multi-Train,00133,96,Cx22-Multi-Train:000097,included,,largest_matched_cytoplasm_instance,5,6,370,8998,0.0341796875,0.041120248944209827,2,crowded,134,0.5057373046875,True,low,high,scale_normalized_known_localisation,largest matched target instance,Crop centre and scale only; never model input or prediction guidance.,5,6,0.31052938999276025,0.49316386121607697,0.12789491876944348,8628,5927,370,5416,0.04288363467779323,0.9137843765817446,0.8709007419039514,0.41483881247305654,1.4127299406904328,0.9978911282173762,False,0.8551825038867339,0.15096890804875684,0.704213595837977,0.0,0.4033905224034504,0.4033905224034504,False
Cx22-Multi-Train.zip,Multi-Train,00133,97,Cx22-Multi-Train:000098,included,,largest_matched_cytoplasm_instance,7,10,144,7361,0.02783203125,0.019562559434859395,2,crowded,121,0.5057373046875,True,low,middle,scale_normalized_known_localisation,largest matched target instance,Crop centre and scale only; never model input or prediction guidance.,7,10,0.8128953101837294,0.9001269035532995,0.7256637168141593,7217,8543,144,82,0.01995288901205487,0.009598501697296032,0.010354387314758837,0.0,0.5085440658059841,0.5085440658059841,True,0.7417339093542571,0.6824857267590521,0.059248182595205034,0.4300641124043585,0.9349073411137456,0.5048432287093871,True
Cx22-Multi-Train.zip,Multi-Train,00134,98,Cx22-Multi-Train:000099,included,,largest_matched_cytoplasm_instance,3,3,142,13292,0.0506591796875,0.010683117664760758,3,crowded,163,0.5057373046875,True,middle,low,scale_normalized_known_localisation,largest matched target instance,Crop centre and scale only; never model input or prediction guidance.,3,3,0.8568092107988104,0.8543028322440087,0.8593155893536122,13150,16226,142,121,0.010798479087452472,0.007457167508936275,0.003341311578516197,0.0,0.5064027316176244,0.5064027316176244,True,0.7750292211776165,0.719379989881606,0.055649231296010515,0.46695837552691244,0.9718016042362996,0.5048432287093871,True
Cx22-Multi-Train.zip,Multi-Train,00134,99,Cx22-Multi-Train:000100,included,,largest_matched_cytoplasm_instance,3,1,259,11049,0.041748046875,0.023441035387817902,1,not_crowded,148,0.5057373046875,True,low,middle,scale_normalized_known_localisation,largest matched target instance,Crop centre and scale only; never model input or prediction guidance.,3,1,0.5134793264814941,0.8218805279629882,0.205078125,10790,11257,259,1789,0.024003707136237257,0.15892333659056587,0.13491962945432862,0.0,0.657868900699254,0.657868900699254,True,0.8430317031501271,0.32421951159638407,0.518812191553743,0.0717978972416905,0.5766411259510776,0.5048432287093871,False
Cx22-Multi-Train.zip,Multi-Train,00134,100,Cx22-Multi-Train:000101,included,,largest_matched_cytoplasm_instance,0,2,187,11600,0.04400634765625,0.016120689655172413,1,not_crowded,152,0.5057373046875,True,low,low,scale_normalized_known_localisation,largest matched target instance,Crop centre and scale only; never model input or prediction guidance.,0,2,0.4319626246895913,0.8639252493791826,0.0,11413,12346,187,627,0.016384824323140278,0.05078567957233112,0.03440085524919084,0.0,0.5497312436810192,0.5497312436810192,True,0.8310222519907065,0.7765315738161291,0.05449067817457731,0.5241099594614356,1.0,0.47589004053856443,True
Cx22-Multi-Train.zip,Multi-Train,00135,101,Cx22-Multi-Train:000102,included,,largest_matched_cytoplasm_instance,1,2,224,6323,0.0240478515625,0.035426221730191366,1,not_crowded,112,0.5057373046875,True,low,high,scale_normalized_known_localisation,largest matched target instance,Crop centre and scale only; never model input or prediction guidance.,1,2,0.5112701514880553,0.793220931248362,0.2293193717277487,6099,5348,224,1686,0.0367273323495655,0.31525804038893046,0.27853070803936497,0.0,0.8142036044976185,0.8142036044976185,True,0.8182471288790223,0.3041569959276422,0.5140901329513801,0.05173538157294866,0.5565786102823358,0.5048432287093871,False
Cx22-Multi-Train.zip,Multi-Train,00135,102,Cx22-Multi-Train:000103,included,,largest_matched_cytoplasm_instance,4,6,452,13661,0.0518798828125,0.033086889685967354,3,crowded,165,0.5057373046875,True,middle,high,scale_normalized_known_localisation,largest matched target instance,Crop centre and scale only; never model input or prediction guidance.,4,6,0.7066350342307343,0.8618297392433615,0.551440329218107,13209,16052,452,763,0.03421909304262245,0.047533017692499374,0.013313924649876921,0.0,0.5464785818011875,0.5464785818011875,True,0.8180176683623289,0.2971630382852097,0.5208546300771193,0.04474142393051611,0.5495846526399033,0.5048432287093871,False
Cx22-Multi-Train.zip,Multi-Train,00136,103,Cx22-Multi-Train:000104,included,,largest_matched_cytoplasm_instance,2,2,310,9801,0.03741455078125,0.03162942556881951,1,not_crowded,168,0.5057373046875,True,low,high,scale_normalized_known_localisation,largest matched target instance,Crop centre and scale only; never model input or prediction guidance.,2,2,0.9135458916906221,0.9350730040385212,0.892018779342723,9491,9823,310,329,0.032662522389632284,0.03349282296650718,0.0008303005768748942,0.0,0.5324383870751952,0.5324383870751952,True,0.8328845490264432,0.7924484345958921,0.04043611443055106,0.5400268202411985,1.0,0.4599731797588015,True
Cx22-Multi-Train.zip,Multi-Train,00137,104,Cx22-Multi-Train:000105,included,,largest_matched_cytoplasm_instance,8,8,236,17103,0.0654296875,0.013798748757527918,1,not_crowded,184,0.5057373046875,True,middle,low,scale_normalized_known_localisation,largest matched target instance,Crop centre and scale only; never model input or prediction guidance.,8,8,0.8307574968045199,0.8871682002598711,0.7743467933491687,16867,20844,236,185,0.013991818343510997,0.008875455766647477,0.00511636257686352,0.0,0.5078210198753356,0.5078210198753356,True,0.8475717832163826,0.7165733920337162,0.13099839118266643,0.4641517776790226,0.9689950063884097,0.5048432287093871,True
Cx22-Multi-Train.zip,Multi-Train,00137,105,Cx22-Multi-Train:000106,included,,largest_matched_cytoplasm_instance,2,2,228,34549,0.1317138671875,0.006599322701091204,2,crowded,262,0.5057373046875,True,high,low,scale_normalized_known_localisation,largest matched target instance,Crop centre and scale only; never model input or prediction guidance.,2,2,0.9244535227166867,0.9421273844164242,0.9067796610169492,34321,36818,228,244,0.006643163077998893,0.006627193220707262,1.5969857291630273e-05,0.0,0.5055727573293953,0.5055727573293953,True,0.7964549131199455,0.7512609965079639,0.04519391661198169,0.4988393821532703,1.0,0.5011606178467297,True
Cx22-Multi-Train.zip,Multi-Train,00139,106,Cx22-Multi-Train:000107,included,,largest_matched_cytoplasm_instance,6,8,251,7645,0.029296875,0.032831916285153695,3,crowded,123,0.5057373046875,True,low,high,scale_normalized_known_localisation,largest matched target instance,Crop centre and scale only; never model input or prediction guidance.,6,8,0.6428032653872265,0.8322442748091603,0.45336225596529284,7394,8981,251,671,0.03394644306194212,0.07471328359870838,0.04076684053676626,0.0,0.5736588477073965,0.5736588477073965,True,0.7451770127714031,0.37157397044278245,0.3736030423286207,0.11915235608808888,0.6239955847974761,0.5048432287093871,False
Cx22-Multi-Train.zip,Multi-Train,00140,107,Cx22-Multi-Train:000108,included,,largest_matched_cytoplasm_instance,4,1,737,16730,0.06402587890625,0.044052600119545725,1,not_crowded,189,0.5057373046875,True,middle,high,scale_normalized_known_localisation,largest matched target instance,Crop centre and scale only; never model input or prediction guidance.,4,1,0.5272511724975807,0.7434440810236989,0.3110582639714625,15993,18861,737,3468,0.04608266116425936,0.18387148083346588,0.13778881966920653,0.0,0.682817044942154,0.682817044942154,True,0.8243715434283606,0.28489835450190126,0.5394731889264593,0.032476740147207694,0.5373199688565948,0.5048432287093871,False
Cx22-Multi-Train.zip,Multi-Train,00140,108,Cx22-Multi-Train:000109,included,,largest_matched_cytoplasm_instance,4,4,761,11926,0.04571533203125,0.06381016266979708,2,crowded,154,0.5057373046875,True,middle,high,scale_normalized_known_localisation,largest matched target instance,Crop centre and scale only; never model input or prediction guidance.,4,4,0.5895341679473957,0.7490165224232888,0.43005181347150256,11165,14255,761,397,0.06815942678011644,0.027849877236057523,0.040309549544058916,0.0,0.5267954413447455,0.5267954413447455,True,0.7880014457839455,0.590363780864365,0.19763766491958046,0.33794216650967146,0.8427853952190586,0.5048432287093871,True
Cx22-Multi-Train.zip,Multi-Train,00141,109,Cx22-Multi-Train:000110,included,,largest_matched_cytoplasm_instance,1,4,732,23855,0.0906982421875,0.030685390903374556,2,crowded,218,0.5057373046875,True,high,high,scale_normalized_known_localisation,largest matched target instance,Crop centre and scale only; never model input or prediction guidance.,1,4,0.5560871511254258,0.8373951069613521,0.2747791952894995,23123,19182,732,4363,0.03165679193876227,0.2274528203524137,0.19579602841365143,0.0,0.7263983844611017,0.7263983844611017,True,0.8351487629817799,0.6169975497380887,0.21815121324369113,0.36457593538339517,0.8694191640927823,0.5048432287093871,True
Cx22-Multi-Train.zip,Multi-Train,00141,110,Cx22-Multi-Train:000111,included,,largest_matched_cytoplasm_instance,0,9,249,13595,0.0518798828125,0.018315557190143435,2,crowded,164,0.5057373046875,True,middle,middle,scale_normalized_known_localisation,largest matched target instance,Crop centre and scale only; never model input or prediction guidance.,0,9,0.7309201205071941,0.880643659817807,0.5811965811965812,13346,16732,249,102,0.01865727558819122,0.006096103275161367,0.012561172313029851,0.0,0.5050416673838495,0.5050416673838495,True,0.8116360465228346,0.7528350707769242,0.05880097574591037,0.5004134564222307,1.0,0.4995865435777693,True
Cx22-Multi-Train.zip,Multi-Train,00143,111,Cx22-Multi-Train:000112,included,,largest_matched_cytoplasm_instance,6,1,170,8142,0.03076171875,0.02087939081306804,3,crowded,127,0.5057373046875,True,low,middle,scale_normalized_known_localisation,largest matched target instance,Crop centre and scale only; never model input or prediction guidance.,6,1,0.5384032314477993,0.8271964784962227,0.24960998439937598,7972,8839,170,1112,0.02132463622679378,0.12580608666138704,0.10448145043459325,0.0,0.6247516507700751,0.6247516507700751,True,0.7401827963313464,0.27558520874835063,0.4645975875829958,0.02316359439365706,0.5280068231030441,0.5048432287093871,False
Cx22-Multi-Train.zip,Multi-Train,00144,112,Cx22-Multi-Train:000113,included,,largest_matched_cytoplasm_instance,1,0,258,14035,0.05328369140625,0.01838261489134307,2,crowded,167,0.5057373046875,True,middle,middle,scale_normalized_known_localisation,largest matched target instance,Crop centre and scale only; never model input or prediction guidance.,1,0,0.8955962206631252,0.8684052473526158,0.9227871939736346,13777,17858,258,273,0.01872686361326849,0.015287266211221862,0.0034395974020466295,0.0,0.51423283031991,0.51423283031991,True,0.8343269801235096,0.8426239681544543,0.008296988030944696,0.5902023537997607,1.0,0.4097976462002393,True
Cx22-Multi-Train.zip,Multi-Train,00146,113,Cx22-Multi-Train:000114,included,,largest_matched_cytoplasm_instance,6,6,149,12375,0.04681396484375,0.01204040404040404,1,not_crowded,157,0.5057373046875,True,middle,low,scale_normalized_known_localisation,largest matched target instance,Crop centre and scale only; never model input or prediction guidance.,6,6,0.6614861292508764,0.8610433244916004,0.4619289340101523,12226,16049,149,245,0.012187142156060853,0.015265748644775375,0.0030786064887145213,0.0,0.5142113127534634,0.5142113127534634,True,0.7845491080736128,0.700491562139484,0.08405754593412873,0.4480699477847905,0.9529131764941776,0.5048432287093871,True
Cx22-Multi-Train.zip,Multi-Train,00146,114,Cx22-Multi-Train:000115,included,,largest_matched_cytoplasm_instance,4,4,189,23283,0.08935546875,0.008117510630073444,1,not_crowded,215,0.5057373046875,True,high,low,scale_normalized_known_localisation,largest matched target instance,Crop centre and scale only; never model input or prediction guidance.,4,4,0.8300203194112752,0.900821549885457,0.7592190889370932,23094,27542,189,272,0.00818394388152767,0.00987582601118292,0.0016918821296552505,0.0,0.508821390119871,0.508821390119871,True,0.7679025013963391,0.718757455321207,0.04914504607513204,0.4663358409665135,0.9711790696759006,0.5048432287093871,True
Cx22-Multi-Train.zip,Multi-Train,00147,115,Cx22-Multi-Train:000116,included,,largest_matched_cytoplasm_instance,1,1,138,11295,0.0430908203125,0.012217795484727756,2,crowded,150,0.5057373046875,True,low,low,scale_normalized_known_localisation,largest matched target instance,Crop centre and scale only; never model input or prediction guidance.,1,1,0.5223699006296394,0.8426223806625511,0.20211742059672763,11157,11845,138,901,0.012368916375369724,0.0760658505698607,0.06369693419449098,0.0,0.5750114146785488,0.5750114146785488,True,0.6164607888729857,0.43388764183307166,0.18257314703991406,0.1814660274783781,0.6863092561877653,0.5048432287093871,True
Cx22-Multi-Train.zip,Multi-Train,00149,116,Cx22-Multi-Train:000117,included,,largest_matched_cytoplasm_instance,3,3,275,11516,0.0439453125,0.023879819381729766,2,crowded,151,0.5057373046875,True,low,middle,scale_normalized_known_localisation,largest matched target instance,Crop centre and scale only; never model input or prediction guidance.,3,3,0.5744093942473645,0.8471509132227927,0.30166787527193617,11241,12521,275,1104,0.02446401565697002,0.08817187125628943,0.06370785559931941,0.0,0.5871174353649775,0.5871174353649775,True,0.839416784577448,0.18250891436421018,0.6569078702132378,0.0,0.43493052871890375,0.43493052871890375,False
Cx22-Multi-Train.zip,Multi-Train,00150,117,Cx22-Multi-Train:000118,included,,largest_matched_cytoplasm_instance,6,6,771,15070,0.05755615234375,0.051161247511612475,1,not_crowded,173,0.5057373046875,True,middle,high,scale_normalized_known_localisation,largest matched target instance,Crop centre and scale only; never model input or prediction guidance.,6,6,0.6465117945326279,0.8468430335097001,0.4461805555555556,14299,14051,771,2685,0.05391985453528219,0.1910896021635471,0.1371697476282649,0.0,0.6900351662722352,0.6900351662722352,True,0.7958884839531708,0.5146287089163758,0.281259775036795,0.26220709456168223,0.7670503232710694,0.5048432287093871,False
Cx22-Multi-Train.zip,Multi-Train,00152,118,Cx22-Multi-Train:000119,included,,largest_matched_cytoplasm_instance,3,4,66,5372,0.02056884765625,0.012285927029039464,1,not_crowded,104,0.5057373046875,True,low,low,scale_normalized_known_localisation,largest matched target instance,Crop centre and scale only; never model input or prediction guidance.,3,4,0.8685701117640281,0.9104735568613895,0.8266666666666667,5306,6266,66,84,0.012438748586505842,0.013405681455473986,0.0009669328689681442,0.0,0.512351245564162,0.512351245564162,True,0.8927387775318816,0.8688120201910091,0.023926757340872462,0.6163904058363155,1.0,0.38360959416368445,True
Cx22-Multi-Train.zip,Multi-Train,00153,119,Cx22-Multi-Train:000120,included,,largest_matched_cytoplasm_instance,2,1,437,17597,0.06707763671875,0.024833778484969028,1,not_crowded,187,0.5057373046875,True,middle,middle,scale_normalized_known_localisation,largest matched target instance,Crop centre and scale only; never model input or prediction guidance.,2,1,0.5003544729060339,0.7881776174912657,0.21253132832080202,17160,18332,437,3553,0.025466200466200465,0.19381409557058696,0.1683478951043865,0.0,0.692759659679275,0.692759659679275,True,0.7568249396861096,0.26418365556781204,0.4926412841182976,0.011762041213118468,0.5166052699225057,0.5048432287093871,False
Cx22-Multi-Train.zip,Multi-Train,00154,120,Cx22-Multi-Train:000121,included,,largest_matched_cytoplasm_instance,3,3,409,16488,0.0631103515625,0.02480591945657448,2,crowded,190,0.5057373046875,True,middle,middle,scale_normalized_known_localisation,largest matched target instance,Crop centre and scale only; never model input or prediction guidance.,3,3,0.5037839821021247,0.7539154929577465,0.253652471246503,16079,19421,409,2808,0.025436905280179115,0.14458575768498017,0.11914885240480105,0.0,0.6435313217936682,0.6435313217936682,True,0.7611380582131503,0.5925726393734321,0.1685654188397182,0.3401510250187385,0.8449942537281256,0.5048432287093871,True
Cx22-Multi-Train.zip,Multi-Train,00156,121,Cx22-Multi-Train:000122,included,,largest_matched_cytoplasm_instance,1,9,116,11468,0.0438232421875,0.010115102895012208,1,not_crowded,151,0.5057373046875,True,low,low,scale_normalized_known_localisation,largest matched target instance,Crop centre and scale only; never model input or prediction guidance.,1,9,0.9238140814760842,0.9484684990866222,0.8991596638655462,11352,12187,116,122,0.0102184637068358,0.010010667104291458,0.00020779660254434222,0.0,0.5089562312129795,0.5089562312129795,True,0.8400943737579003,0.867165172971446,0.027070799213545715,0.6147435586167525,1.0,0.38525644138324755,True
Cx22-Multi-Train.zip,Multi-Train,00157,122,Cx22-Multi-Train:000123,included,,largest_matched_cytoplasm_instance,0,3,150,24435,0.0928955078125,0.006138735420503376,1,not_crowded,220,0.5057373046875,True,high,low,scale_normalized_known_localisation,largest matched target instance,Crop centre and scale only; never model input or prediction guidance.,0,3,0.7752213110514508,0.8925478852607962,0.6578947368421053,24285,29646,150,306,0.006176652254478073,0.010321797207043109,0.004145144952565036,0.0,0.5092673613157311,0.5092673613157311,True,0.8015727330474803,0.7326269566023146,0.06894577644516575,0.480205342247621,0.9850485709570082,0.5048432287093871,True
Cx22-Multi-Train.zip,Multi-Train,00158,123,Cx22-Multi-Train:000124,included,,largest_matched_cytoplasm_instance,4,3,420,11238,0.04278564453125,0.03737319807794982,2,crowded,159,0.5057373046875,True,low,high,scale_normalized_known_localisation,largest matched target instance,Crop centre and scale only; never model input or prediction guidance.,4,3,0.34763372846899193,0.5560226828314431,0.1392447741065408,10818,9638,420,5512,0.03882418191902385,0.5719028844158539,0.5330787024968301,0.07295732030716584,1.070848448524542,0.9978911282173761,False,0.832595288834907,0.6556580452431481,0.17693724359175889,0.4032364308884545,0.9080796595978416,0.5048432287093871,True
Cx22-Multi-Train.zip,Multi-Train,00160,124,Cx22-Multi-Train:000125,included,,largest_matched_cytoplasm_instance,2,2,63,5155,0.01971435546875,0.012221144519883608,1,not_crowded,120,0.5057373046875,True,low,low,scale_normalized_known_localisation,largest matched target instance,Crop centre and scale only; never model input or prediction guidance.,2,2,0.19636223172308928,0.35985808413583376,0.03286637931034483,5092,2800,63,3649,0.01237234878240377,1.3032142857142857,1.290841936931882,0.8042687216055976,1.8021598498229738,0.9978911282173762,False,0.6490388445910324,0.5229935205011192,0.1260453240899132,0.2705719061464257,0.7754151348558128,0.5048432287093871,True
Cx22-Multi-Train.zip,Multi-Train,00161,125,Cx22-Multi-Train:000126,included,,largest_matched_cytoplasm_instance,0,3,418,12534,0.04803466796875,0.03334928993138663,1,not_crowded,158,0.5057373046875,True,middle,high,scale_normalized_known_localisation,largest matched target instance,Crop centre and scale only; never model input or prediction guidance.,0,3,0.3017565476026859,0.4941033320853613,0.10940976312001047,12116,9252,418,7223,0.03449983492901948,0.780696065715521,0.7461962307865015,0.2817505016068329,1.279641629824209,0.9978911282173761,False,0.7922738080576682,0.2957028157787657,0.4965709922789025,0.04328120142407216,0.5481244301334594,0.5048432287093871,False
Cx22-Multi-Train.zip,Multi-Train,00161,126,Cx22-Multi-Train:000127,included,,largest_matched_cytoplasm_instance,1,0,567,19265,0.07342529296875,0.02943161173111861,2,crowded,196,0.5057373046875,True,high,high,scale_normalized_known_localisation,largest matched target instance,Crop centre and scale only; never model input or prediction guidance.,1,0,0.3576595768362304,0.5927378111148994,0.12258134255756134,18698,16498,567,8684,0.030324098834099904,0.5263668323433144,0.49604273350921446,0.027421268234626317,1.0253123964520023,0.997891128217376,True,0.8366298050630262,0.4774292038891509,0.3592006011738753,0.22500758953445732,0.7298508182438445,0.5048432287093871,False
Cx22-Multi-Train.zip,Multi-Train,00162,127,Cx22-Multi-Train:000128,included,,largest_matched_cytoplasm_instance,6,1,399,15082,0.057373046875,0.026455377270918977,2,crowded,186,0.5057373046875,True,middle,middle,scale_normalized_known_localisation,largest matched target instance,Crop centre and scale only; never model input or prediction guidance.,6,1,0.8274374176548089,0.8742424242424243,0.7806324110671937,14683,15677,399,613,0.027174283184635294,0.03910186898003445,0.011927585795399154,0.0,0.5380474330887225,0.5380474330887225,True,0.7253740007182297,0.6652373828577802,0.06013661786044944,0.41281576850308666,0.9176589972124738,0.5048432287093871,True
Cx22-Multi-Train.zip,Multi-Train,00162,128,Cx22-Multi-Train:000129,included,,largest_matched_cytoplasm_instance,4,3,295,9145,0.03485107421875,0.03225806451612903,2,crowded,135,0.5057373046875,True,low,high,scale_normalized_known_localisation,largest matched target instance,Crop centre and scale only; never model input or prediction guidance.,4,3,0.6771010206719568,0.859705851674142,0.4944961896697714,8850,10324,295,886,0.03333333333333333,0.08581944982564897,0.05248611649231564,0.0,0.584765013934337,0.584765013934337,True,0.7620789591304029,0.7649970142561854,0.0029180551257824705,0.5125753999014918,1.0,0.4874246000985082,True
Cx22-Multi-Train.zip,Multi-Train,00163,129,Cx22-Multi-Train:000130,included,,largest_matched_cytoplasm_instance,0,0,369,26147,0.09991455078125,0.014112517688453742,1,not_crowded,228,0.5057373046875,True,high,low,scale_normalized_known_localisation,largest matched target instance,Crop centre and scale only; never model input or prediction guidance.,0,0,0.6396812164807449,0.890327114036872,0.3890353189246178,25778,28301,369,1528,0.014314531771277833,0.0539910250521183,0.03967649328084047,0.0,0.5529365891608063,0.5529365891608063,True,0.858891911318561,0.6970229746157445,0.16186893670281655,0.4446013602610509,0.949444588970438,0.5048432287093871,True
Cx22-Multi-Train.zip,Multi-Train,00165,130,Cx22-Multi-Train:000131,included,,largest_matched_cytoplasm_instance,3,1,372,16144,0.0615234375,0.023042616451932608,1,not_crowded,179,0.5057373046875,True,middle,middle,scale_normalized_known_localisation,largest matched target instance,Crop centre and scale only; never model input or prediction guidance.,3,1,0.7222429414814184,0.8699685084454624,0.5745173745173745,15772,19158,372,923,0.023586101952827798,0.04817830671260048,0.024592204759772685,0.0,0.5471238708212885,0.5471238708212885,True,0.8556011347031117,0.6140113939800971,0.24158974072301465,0.3615897796254035,0.8664330083347906,0.5048432287093871,True
Cx22-Multi-Train.zip,Multi-Train,00165,131,Cx22-Multi-Train:000132,included,,largest_matched_cytoplasm_instance,0,0,288,5239,0.02008056640625,0.0549723229623974,1,not_crowded,102,0.5057373046875,True,low,high,scale_normalized_known_localisation,largest matched target instance,Crop centre and scale only; never model input or prediction guidance.,0,0,0.8909095808021792,0.8711952155672588,0.9106239460370995,4951,6252,288,305,0.058170066653201374,0.048784388995521434,0.00938567765767994,0.0,0.5477299531042095,0.5477299531042095,True,0.7805859306934987,0.8802801182662919,0.09969418757279325,0.6278585039115984,1.0,0.37214149608840164,True
Cx22-Multi-Train.zip,Multi-Train,00166,132,Cx22-Multi-Train:000133,included,,largest_matched_cytoplasm_instance,7,7,154,11321,0.04302978515625,0.013603038600830316,2,crowded,150,0.5057373046875,True,low,low,scale_normalized_known_localisation,largest matched target instance,Crop centre and scale only; never model input or prediction guidance.,7,7,0.5418214186326629,0.8777208991764968,0.20592193808882908,11167,11298,154,1332,0.01379063311542939,0.11789697291556028,0.1041063398001309,0.0,0.6168425370242483,0.6168425370242483,True,0.7968007101766892,0.3171556718352777,0.4796450383414115,0.06473405748058414,0.5695772861899713,0.5048432287093871,False
Cx22-Multi-Train.zip,Multi-Train,00166,133,Cx22-Multi-Train:000134,included,,largest_matched_cytoplasm_instance,2,2,273,16775,0.06396484375,0.016274217585692995,2,crowded,183,0.5057373046875,True,middle,low,scale_normalized_known_localisation,largest matched target instance,Crop centre and scale only; never model input or prediction guidance.,2,2,0.5030683361535333,0.8201483487040641,0.1859883236030025,16502,18955,273,2125,0.01654344927887529,0.11210762331838565,0.09556417403951037,0.0,0.6110531874270737,0.6110531874270737,True,0.7232164767347051,0.49640507328499267,0.22681140344971246,0.2439834589302991,0.7488266876396863,0.5048432287093871,True
Cx22-Multi-Train.zip,Multi-Train,00167,134,Cx22-Multi-Train:000135,included,,largest_matched_cytoplasm_instance,3,1,562,21117,0.08056640625,0.026613628829852725,3,crowded,205,0.5057373046875,True,high,middle,scale_normalized_known_localisation,largest matched target instance,Crop centre and scale only; never model input or prediction guidance.,3,1,0.49911517620905377,0.8494185098002657,0.14881184261784183,20555,22352,562,2005,0.02734127949404038,0.08970114531138153,0.06235986581734115,0.0,0.5886467094200696,0.5886467094200696,True,0.7566413646588579,0.5699271929712143,0.1867141716876436,0.31750557861652073,0.8223488073259079,0.5048432287093871,True
Cx22-Multi-Train.zip,Multi-Train,00168,135,Cx22-Multi-Train:000136,included,,largest_matched_cytoplasm_instance,7,6,203,9549,0.03558349609375,0.021258770551890252,1,not_crowded,142,0.5057373046875,True,low,middle,scale_normalized_known_localisation,largest matched target instance,Crop centre and scale only; never model input or prediction guidance.,7,6,0.5179795654854312,0.8610496014171833,0.17490952955367914,9346,8718,203,1455,0.021720522148512732,0.16689607708189952,0.1451755549333868,0.0,0.6658416411905876,0.6658416411905876,True,0.5574810605537704,0.32789767017074883,0.2295833903830216,0.07547605581605527,0.5803192845254423,0.5048432287093871,True
Cx22-Multi-Train.zip,Multi-Train,00168,136,Cx22-Multi-Train:000137,included,,largest_matched_cytoplasm_instance,0,3,190,10413,0.039306640625,0.018246422740804763,1,not_crowded,144,0.5057373046875,True,low,middle,scale_normalized_known_localisation,largest matched target instance,Crop centre and scale only; never model input or prediction guidance.,0,3,0.43570903861840293,0.7388450195033774,0.13257305773342837,10223,10799,190,2616,0.018585542404382274,0.24224465228261877,0.2236591098782365,0.0,0.7411902163913069,0.7411902163913069,True,0.797737896300187,0.2390486544736101,0.5586892418265769,0.0,0.4914702688283037,0.4914702688283037,False
Cx22-Multi-Train.zip,Multi-Train,00168,137,Cx22-Multi-Train:000138,included,,largest_matched_cytoplasm_instance,5,5,264,16051,0.061279296875,0.01644757335991527,2,crowded,179,0.5057373046875,True,middle,low,scale_normalized_known_localisation,largest matched target instance,Crop centre and scale only; never model input or prediction guidance.,5,5,0.6954293357982775,0.9194301001679835,0.4714285714285714,15787,16359,264,856,0.01672261987711408,0.05232593679320252,0.03560331691608844,0.0,0.5512715009018906,0.5512715009018906,True,0.8611614171963665,0.7287030604375361,0.13245835675883044,0.4762814460828425,0.9811246747922296,0.5048432287093871,True
Cx22-Multi-Train.zip,Multi-Train,00169,138,Cx22-Multi-Train:000139,included,,largest_matched_cytoplasm_instance,2,5,236,14612,0.05584716796875,0.016151108677799068,2,crowded,170,0.5057373046875,True,middle,low,scale_normalized_known_localisation,largest matched target instance,Crop centre and scale only; never model input or prediction guidance.,2,5,0.6716477206148208,0.9198720178062183,0.42342342342342343,14376,14378,236,874,0.016416249304396217,0.06078731395187091,0.044371064647474694,0.0,0.5597328780605589,0.5597328780605589,True,0.7768307823404006,0.48016263281372834,0.29666814952667225,0.22774101845903477,0.7325842471684219,0.5048432287093871,False
Cx22-Multi-Train.zip,Multi-Train,00169,139,Cx22-Multi-Train:000140,included,,largest_matched_cytoplasm_instance,5,0,150,10731,0.041015625,0.01397819401733296,2,crowded,146,0.5057373046875,True,low,low,scale_normalized_known_localisation,largest matched target instance,Crop centre and scale only; never model input or prediction guidance.,5,0,0.7948205528530258,0.8862771913329629,0.7033639143730887,10581,12818,150,177,0.01417635384179189,0.013808706506475268,0.00036764733531662215,0.0,0.5127542706151633,0.5127542706151633,True,0.820256582662254,0.7547602518905616,0.06549633077169237,0.502338637535868,1.0,0.49766136246413195,True
Cx22-Multi-Train.zip,Multi-Train,00169,140,Cx22-Multi-Train:000141,included,,largest_matched_cytoplasm_instance,6,2,215,13179,0.0504150390625,0.016313832612489566,4,crowded,162,0.5057373046875,True,middle,low,scale_normalized_known_localisation,largest matched target instance,Crop centre and scale only; never model input or prediction guidance.,6,2,0.5478084363071747,0.8621951219512195,0.23342175066312998,12964,13276,215,539,0.01658438753471151,0.04059957818620066,0.024015190651489153,0.0,0.5395451422948887,0.5395451422948887,True,0.7859796591802211,0.7548115541336203,0.031168105046600725,0.5023899397789268,1.0,0.49761006022107324,True
Cx22-Multi-Train.zip,Multi-Train,00170,141,Cx22-Multi-Train:000142,included,,largest_matched_cytoplasm_instance,0,0,72,7055,0.02685546875,0.010205527994330263,1,not_crowded,119,0.5057373046875,True,low,low,scale_normalized_known_localisation,largest matched target instance,Crop centre and scale only; never model input or prediction guidance.,0,0,0.7872883589169246,0.9117860201594308,0.6627906976744186,6983,8196,72,100,0.010310754689961335,0.012201073694485115,0.0018903190045237803,0.0,0.5111466378031732,0.5111466378031732,True,0.8349467918364298,0.9021030623648574,0.06715627052842754,0.6496814480101638,1.0,0.3503185519898362,True
Cx22-Multi-Train.zip,Multi-Train,00171,142,Cx22-Multi-Train:000143,included,,largest_matched_cytoplasm_instance,4,3,692,12488,0.04754638671875,0.05541319666880205,1,not_crowded,204,0.5057373046875,True,middle,high,scale_normalized_known_localisation,largest matched target instance,Crop centre and scale only; never model input or prediction guidance.,4,3,0.720041817705934,0.7144088080421254,0.7256748273697426,11796,19539,692,901,0.05866395388267209,0.04611290240032755,0.01255105148234454,0.0,0.5450584665090156,0.5450584665090156,True,0.7707247998749592,0.7010577972018106,0.06966700267314863,0.44863618284711704,0.9534794115565042,0.5048432287093871,True
Cx22-Multi-Train.zip,Multi-Train,00172,143,Cx22-Multi-Train:000144,included,,largest_matched_cytoplasm_instance,3,2,344,12762,0.04852294921875,0.026955022723711017,2,crowded,159,0.5057373046875,True,middle,middle,scale_normalized_known_localisation,largest matched target instance,Crop centre and scale only; never model input or prediction guidance.,3,2,0.7056807238868541,0.879488937813549,0.5318725099601593,12418,15289,344,660,0.027701723304880015,0.043168290928118254,0.01546656762323824,0.0,0.5421138550368063,0.5421138550368063,True,0.7936850011502519,0.6541111110497574,0.13957389010049448,0.4016894966950638,0.906532725404451,0.5048432287093871,True
Cx22-Multi-Train.zip,Multi-Train,00174,144,Cx22-Multi-Train:000145,included,,largest_matched_cytoplasm_instance,3,3,107,5242,0.02020263671875,0.020412056466997328,1,not_crowded,102,0.5057373046875,True,low,middle,scale_normalized_known_localisation,largest matched target instance,Crop centre and scale only; never model input or prediction guidance.,3,3,0.27490058175684234,0.48425751879699247,0.06554364471669219,5135,3377,107,3158,0.02083739045764362,0.9351495410127332,0.9143121505550895,0.4362039769040451,1.4340951051214212,0.9978911282173761,False,0.8212291191928074,0.24048579832482678,0.5807433208679806,0.0,0.4929074126795203,0.4929074126795203,False
Cx22-Multi-Train.zip,Multi-Train,00175,145,Cx22-Multi-Train:000146,included,,largest_matched_cytoplasm_instance,1,5,249,10392,0.03961181640625,0.023960739030023093,3,crowded,144,0.5057373046875,True,low,middle,scale_normalized_known_localisation,largest matched target instance,Crop centre and scale only; never model input or prediction guidance.,1,5,0.7066447848234724,0.9112542914922636,0.5020352781546812,10143,11120,249,488,0.024548950014788525,0.04388489208633094,0.019335942071542413,0.0,0.542830456195019,0.542830456195019,True,0.7891757761968561,0.763404814791319,0.02577096140553703,0.5109832004366255,1.0,0.4890167995633745,True
Cx22-Multi-Train.zip,Multi-Train,00178,146,Cx22-Multi-Train:000147,included,,largest_matched_cytoplasm_instance,2,1,348,18662,0.07110595703125,0.018647519022612795,2,crowded,193,0.5057373046875,True,high,middle,scale_normalized_known_localisation,largest matched target instance,Crop centre and scale only; never model input or prediction guidance.,2,1,0.5009775223398378,0.795433305549241,0.20652173913043478,18314,21277,348,2596,0.01900185650322158,0.12200968181604549,0.1030078253128239,0.0,0.6209552459247336,0.6209552459247336,True,0.6959891462672934,0.1506028399665807,0.5453863063007127,0.0,0.40302445432127426,0.40302445432127426,False
Cx22-Multi-Train.zip,Multi-Train,00178,147,Cx22-Multi-Train:000148,included,,largest_matched_cytoplasm_instance,3,2,330,12634,0.0477294921875,0.02611999366788032,1,not_crowded,164,0.5057373046875,True,middle,middle,scale_normalized_known_localisation,largest matched target instance,Crop centre and scale only; never model input or prediction guidance.,3,2,0.7061430539595792,0.9187401701818768,0.4935459377372817,12304,12493,330,987,0.026820546163849154,0.07900424237573041,0.05218369621188125,0.0,0.5779498064844185,0.5779498064844185,True,0.8416728225791742,0.5972579244265223,0.24441489815265194,0.3448363100718287,0.8496795387812158,0.5048432287093871,True
Cx22-Multi-Train.zip,Multi-Train,00178,148,Cx22-Multi-Train:000149,included,,largest_matched_cytoplasm_instance,0,3,464,9636,0.03680419921875,0.048152760481527605,1,not_crowded,142,0.5057373046875,True,low,high,scale_normalized_known_localisation,largest matched target instance,Crop centre and scale only; never model input or prediction guidance.,0,3,0.35046982150803996,0.5395140664961637,0.16142557651991615,9172,6468,464,5260,0.05058874836458788,0.8132343846629561,0.7626456362983682,0.314288820554268,1.3121799487716441,0.9978911282173761,False,0.7916275567062793,0.3694423461356314,0.42218521057064784,0.11702073178093786,0.621863960490325,0.5048432287093871,False
Cx22-Multi-Train.zip,Multi-Train,00179,149,Cx22-Multi-Train:000150,included,,largest_matched_cytoplasm_instance,0,2,309,13880,0.05279541015625,0.022262247838616713,1,not_crowded,166,0.5057373046875,True,middle,middle,scale_normalized_known_localisation,largest matched target instance,Crop centre and scale only; never model input or prediction guidance.,0,2,0.44037473577181385,0.7355427046263345,0.14520676691729323,13571,13405,309,3947,0.02276914007810773,0.29444237224916076,0.27167323217105305,0.0,0.7933879363578489,0.7933879363578489,True,0.7215593370696848,0.42727945568613845,0.2942798813835463,0.17485784133144489,0.679701070040832,0.5048432287093871,False
Cx22-Multi-Train.zip,Multi-Train,00179,150,Cx22-Multi-Train:000151,included,,largest_matched_cytoplasm_instance,8,6,149,6366,0.02423095703125,0.02340559220860823,2,crowded,116,0.5057373046875,True,low,middle,scale_normalized_known_localisation,largest matched target instance,Crop centre and scale only; never model input or prediction guidance.,8,6,0.8174680062452155,0.8702301301374898,0.7647058823529411,6217,7384,149,225,0.023966543348882097,0.030471289274106174,0.006504745925224077,0.0,0.5294168533827942,0.5294168533827942,True,0.8139469166417752,0.8315937148490472,0.017646798207271996,0.5791721004943536,1.0,0.42082789950564636,True
Cx22-Multi-Train.zip,Multi-Train,00181,151,Cx22-Multi-Train:000152,included,,largest_matched_cytoplasm_instance,6,4,65,2609,0.00994873046875,0.02491376006132618,1,not_crowded,72,0.5057373046875,True,low,middle,scale_normalized_known_localisation,largest matched target instance,Crop centre and scale only; never model input or prediction guidance.,6,4,0.6399150812550702,0.8726873053672833,0.40714285714285714,2544,2915,65,215,0.025550314465408806,0.07375643224699828,0.04820611778158947,0.0,0.5727019963556863,0.5727019963556863,True,0.7458277123603125,0.5695366851474574,0.17629102721285517,0.3171150707927638,0.8219582995021509,0.5048432287093871,True
Cx22-Multi-Train.zip,Multi-Train,00182,152,Cx22-Multi-Train:000153,included,,largest_matched_cytoplasm_instance,2,2,61,6225,0.02386474609375,0.009799196787148594,1,not_crowded,111,0.5057373046875,True,low,low,scale_normalized_known_localisation,largest matched target instance,Crop centre and scale only; never model input or prediction guidance.,2,2,0.49928905609988283,0.860306507261494,0.1382716049382716,6164,6299,61,749,0.009896171317326412,0.11890776313700588,0.10901159181967947,0.0,0.617853327245694,0.617853327245694,True,0.8085181381420814,0.25429539616636415,0.5542227419757173,0.0018737818116705829,0.5067170105210577,0.5048432287093871,False
Cx22-Multi-Train.zip,Multi-Train,00183,153,Cx22-Multi-Train:000154,included,,largest_matched_cytoplasm_instance,3,3,130,17189,0.0650634765625,0.007562976322066438,1,not_crowded,185,0.5057373046875,True,middle,low,scale_normalized_known_localisation,largest matched target instance,Crop centre and scale only; never model input or prediction guidance.,3,3,0.21124146374224873,0.40033264634631377,0.022150281138183677,17059,10598,130,11608,0.0076206108212673665,1.095301000188715,1.0876803893674476,0.5963554360800268,1.594246564297403,0.9978911282173762,False,0.7253056310637491,0.25223235940968586,0.47307327165406327,0.0,0.5046539737643794,0.5046539737643794,False
Cx22-Multi-Train.zip,Multi-Train,00184,154,Cx22-Multi-Train:000155,included,,largest_matched_cytoplasm_instance,1,5,86,8286,0.0318603515625,0.01037895244991552,1,not_crowded,128,0.5057373046875,True,low,low,scale_normalized_known_localisation,largest matched target instance,Crop centre and scale only; never model input or prediction guidance.,1,5,0.7705611982682321,0.9274039849841178,0.6137184115523465,8200,9115,86,191,0.010487804878048781,0.02095447065277016,0.010466665774721379,0.0,0.5199000347614582,0.5199000347614582,True,0.7546169289326093,0.8355512522987951,0.08093432336618578,0.5831296379441016,1.0,0.41687036205589845,True
Cx22-Multi-Train.zip,Multi-Train,00185,155,Cx22-Multi-Train:000156,included,,largest_matched_cytoplasm_instance,3,2,104,9030,0.034423828125,0.011517165005537098,1,not_crowded,134,0.5057373046875,True,low,low,scale_normalized_known_localisation,largest matched target instance,Crop centre and scale only; never model input or prediction guidance.,3,2,0.8643402701037938,0.9351582730011098,0.7935222672064778,8926,9997,104,143,0.011651355590410037,0.014304291287386216,0.0026529356969761785,0.0,0.5132498553960743,0.5132498553960743,True,0.8434304932237233,0.8443465286387823,0.0009160354150590244,0.5919249142840888,1.0,0.4080750857159112,True
Cx22-Multi-Train.zip,Multi-Train,00187,156,Cx22-Multi-Train:000157,included,,largest_matched_cytoplasm_instance,22,17,61,7783,0.02978515625,0.007837594757805473,4,crowded,125,0.5057373046875,True,low,low,scale_normalized_known_localisation,largest matched target instance,Crop centre and scale only; never model input or prediction guidance.,22,17,0.42954647535112955,0.6917404129793511,0.1673525377229081,7722,8550,61,668,0.007899507899507899,0.07812865497076023,0.07022914707125233,0.0,0.5770742190794483,0.5770742190794483,True,0.7232610082606272,0.7302805339872688,0.007019525726641551,0.4778589196325752,0.9827021483419623,0.5048432287093871,True
Cx22-Multi-Train.zip,Multi-Train,00187,157,Cx22-Multi-Train:000158,included,,largest_matched_cytoplasm_instance,2,0,238,19079,0.072509765625,0.01247444834634939,1,not_crowded,195,0.5057373046875,True,high,low,scale_normalized_known_localisation,largest matched target instance,Crop centre and scale only; never model input or prediction guidance.,2,0,0.8562303002994465,0.8711321873147599,0.8413284132841329,18841,23334,238,304,0.01263202590096067,0.013028199194308735,0.00039617329334806425,0.0,0.5119737633029968,0.5119737633029968,True,0.7295991161303453,0.7290521022593647,0.0005470138709806616,0.4766304879046711,0.9814737166140582,0.5048432287093871,True
Cx22-Multi-Train.zip,Multi-Train,00188,158,Cx22-Multi-Train:000159,included,,largest_matched_cytoplasm_instance,3,2,308,18346,0.06976318359375,0.016788400741306008,2,crowded,191,0.5057373046875,True,high,low,scale_normalized_known_localisation,largest matched target instance,Crop centre and scale only; never model input or prediction guidance.,3,2,0.8984432265897013,0.9375114531794027,0.859375,18038,20161,308,332,0.017075063754296484,0.01646743713109469,0.0006076266232017957,0.0,0.5154130012397827,0.5154130012397827,True,0.7325615388394559,0.7396617473388568,0.007100208499400962,0.48724013298416324,0.9920833616935504,0.5048432287093871,True
Cx22-Multi-Train.zip,Multi-Train,00189,159,Cx22-Multi-Train:000160,included,,largest_matched_cytoplasm_instance,5,0,118,7766,0.02978515625,0.015194437290754571,1,not_crowded,124,0.5057373046875,True,low,low,scale_normalized_known_localisation,largest matched target instance,Crop centre and scale only; never model input or prediction guidance.,5,0,0.5472673250095145,0.8385693571773803,0.2559652928416486,7648,8904,118,804,0.01542887029288703,0.09029649595687332,0.07486762566398629,0.0,0.5892420600655613,0.5892420600655613,True,0.7666507956259226,0.7244423950164106,0.04220840060951203,0.47202078066171704,0.9768640093711042,0.5048432287093871,True
Cx22-Multi-Train.zip,Multi-Train,00189,160,Cx22-Multi-Train:000161,included,,largest_matched_cytoplasm_instance,5,1,590,28630,0.109375,0.020607754104086624,2,crowded,238,0.5057373046875,True,high,middle,scale_normalized_known_localisation,largest matched target instance,Crop centre and scale only; never model input or prediction guidance.,5,1,0.42021354467363015,0.7068068877845833,0.13362020156267693,28040,23878,590,8241,0.021041369472182596,0.34512940782310075,0.32408803835091815,0.0,0.8440749719317888,0.8440749719317888,True,0.8001649133015545,0.4555246298341026,0.3446402834674519,0.203103015479409,0.7079462441887961,0.5048432287093871,False
Cx22-Multi-Train.zip,Multi-Train,00190,161,Cx22-Multi-Train:000162,included,,largest_matched_cytoplasm_instance,3,2,598,15711,0.05999755859375,0.03806250397810451,1,not_crowded,177,0.5057373046875,True,middle,high,scale_normalized_known_localisation,largest matched target instance,Crop centre and scale only; never model input or prediction guidance.,3,2,0.7447836826252545,0.7952232015922661,0.694344163658243,15113,20057,598,1064,0.03956858333884735,0.053048810888966444,0.013480227550119094,0.0,0.5519943749976545,0.5519943749976545,True,0.8158030849794148,0.758399944492339,0.05740314048707573,0.5059783301376455,1.0,0.4940216698623545,True
Cx22-Multi-Train.zip,Multi-Train,00190,162,Cx22-Multi-Train:000163,included,,largest_matched_cytoplasm_instance,2,0,437,12443,0.0472412109375,0.03512014787430684,1,not_crowded,175,0.5057373046875,True,middle,high,scale_normalized_known_localisation,largest matched target instance,Crop centre and scale only; never model input or prediction guidance.,2,0,0.30481315587575797,0.49597221552264725,0.11365409622886866,12006,8725,437,7253,0.03639846743295019,0.8312893982808023,0.7948909308478521,0.3323438341721142,1.3302349623894902,0.997891128217376,False,0.8181979419020469,0.5065648191802741,0.3116331227217728,0.2541432048255805,0.7589864335349676,0.5048432287093871,False
Cx22-Multi-Train.zip,Multi-Train,00191,163,Cx22-Multi-Train:000164,included,,largest_matched_cytoplasm_instance,6,8,462,11574,0.0435791015625,0.039917055469155,2,crowded,152,0.5057373046875,True,low,high,scale_normalized_known_localisation,largest matched target instance,Crop centre and scale only; never model input or prediction guidance.,6,8,0.8791376521548415,0.8041086376430164,0.9541666666666667,11112,16245,462,498,0.041576673866090715,0.030655586334256694,0.01092108753183402,0.0,0.5296011504429448,0.5296011504429448,True,0.8068819533424572,0.8073702801276447,0.0004883267851875095,0.5549486657729511,1.0,0.4450513342270489,True
Cx22-Multi-Train.zip,Multi-Train,00192,164,Cx22-Multi-Train:000165,included,,largest_matched_cytoplasm_instance,1,4,219,12552,0.048095703125,0.017447418738049714,1,not_crowded,158,0.5057373046875,True,middle,low,scale_normalized_known_localisation,largest matched target instance,Crop centre and scale only; never model input or prediction guidance.,1,4,0.3341372387719299,0.594337948171814,0.07393652937204591,12333,10203,219,5705,0.017757236682072488,0.5591492698226012,0.5413920331405286,0.06020370571391309,1.0580948339312892,0.9978911282173761,False,0.7878485055429415,0.5243530947739827,0.26349541076895877,0.27193148041928916,0.7767747091286763,0.5048432287093871,False
Cx22-Multi-Train.zip,Multi-Train,00194,165,Cx22-Multi-Train:000166,included,,largest_matched_cytoplasm_instance,1,3,385,15655,0.05950927734375,0.024592781858831046,1,not_crowded,176,0.5057373046875,True,middle,middle,scale_normalized_known_localisation,largest matched target instance,Crop centre and scale only; never model input or prediction guidance.,1,3,0.6040106486769201,0.8638103004830312,0.34421099687080914,15270,16612,385,1852,0.0252128356254093,0.11148567300746448,0.08627283738205518,0.0,0.6104312371161525,0.6104312371161525,True,0.8525507046270596,0.6138967949717715,0.2386539096552881,0.36147518061707795,0.8663184093264651,0.5048432287093871,True
Cx22-Multi-Train.zip,Multi-Train,00195,166,Cx22-Multi-Train:000167,included,,largest_matched_cytoplasm_instance,18,18,99,3086,0.01177978515625,0.03208036292935839,1,not_crowded,79,0.5057373046875,True,low,high,scale_normalized_known_localisation,largest matched target instance,Crop centre and scale only; never model input or prediction guidance.,18,18,0.4412859733851221,0.6901521216973578,0.1924198250728863,2987,3258,99,930,0.033143622363575494,0.285451197053407,0.2523075746898315,0.0,0.784396761162095,0.784396761162095,True,0.7888530330703762,0.525180482220101,0.2636725508502752,0.2727588678654075,0.7776020965747946,0.5048432287093871,False
Cx22-Multi-Train.zip,Multi-Train,00196,167,Cx22-Multi-Train:000168,included,,largest_matched_cytoplasm_instance,4,4,98,6695,0.025390625,0.014637789395070948,2,crowded,116,0.5057373046875,True,low,low,scale_normalized_known_localisation,largest matched target instance,Crop centre and scale only; never model input or prediction guidance.,4,4,0.2647852998065764,0.48218181818181816,0.047388781431334626,6597,4403,98,4038,0.014855237229043505,0.9171019759255054,0.9022467386964619,0.4181564118168173,1.4160475400341934,0.9978911282173761,False,0.8040483823755243,0.6302821789224545,0.1737662034530698,0.37786056456776096,0.8827037932771481,0.5048432287093871,True
Cx22-Multi-Train.zip,Multi-Train,00196,168,Cx22-Multi-Train:000169,included,,largest_matched_cytoplasm_instance,5,4,188,12857,0.048828125,0.014622384693163258,2,crowded,160,0.5057373046875,True,middle,low,scale_normalized_known_localisation,largest matched target instance,Crop centre and scale only; never model input or prediction guidance.,5,4,0.8653371245721615,0.9150898335599074,0.8155844155844156,12669,14548,188,197,0.01483937169468782,0.01354138025845477,0.0012979914362330498,0.0,0.5124869443671428,0.5124869443671428,True,0.8036804682328292,0.7917433326164499,0.011937135616379324,0.5393217182617563,1.0,0.46067828173824366,True
Cx22-Multi-Train.zip,Multi-Train,00197,169,Cx22-Multi-Train:000170,included,,largest_matched_cytoplasm_instance,4,4,200,17742,0.06781005859375,0.011272686281140795,1,not_crowded,188,0.5057373046875,True,middle,low,scale_normalized_known_localisation,largest matched target instance,Crop centre and scale only; never model input or prediction guidance.,4,4,0.512613067940627,0.8203480871007662,0.2048780487804878,17542,20437,200,1645,0.011401208528103978,0.08049126584136615,0.06909005731326218,0.0,0.5794368299500542,0.5794368299500542,True,0.7551445685095147,0.36879861675226816,0.38634595175724656,0.11637700239757459,0.6212202311069617,0.5048432287093871,False
Cx22-Multi-Train.zip,Multi-Train,00198,170,Cx22-Multi-Train:000171,included,,largest_matched_cytoplasm_instance,7,5,290,14943,0.05682373046875,0.01940708023823864,1,not_crowded,172,0.5057373046875,True,middle,middle,scale_normalized_known_localisation,largest matched target instance,Crop centre and scale only; never model input or prediction guidance.,7,5,0.3076556161925045,0.5405014813209047,0.07480975106410422,14653,13025,290,7463,0.0197911690438818,0.5729750479846449,0.5531838789407632,0.07402948387595687,1.071920612093333,0.997891128217376,False,0.8265662501140856,0.4043886515351095,0.4221775985789761,0.15196703718041593,0.6568102658898031,0.5048432287093871,False
Cx22-Multi-Train.zip,Multi-Train,00200,171,Cx22-Multi-Train:000172,included,,largest_matched_cytoplasm_instance,2,2,318,14113,0.053955078125,0.022532416920569686,1,not_crowded,168,0.5057373046875,True,middle,middle,scale_normalized_known_localisation,largest matched target instance,Crop centre and scale only; never model input or prediction guidance.,2,2,0.5616433718665127,0.8427397653474938,0.28054697838553155,13795,14076,318,1949,0.02305183037332367,0.13846263142938334,0.11541080105605966,0.0,0.6374081955380714,0.6374081955380714,True,0.7734823521559245,0.35871146765412293,0.4147708845018016,0.10628985329942936,0.6111330820088166,0.5048432287093871,False
Cx22-Multi-Train.zip,Multi-Train,00201,172,Cx22-Multi-Train:000173,included,,largest_matched_cytoplasm_instance,3,3,157,12738,0.0489501953125,0.012325325796828388,5,crowded,159,0.5057373046875,True,middle,low,scale_normalized_known_localisation,largest matched target instance,Crop centre and scale only; never model input or prediction guidance.,3,3,0.47180717977609066,0.793087034528212,0.15052732502396932,12581,14730,157,1929,0.012479135203878866,0.1309572301425662,0.11847809493868733,0.0,0.6299027942512543,0.6299027942512543,True,0.8390966071747396,0.4098568381231865,0.42923976905155303,0.15743522376849295,0.6622784524778801,0.5048432287093871,False
Cx22-Multi-Train.zip,Multi-Train,00201,173,Cx22-Multi-Train:000174,included,,largest_matched_cytoplasm_instance,1,0,204,13405,0.05096435546875,0.015218202163371877,2,crowded,163,0.5057373046875,True,middle,low,scale_normalized_known_localisation,largest matched target instance,Crop centre and scale only; never model input or prediction guidance.,1,0,0.36916824771819107,0.6799172514501278,0.058419243986254296,13201,11452,204,5616,0.01545337474433755,0.4903946908836884,0.47494131613935087,0.0,0.9893402549923764,0.9893402549923764,True,0.811460733701638,0.4904629238304958,0.3209978098711422,0.2380413094758022,0.7428845381851894,0.5048432287093871,False
Cx22-Multi-Train.zip,Multi-Train,00201,174,Cx22-Multi-Train:000175,included,,largest_matched_cytoplasm_instance,3,3,158,8230,0.031494140625,0.01919805589307412,1,not_crowded,128,0.5057373046875,True,low,middle,scale_normalized_known_localisation,largest matched target instance,Crop centre and scale only; never model input or prediction guidance.,3,3,0.26939084571020705,0.47807083647324794,0.06071085494716619,8072,5198,158,5047,0.019573835480673936,0.970950365525202,0.951376530044528,0.4720048014165139,1.46989592963389,0.9978911282173761,False,0.8095097787467592,0.3572912631670947,0.4522185155796645,0.10486964881240113,0.6097128775217883,0.5048432287093871,False
Cx22-Multi-Train.zip,Multi-Train,00202,175,Cx22-Multi-Train:000176,included,,largest_matched_cytoplasm_instance,1,1,117,8403,0.0321044921875,0.013923598714744734,2,crowded,129,0.5057373046875,True,low,low,scale_normalized_known_localisation,largest matched target instance,Crop centre and scale only; never model input or prediction guidance.,1,1,0.26181982504561485,0.48126841588326086,0.0423712342079689,8286,5968,117,5028,0.014120202751629254,0.8424932975871313,0.828373094835502,0.34354773347844325,1.3414388616958193,0.997891128217376,False,0.779847079679163,0.7302269143091771,0.049620165369985925,0.4778052999544835,0.9826485286638706,0.5048432287093871,True
Cx22-Multi-Train.zip,Multi-Train,00203,176,Cx22-Multi-Train:000177,included,,largest_matched_cytoplasm_instance,4,4,348,20718,0.07904052734375,0.016796988126267013,1,not_crowded,203,0.5057373046875,True,high,low,scale_normalized_known_localisation,largest matched target instance,Crop centre and scale only; never model input or prediction guidance.,4,4,0.4712152324209036,0.8035637449695007,0.13886671987230648,20370,19139,348,4664,0.017083946980854196,0.243690892941115,0.22660694596026082,0.0,0.7426364570498031,0.7426364570498031,True,0.7953828676639284,0.19828253633466464,0.5971003313292638,0.0,0.4507041506893582,0.4507041506893582,False
Cx22-Multi-Train.zip,Multi-Train,00203,177,Cx22-Multi-Train:000178,included,,largest_matched_cytoplasm_instance,6,2,298,21858,0.08331298828125,0.01363345228291701,2,crowded,208,0.5057373046875,True,high,low,scale_normalized_known_localisation,largest matched target instance,Crop centre and scale only; never model input or prediction guidance.,6,2,0.3433809705357345,0.6226759195660927,0.06408602150537634,21560,20661,298,9002,0.013821892393320965,0.435700111320846,0.42187821892752503,0.0,0.934645675429534,0.934645675429534,True,0.7558144308352636,0.3086143200395637,0.4472001107956999,0.056192705684870115,0.5610359343942573,0.5048432287093871,False
Cx22-Multi-Train.zip,Multi-Train,00204,178,Cx22-Multi-Train:000179,included,,largest_matched_cytoplasm_instance,0,4,216,12525,0.04754638671875,0.017245508982035928,3,crowded,158,0.5057373046875,True,middle,low,scale_normalized_known_localisation,largest matched target instance,Crop centre and scale only; never model input or prediction guidance.,0,4,0.7578282069766511,0.9089490968801314,0.6067073170731707,12309,12051,216,440,0.017548135510601998,0.036511492822172434,0.018963357311570436,0.0,0.5354570569308605,0.5354570569308605,True,0.7943424115876704,0.7874629782946314,0.006879433293038972,0.5350413639399378,1.0,0.46495863606006216,True
Cx22-Multi-Train.zip,Multi-Train,00205,179,Cx22-Multi-Train:000180,included,,largest_matched_cytoplasm_instance,4,7,254,12541,0.04766845703125,0.020253568295989156,3,crowded,158,0.5057373046875,True,middle,middle,scale_normalized_known_localisation,largest matched target instance,Crop centre and scale only; never model input or prediction guidance.,4,7,0.7041176744794477,0.8570370918782854,0.55119825708061,12287,14727,254,664,0.02067225522910393,0.04508725470224757,0.024414999473143642,0.0,0.5440328188109357,0.5440328188109357,True,0.8249019824223263,0.4911779582914821,0.3337240241308442,0.23875634393678852,0.7435995726461757,0.5048432287093871,False
Cx22-Multi-Train.zip,Multi-Train,00206,180,Cx22-Multi-Train:000181,included,,largest_matched_cytoplasm_instance,6,2,289,8069,0.03057861328125,0.03581608625604164,1,not_crowded,131,0.5057373046875,True,low,high,scale_normalized_known_localisation,largest matched target instance,Crop centre and scale only; never model input or prediction guidance.,6,2,0.3234803381945771,0.5213085024761107,0.12565217391304348,7780,6557,289,4311,0.037146529562982006,0.6574653042549946,0.6203187746920126,0.15851974014630654,1.1564108683636827,0.9978911282173761,False,0.7150160472547474,0.28024348155442086,0.4347725657003266,0.02782186719972729,0.5326650959091144,0.5048432287093871,False
Cx22-Multi-Train.zip,Multi-Train,00206,181,Cx22-Multi-Train:000182,included,,largest_matched_cytoplasm_instance,7,3,384,17724,0.0672607421875,0.021665538253215978,2,crowded,188,0.5057373046875,True,middle,middle,scale_normalized_known_localisation,largest matched target instance,Crop centre and scale only; never model input or prediction guidance.,7,3,0.4033656734711687,0.6923264609003293,0.11440488604200805,17340,15448,384,6329,0.022145328719723183,0.4096970481615743,0.38755171944185113,0.0,0.9086426122702624,0.9086426122702624,True,0.8082475508123931,0.172118079339179,0.6361294714732141,0.0,0.42453969369387257,0.42453969369387257,False
Cx22-Multi-Train.zip,Multi-Train,00207,182,Cx22-Multi-Train:000183,included,,largest_matched_cytoplasm_instance,2,14,187,7465,0.02874755859375,0.02505023442732753,2,crowded,122,0.5057373046875,True,low,middle,scale_normalized_known_localisation,largest matched target instance,Crop centre and scale only; never model input or prediction guidance.,2,14,0.5658783270457179,0.8127911368500567,0.31896551724137934,7278,8608,187,973,0.02569387194284144,0.11303438661710037,0.08734051467425893,0.0,0.6119799507257885,0.6119799507257885,True,0.836621491678169,0.3469890361032758,0.4896324555748932,0.09456742174858224,0.5994106504579694,0.5048432287093871,False
Cx22-Multi-Train.zip,Multi-Train,00208,183,Cx22-Multi-Train:000184,included,,largest_matched_cytoplasm_instance,5,5,133,12987,0.0494384765625,0.010241010241010241,2,crowded,161,0.5057373046875,True,middle,low,scale_normalized_known_localisation,largest matched target instance,Crop centre and scale only; never model input or prediction guidance.,5,5,0.34505889579241567,0.6391794537832227,0.05093833780160858,12854,11715,133,5089,0.010346973704683368,0.434400341442595,0.42405336773791164,0.0,0.933345905551283,0.933345905551283,True,0.6709900717277383,0.3331329689539555,0.3378571027737828,0.08071135459926193,0.5855545833086491,0.5048432287093871,False
Cx22-Multi-Train.zip,Multi-Train,00209,184,Cx22-Multi-Train:000185,included,,largest_matched_cytoplasm_instance,4,6,82,6853,0.02618408203125,0.01196556252736028,1,not_crowded,117,0.5057373046875,True,low,low,scale_normalized_known_localisation,largest matched target instance,Crop centre and scale only; never model input or prediction guidance.,4,6,0.5753822080755666,0.8208255159474672,0.329938900203666,6771,8153,82,409,0.01211047112686457,0.050165583220900284,0.03805511209403571,0.0,0.5491111473295883,0.5491111473295883,True,0.7745187835765291,0.7528350785775063,0.021683704999022835,0.5004134642228127,1.0,0.49958653577718726,True
Cx22-Multi-Train.zip,Multi-Train,00210,185,Cx22-Multi-Train:000186,included,,largest_matched_cytoplasm_instance,8,6,50,4893,0.0186767578125,0.010218679746576743,3,crowded,99,0.5057373046875,True,low,low,scale_normalized_known_localisation,largest matched target instance,Crop centre and scale only; never model input or prediction guidance.,8,6,0.5243182939649439,0.8264143657076656,0.2222222222222222,4843,5515,50,337,0.010324179227751393,0.061106074342701724,0.050781895114950334,0.0,0.5600516384513898,0.5600516384513898,True,0.847019001863133,0.3747909337669099,0.47222806809622303,0.12236931941221635,0.6272125481216035,0.5048432287093871,False
Cx22-Multi-Train.zip,Multi-Train,00211,186,Cx22-Multi-Train:000187,included,,largest_matched_cytoplasm_instance,1,1,143,8141,0.03106689453125,0.01756540965483356,1,not_crowded,127,0.5057373046875,True,low,low,scale_normalized_known_localisation,largest matched target instance,Crop centre and scale only; never model input or prediction guidance.,1,1,0.4943214726632213,0.8093855829704887,0.1792573623559539,7998,8538,143,1419,0.017879469867466868,0.1661981728742094,0.14831870300674255,0.0,0.6651437369828974,0.6651437369828974,True,0.8370914358008475,0.5316986458095071,0.30539278999134045,0.27927703145481353,0.7841202601642007,0.5048432287093871,False
Cx22-Multi-Train.zip,Multi-Train,00213,187,Cx22-Multi-Train:000188,included,,largest_matched_cytoplasm_instance,2,2,76,5548,0.02105712890625,0.0136986301369863,1,not_crowded,105,0.5057373046875,True,low,low,scale_normalized_known_localisation,largest matched target instance,Crop centre and scale only; never model input or prediction guidance.,2,2,0.5647756495750553,0.8719241805060429,0.2576271186440678,5472,6029,76,514,0.013888888888888888,0.08525460275335876,0.07136571386446988,0.0,0.5842001668620468,0.5842001668620468,True,0.7760889218628437,0.33468855200887665,0.4414003698539671,0.08226693765418308,0.5871101663635703,0.5048432287093871,False
Cx22-Multi-Train.zip,Multi-Train,00214,188,Cx22-Multi-Train:000189,included,,largest_matched_cytoplasm_instance,7,7,173,16790,0.06390380859375,0.010303752233472305,1,not_crowded,188,0.5057373046875,True,middle,low,scale_normalized_known_localisation,largest matched target instance,Crop centre and scale only; never model input or prediction guidance.,7,7,0.28985755065478513,0.5378619502269526,0.04185315108261763,16617,15328,173,8094,0.010411024854065113,0.528053235908142,0.5176422110540769,0.02910767179945395,1.02699880001683,0.997891128217376,False,0.7860151894291822,0.384829810131257,0.40118537929792525,0.13240819577656343,0.6372514244859506,0.5048432287093871,False
Cx22-Multi-Train.zip,Multi-Train,00215,189,Cx22-Multi-Train:000190,included,,largest_matched_cytoplasm_instance,3,3,474,12566,0.04791259765625,0.03772083399649849,1,not_crowded,160,0.5057373046875,True,middle,high,scale_normalized_known_localisation,largest matched target instance,Crop centre and scale only; never model input or prediction guidance.,3,3,0.4168215582596802,0.6422788351489975,0.19136428137036285,12092,11499,474,4459,0.03919947072444591,0.38777284981302723,0.3485733790885813,0.0,0.8867184139217152,0.8867184139217152,True,0.6941218776683024,0.28865959155559195,0.4054622861127104,0.036237977200898386,0.5410812059102855,0.5048432287093871,False
Cx22-Multi-Train.zip,Multi-Train,00217,190,Cx22-Multi-Train:000191,included,,largest_matched_cytoplasm_instance,10,10,244,15900,0.06060791015625,0.015345911949685535,5,crowded,178,0.5057373046875,True,middle,low,scale_normalized_known_localisation,largest matched target instance,Crop centre and scale only; never model input or prediction guidance.,10,10,0.5377046463331734,0.8569053556584728,0.21850393700787402,15656,18028,244,772,0.015585079202861523,0.042822276458841804,0.027237197255980283,0.0,0.5417678405675299,0.5417678405675299,True,0.7714015500965618,0.6059850175249255,0.16541653257163624,0.35356340317023194,0.8584066318796191,0.5048432287093871,True
Cx22-Multi-Train.zip,Multi-Train,00220,191,Cx22-Multi-Train:000192,included,,largest_matched_cytoplasm_instance,8,10,517,10235,0.0390625,0.05051294577430386,2,crowded,143,0.5057373046875,True,low,high,scale_normalized_known_localisation,largest matched target instance,Crop centre and scale only; never model input or prediction guidance.,8,10,0.8714997730434453,0.857532751091703,0.8854667949951877,9718,12266,517,522,0.053200246964395966,0.04255666068808087,0.010643586276315092,0.0,0.5415022247967689,0.5415022247967689,True,0.893986954426071,0.8503864733287566,0.0436004810973144,0.597964858974063,1.0,0.40203514102593696,True
Cx22-Multi-Train.zip,Multi-Train,00220,192,Cx22-Multi-Train:000193,included,,largest_matched_cytoplasm_instance,4,6,611,12561,0.0479736328125,0.04864262399490486,2,crowded,163,0.5057373046875,True,middle,high,scale_normalized_known_localisation,largest matched target instance,Crop centre and scale only; never model input or prediction guidance.,4,6,0.6863454508221352,0.8825358953602318,0.4901550062840385,11950,11521,611,1776,0.05112970711297071,0.15415328530509503,0.10302357819212432,0.0,0.653098849413783,0.653098849413783,True,0.8421601822988848,0.4546795564124677,0.3874806258864171,0.20225794205777414,0.7071011707671613,0.5048432287093871,False
Cx22-Multi-Train.zip,Multi-Train,00220,193,Cx22-Multi-Train:000194,included,,largest_matched_cytoplasm_instance,4,4,613,10064,0.03826904296875,0.06091017488076311,1,not_crowded,142,0.5057373046875,True,low,high,scale_normalized_known_localisation,largest matched target instance,Crop centre and scale only; never model input or prediction guidance.,4,4,0.686007130105835,0.8190147112716611,0.552999548940009,9451,9650,613,1604,0.06486086128452016,0.16621761658031087,0.1013567552957907,0.0,0.6651631806889989,0.6651631806889989,True,0.8225971458148528,0.772014407670059,0.05058273814479375,0.5195927933153655,1.0,0.48040720668463455,True
Cx22-Multi-Train.zip,Multi-Train,00221,194,Cx22-Multi-Train:000195,included,,largest_matched_cytoplasm_instance,2,3,177,18843,0.07208251953125,0.009393408692883298,2,crowded,194,0.5057373046875,True,high,low,scale_normalized_known_localisation,largest matched target instance,Crop centre and scale only; never model input or prediction guidance.,2,3,0.5242935157268749,0.8515920398009951,0.19699499165275458,18666,21534,177,1620,0.009482481517197043,0.07522986904430204,0.06574738752710499,0.0,0.5741754331529901,0.5741754331529901,True,0.7309054159925245,0.38809493895477487,0.3428104770377496,0.1356733246000813,0.6405165533094684,0.5048432287093871,False
Cx22-Multi-Train.zip,Multi-Train,00222,195,Cx22-Multi-Train:000196,included,,largest_matched_cytoplasm_instance,3,2,371,15404,0.0589599609375,0.024084653336795638,1,not_crowded,175,0.5057373046875,True,middle,middle,scale_normalized_known_localisation,largest matched target instance,Crop centre and scale only; never model input or prediction guidance.,3,2,0.3530768643146305,0.5953125503723524,0.11084117825690859,15033,15986,371,6215,0.02467903944655092,0.3887776804704116,0.3640986410238607,0.0,0.8877232445790997,0.8877232445790997,True,0.8379087067479478,0.21155674455419995,0.6263519621937479,0.0,0.4639783589088935,0.4639783589088935,False
Cx22-Multi-Train.zip,Multi-Train,00223,196,Cx22-Multi-Train:000197,included,,largest_matched_cytoplasm_instance,4,3,312,16300,0.0621337890625,0.019141104294478527,4,crowded,180,0.5057373046875,True,middle,middle,scale_normalized_known_localisation,largest matched target instance,Crop centre and scale only; never model input or prediction guidance.,4,3,0.39242381088009115,0.7848476217601823,0.0,15988,19122,312,1716,0.019514635976982737,0.08973956699090054,0.0702249310139178,0.0,0.5886851310995886,0.5886851310995886,True,0.8605712990970769,0.6236394331512077,0.23693186594586912,0.37121781879651417,0.8760610475059013,0.5048432287093871,True
Cx22-Multi-Train.zip,Multi-Train,00223,197,Cx22-Multi-Train:000198,included,,largest_matched_cytoplasm_instance,2,6,299,13646,0.052001953125,0.02191118276417998,1,not_crowded,165,0.5057373046875,True,middle,middle,scale_normalized_known_localisation,largest matched target instance,Crop centre and scale only; never model input or prediction guidance.,2,6,0.25424012901589144,0.44200626959247646,0.06647398843930635,13347,9621,299,8697,0.02240203791114108,0.9039600873090116,0.8815580493978705,0.4050145232003235,1.4029056514176996,0.9978911282173761,False,0.8257410570187012,0.3712758360115383,0.45446522100716286,0.11885422165684473,0.6236974503662318,0.5048432287093871,False
Cx22-Multi-Train.zip,Multi-Train,00224,198,Cx22-Multi-Train:000199,included,,largest_matched_cytoplasm_instance,5,7,317,9127,0.03497314453125,0.03473211350936781,1,not_crowded,135,0.5057373046875,True,low,high,scale_normalized_known_localisation,largest matched target instance,Crop centre and scale only; never model input or prediction guidance.,5,7,0.6833195138939385,0.8270800135206915,0.5395590142671854,8810,11899,317,454,0.03598183881952327,0.03815446676191277,0.002172627942389496,0.0,0.5371000308706009,0.5371000308706009,True,0.8051394417668621,0.6026348233267379,0.20250461844012424,0.35021320897204433,0.8550564376814315,0.5048432287093871,True
Cx22-Multi-Train.zip,Multi-Train,00224,199,Cx22-Multi-Train:000200,included,,largest_matched_cytoplasm_instance,3,1,145,4597,0.017333984375,0.03154231020230585,1,not_crowded,103,0.5057373046875,True,low,high,scale_normalized_known_localisation,largest matched target instance,Crop centre and scale only; never model input or prediction guidance.,3,1,0.38089013861734144,0.6530612244897959,0.10871905274488698,4452,4172,145,1713,0.0325696316262354,0.41059443911792903,0.37802480749169365,0.0,0.9095400032266171,0.9095400032266171,True,0.7306849167750169,0.17211866912929216,0.5585662476457247,0.0,0.42454028348398576,0.42454028348398576,False
Cx22-Multi-Train.zip,Multi-Train,00225,200,Cx22-Multi-Train:000201,included,,largest_matched_cytoplasm_instance,2,7,122,11221,0.04278564453125,0.010872471259246057,2,crowded,149,0.5057373046875,True,low,low,scale_normalized_known_localisation,largest matched target instance,Crop centre and scale only; never model input or prediction guidance.,2,7,0.8313906563074591,0.8998947146767741,0.7628865979381443,11099,12646,122,169,0.010991981259572934,0.013363909536612368,0.0023719282770394336,0.0,0.5123094736453004,0.5123094736453004,True,0.8312235052690631,0.7519665959112953,0.07925690935776775,0.49954498155660176,1.0,0.5004550184433982,True
Cx22-Multi-Train.zip,Multi-Train,00225,201,Cx22-Multi-Train:000202,included,,largest_matched_cytoplasm_instance,1,10,140,5655,0.02130126953125,0.02475685234305924,2,crowded,106,0.5057373046875,True,low,middle,scale_normalized_known_localisation,largest matched target instance,Crop centre and scale only; never model input or prediction guidance.,1,10,0.4837168791026669,0.7680117928874147,0.1994219653179191,5515,5339,140,1244,0.025385312783318223,0.23300243491290504,0.20761712212958683,0.0,0.7319479990215931,0.7319479990215931,True,0.8166745760442726,0.42015879389241606,0.39651578215185657,0.1677371795377225,0.6725804082471096,0.5048432287093871,False
Cx22-Multi-Train.zip,Multi-Train,00226,202,Cx22-Multi-Train:000203,included,,largest_matched_cytoplasm_instance,0,0,114,6397,0.0244140625,0.017820853525089886,2,crowded,113,0.5057373046875,True,low,middle,scale_normalized_known_localisation,largest matched target instance,Crop centre and scale only; never model input or prediction guidance.,0,0,0.4659308830589292,0.8192789846609048,0.11258278145695365,6283,6560,114,1094,0.01814419863122712,0.16676829268292684,0.1486240940516997,0.0,0.6657138567916149,0.6657138567916149,True,0.8169402119210674,0.6724532421874061,0.14448696973366126,0.42003162783271253,0.9248748565420997,0.5048432287093871,True
Cx22-Multi-Train.zip,Multi-Train,00227,203,Cx22-Multi-Train:000204,included,,largest_matched_cytoplasm_instance,3,4,203,13041,0.04937744140625,0.015566290928609769,3,crowded,161,0.5057373046875,True,middle,low,scale_normalized_known_localisation,largest matched target instance,Crop centre and scale only; never model input or prediction guidance.,3,4,0.3985241118929123,0.7970482237858246,0.0,12838,16297,203,586,0.015812431842966195,0.035957538197214214,0.02014510635424802,0.0,0.5349031023059023,0.5349031023059023,True,0.7871772247270967,0.6708673165366917,0.11630990819040499,0.41844570218199817,0.9232889308913853,0.5048432287093871,True
Cx22-Multi-Train.zip,Multi-Train,00228,204,Cx22-Multi-Train:000205,included,,largest_matched_cytoplasm_instance,10,9,129,4807,0.0181884765625,0.026835864364468484,2,crowded,98,0.5057373046875,True,low,middle,scale_normalized_known_localisation,largest matched target instance,Crop centre and scale only; never model input or prediction guidance.,10,9,0.649525643565974,0.8048249591873753,0.4942263279445728,4678,6348,129,304,0.027575887131252672,0.04788909892879647,0.020313211797543796,0.0,0.5468346630374845,0.5468346630374845,True,0.8234907010479346,0.7623280533168522,0.06116264773108249,0.5099064389621586,1.0,0.4900935610378414,True
Cx22-Multi-Train.zip,Multi-Train,00228,205,Cx22-Multi-Train:000206,included,,largest_matched_cytoplasm_instance,4,6,140,9988,0.0380859375,0.014016820184221065,4,crowded,141,0.5057373046875,True,low,low,scale_normalized_known_localisation,largest matched target instance,Crop centre and scale only; never model input or prediction guidance.,4,6,0.6983195843848142,0.8415544230069166,0.5550847457627118,9848,12128,140,332,0.01421608448415922,0.02737467018469657,0.01315858570053735,0.0,0.5263202342933846,0.5263202342933846,True,0.6640142930102669,0.8554386687478419,0.19142437573757498,0.6030170543931483,1.0,0.39698294560685166,True
Cx22-Multi-Train.zip,Multi-Train,00229,206,Cx22-Multi-Train:000207,included,,largest_matched_cytoplasm_instance,7,6,80,8024,0.03057861328125,0.009970089730807577,2,crowded,126,0.5057373046875,True,low,low,scale_normalized_known_localisation,largest matched target instance,Crop centre and scale only; never model input or prediction guidance.,7,6,0.782324182460052,0.8808876811594203,0.6837606837606838,7944,9720,80,154,0.010070493454179255,0.015843621399176954,0.005773127944997699,0.0,0.514789185507865,0.514789185507865,True,0.864680398860694,0.8624193473515535,0.002261051509140577,0.6099977329968599,1.0,0.3900022670031401,True
Cx22-Multi-Train.zip,Multi-Train,00230,207,Cx22-Multi-Train:000208,included,,largest_matched_cytoplasm_instance,2,2,458,22539,0.08599853515625,0.02032033364390612,3,crowded,212,0.5057373046875,True,high,middle,scale_normalized_known_localisation,largest matched target instance,Crop centre and scale only; never model input or prediction guidance.,2,2,0.4151551845115503,0.6876932325661285,0.1426171364569722,22081,24495,458,4899,0.020741814229428016,0.2,0.179258185770572,0.0,0.6989455641086881,0.6989455641086881,True,0.812880989558149,0.5729684000886194,0.23991258946952965,0.3205467857339258,0.825390014443313,0.5048432287093871,True
Cx22-Multi-Train.zip,Multi-Train,00230,208,Cx22-Multi-Train:000209,included,,largest_matched_cytoplasm_instance,4,2,334,15634,0.0596923828125,0.02136369451196111,1,not_crowded,176,0.5057373046875,True,middle,middle,scale_normalized_known_localisation,largest matched target instance,Crop centre and scale only; never model input or prediction guidance.,4,2,0.27819506235333696,0.49287995166997495,0.063510173036699,15300,7874,334,10184,0.021830065359477124,1.2933705867411736,1.2715405213816964,0.7944250226324855,1.7923161508498615,0.997891128217376,False,0.8275952370256299,0.45108260723594223,0.37651262978968764,0.19866099288124867,0.7035042215906357,0.5048432287093871,False
Cx22-Multi-Train.zip,Multi-Train,00232,209,Cx22-Multi-Train:000210,included,,largest_matched_cytoplasm_instance,2,2,228,19502,0.0743408203125,0.011691108604245718,1,not_crowded,200,0.5057373046875,True,high,low,scale_normalized_known_localisation,largest matched target instance,Crop centre and scale only; never model input or prediction guidance.,2,2,0.7422434595719778,0.8256981451410013,0.6587887740029542,19274,24449,228,449,0.011829407491958079,0.018364759294858684,0.006535351802900605,0.0,0.5173103234035468,0.5173103234035468,True,0.8548395009991819,0.7593661189853258,0.09547338201385613,0.5069445046306322,1.0,0.49305549536936777,True
Cx22-Multi-Train.zip,Multi-Train,00233,210,Cx22-Multi-Train:000211,included,,largest_matched_cytoplasm_instance,2,1,329,11574,0.044189453125,0.02842578192500432,2,crowded,152,0.5057373046875,True,low,middle,scale_normalized_known_localisation,largest matched target instance,Crop centre and scale only; never model input or prediction guidance.,2,1,0.893875676997878,0.8976105089253335,0.8901408450704226,11245,13572,329,381,0.029257447754557582,0.028072502210433246,0.0011849455441243356,0.0,0.5270180663191213,0.5270180663191213,True,0.8719588536981928,0.8719409603299357,1.7893368257082543e-05,0.6195193459752422,1.0,0.38048065402475784,True
Cx22-Multi-Train.zip,Multi-Train,00234,211,Cx22-Multi-Train:000212,included,,largest_matched_cytoplasm_instance,5,2,386,13685,0.05230712890625,0.028206065034709536,1,not_crowded,165,0.5057373046875,True,middle,middle,scale_normalized_known_localisation,largest matched target instance,Crop centre and scale only; never model input or prediction guidance.,5,2,0.7344743832813823,0.8586720867208673,0.6102766798418973,13299,16221,386,879,0.02902473870215806,0.054189014240798965,0.025164275538640906,0.0,0.553134578349487,0.553134578349487,True,0.844502451537913,0.3424583292835952,0.5020441222543178,0.09003671492890164,0.5948799436382888,0.5048432287093871,False
Cx22-Multi-Train.zip,Multi-Train,00235,212,Cx22-Multi-Train:000213,included,,largest_matched_cytoplasm_instance,6,4,97,6529,0.02471923828125,0.01485679277071527,1,not_crowded,114,0.5057373046875,True,low,low,scale_normalized_known_localisation,largest matched target instance,Crop centre and scale only; never model input or prediction guidance.,6,4,0.610789843702746,0.8506427849198325,0.37093690248565964,6432,7414,97,426,0.01508084577114428,0.05745886161316428,0.04237801584202,0.0,0.5564044257218523,0.5564044257218523,True,0.7036221027608619,0.7254762674804497,0.021854164719587788,0.4730546531257561,0.9778978818351433,0.5048432287093871,True
Cx22-Multi-Train.zip,Multi-Train,00237,213,Cx22-Multi-Train:000214,included,,largest_matched_cytoplasm_instance,6,6,169,13685,0.0518798828125,0.012349287541103399,1,not_crowded,171,0.5057373046875,True,middle,low,scale_normalized_known_localisation,largest matched target instance,Crop centre and scale only; never model input or prediction guidance.,6,6,0.09671344535899132,0.16834492350486788,0.025081967213114755,13516,4459,169,12031,0.012503699319325243,2.6981385960977797,2.6856348967784545,2.1991930319890916,3.197084160206468,0.9978911282173764,False,0.8372895622110271,0.6515798449597258,0.18570971725130136,0.3991582306050322,0.9040014593144193,0.5048432287093871,True
Cx22-Multi-Train.zip,Multi-Train,00239,214,Cx22-Multi-Train:000215,included,,largest_matched_cytoplasm_instance,3,8,243,12345,0.0472412109375,0.01968408262454435,2,crowded,157,0.5057373046875,True,middle,middle,scale_normalized_known_localisation,largest matched target instance,Crop centre and scale only; never model input or prediction guidance.,3,8,0.7820526892224869,0.7855165706590858,0.7785888077858881,12102,14632,243,168,0.020079325731284084,0.011481683980317113,0.00859764175096697,0.0,0.5104272480890052,0.5104272480890052,True,0.8075855912699452,0.7380658185407584,0.06951977272918686,0.4856442041860648,0.9904874328954519,0.5048432287093871,True
Cx22-Multi-Train.zip,Multi-Train,00239,215,Cx22-Multi-Train:000216,included,,largest_matched_cytoplasm_instance,3,1,367,11886,0.0455322265625,0.03087666161871109,1,not_crowded,154,0.5057373046875,True,middle,high,scale_normalized_known_localisation,largest matched target instance,Crop centre and scale only; never model input or prediction guidance.,3,1,0.8581720337654324,0.8828193832599119,0.8335246842709529,11519,13451,367,504,0.03186040454900599,0.0374693331350829,0.005608928586076908,0.0,0.536414897243771,0.536414897243771,True,0.8133926097111093,0.724760353501858,0.0886322562092513,0.4723387391471644,0.9771819678565515,0.5048432287093871,True
Cx22-Multi-Train.zip,Multi-Train,00241,216,Cx22-Multi-Train:000217,included,,largest_matched_cytoplasm_instance,10,10,82,4010,0.0152587890625,0.020448877805486283,1,not_crowded,90,0.5057373046875,True,low,middle,scale_normalized_known_localisation,largest matched target instance,Crop centre and scale only; never model input or prediction guidance.,10,10,0.3220496850762061,0.5588159588159588,0.08528341133645345,3928,3842,82,1841,0.020875763747454174,0.47917751171264966,0.4583017479651955,0.0,0.9781230758213377,0.9781230758213377,True,0.7745187835765291,0.7287794668673923,0.04573931670913689,0.4763578525126987,0.9812010812220858,0.5048432287093871,True
Cx22-Multi-Train.zip,Multi-Train,00241,217,Cx22-Multi-Train:000218,included,,largest_matched_cytoplasm_instance,4,9,268,7738,0.02935791015625,0.034634272421814424,1,not_crowded,124,0.5057373046875,True,low,high,scale_normalized_known_localisation,largest matched target instance,Crop centre and scale only; never model input or prediction guidance.,4,9,0.9011498436848446,0.9286534779834078,0.8736462093862816,7470,8200,268,286,0.0358768406961178,0.03487804878048781,0.0009987919156299943,0.0,0.5338236128891759,0.5338236128891759,True,0.8156757038015201,0.8767241937913417,0.0610484899898216,0.6243025794366481,1.0,0.37569742056335187,True
Cx22-Multi-Train.zip,Multi-Train,00242,218,Cx22-Multi-Train:000219,included,,largest_matched_cytoplasm_instance,2,3,656,20161,0.077392578125,0.032538068548187096,1,not_crowded,200,0.5057373046875,True,high,high,scale_normalized_known_localisation,largest matched target instance,Crop centre and scale only; never model input or prediction guidance.,2,3,0.8775103899206407,0.860797223952309,0.8942235558889723,19505,25451,656,677,0.033632401948218406,0.026600133590035754,0.0070322683581826514,0.0,0.5255456976987238,0.5255456976987238,True,0.8212659673814964,0.7192508500595948,0.1020151173219016,0.4668292357049012,0.9716724644142883,0.5048432287093871,True
Cx22-Multi-Train.zip,Multi-Train,00243,219,Cx22-Multi-Train:000220,included,,largest_matched_cytoplasm_instance,6,4,369,9696,0.036865234375,0.038056930693069306,2,crowded,139,0.5057373046875,True,low,high,scale_normalized_known_localisation,largest matched target instance,Crop centre and scale only; never model input or prediction guidance.,6,4,0.8211358105388441,0.8360355408995145,0.8062360801781737,9327,12507,369,529,0.039562560308780956,0.04229631406412409,0.0027337537553431338,0.0,0.5412418781728121,0.5412418781728121,True,0.7445134719471708,0.8215994867662716,0.07708601481910082,0.569177872411578,1.0,0.430822127588422,True
Cx22-Multi-Train.zip,Multi-Train,00243,220,Cx22-Multi-Train:000221,included,,largest_matched_cytoplasm_instance,9,8,540,8427,0.032470703125,0.06407974368102527,3,crowded,136,0.5057373046875,True,low,high,scale_normalized_known_localisation,largest matched target instance,Crop centre and scale only; never model input or prediction guidance.,9,8,0.4233467099278791,0.6426245622657738,0.20406885758998436,7887,8390,540,2655,0.06846709775580069,0.31644815256257447,0.2479810548067738,0.0,0.8153937166712626,0.8153937166712626,True,0.8204637893278623,0.6678423315013124,0.1526214578265499,0.4154207171466189,0.920263945856006,0.5048432287093871,True
Cx22-Multi-Train.zip,Multi-Train,00244,221,Cx22-Multi-Train:000222,included,,largest_matched_cytoplasm_instance,12,0,61,3620,0.01373291015625,0.01685082872928177,1,not_crowded,85,0.5057373046875,True,low,low,scale_normalized_known_localisation,largest matched target instance,Crop centre and scale only; never model input or prediction guidance.,12,0,0.4577547673661332,0.7746319365798414,0.14087759815242495,3559,3505,61,805,0.01713964596796853,0.2296718972895863,0.2125322513216178,0.0,0.7286174613982743,0.7286174613982743,True,0.7232610082606272,0.3787775202625471,0.34448348799808015,0.1263559059078535,0.6311991346172406,0.5048432287093871,False
Cx22-Multi-Train.zip,Multi-Train,00245,222,Cx22-Multi-Train:000223,included,,largest_matched_cytoplasm_instance,3,13,307,11117,0.04241943359375,0.027615363857155708,2,crowded,149,0.5057373046875,True,low,middle,scale_normalized_known_localisation,largest matched target instance,Crop centre and scale only; never model input or prediction guidance.,3,13,0.7245790900081353,0.9133844695337413,0.5357737104825291,10810,12396,307,294,0.02839962997224792,0.02371732817037754,0.004682301801870379,0.0,0.5226628922790656,0.5226628922790656,True,0.8405301724484858,0.8387375940259398,0.0017925784225459873,0.5863159796712463,1.0,0.41368402032875373,True
Cx22-Multi-Train.zip,Multi-Train,00245,223,Cx22-Multi-Train:000224,included,,largest_matched_cytoplasm_instance,0,2,133,14069,0.05377197265625,0.009453408202430876,2,crowded,167,0.5057373046875,True,middle,low,scale_normalized_known_localisation,largest matched target instance,Crop centre and scale only; never model input or prediction guidance.,0,2,0.46321766147761756,0.7831092835679266,0.14332603938730853,13936,17679,133,1695,0.009543628013777268,0.09587646360088241,0.08633283558710514,0.0,0.5948220277095705,0.5948220277095705,True,0.6628594565100274,0.4421340026581473,0.22072545385188014,0.18971238830345372,0.6945556170128409,0.5048432287093871,True
Cx22-Multi-Train.zip,Multi-Train,00246,224,Cx22-Multi-Train:000225,included,,largest_matched_cytoplasm_instance,1,2,309,6513,0.02471923828125,0.04744357438968217,1,not_crowded,123,0.5057373046875,True,low,high,scale_normalized_known_localisation,largest matched target instance,Crop centre and scale only; never model input or prediction guidance.,1,2,0.8669212227205727,0.8397930985616099,0.8940493468795355,6204,7909,309,380,0.049806576402321084,0.04804652927045138,0.0017600471318697034,0.0,0.5469920933791395,0.5469920933791395,True,0.839422247658532,0.8258281964684441,0.013594051190087941,0.5734065821137505,1.0,0.4265934178862495,True
Cx22-Multi-Train.zip,Multi-Train,00246,225,Cx22-Multi-Train:000226,included,,largest_matched_cytoplasm_instance,3,0,598,11339,0.043212890625,0.05273833671399594,1,not_crowded,150,0.5057373046875,True,low,high,scale_normalized_known_localisation,largest matched target instance,Crop centre and scale only; never model input or prediction guidance.,3,0,0.5761399688513323,0.7948305201674102,0.35744941753525444,10741,11002,598,2664,0.055674518201284794,0.2421377931285221,0.1864632749272373,0.0,0.7410833572372102,0.7410833572372102,True,0.7873952928742349,0.4068454644502891,0.38054982842394586,0.1544238500955955,0.6592670788049826,0.5048432287093871,False
Cx22-Multi-Train.zip,Multi-Train,00247,226,Cx22-Multi-Train:000227,included,,largest_matched_cytoplasm_instance,2,1,367,17404,0.06658935546875,0.021087106412319007,2,crowded,186,0.5057373046875,True,middle,middle,scale_normalized_known_localisation,largest matched target instance,Crop centre and scale only; never model input or prediction guidance.,2,1,0.8398102559499627,0.8745161035472573,0.8051044083526682,17037,20936,367,495,0.021541351176850385,0.02364348490638135,0.002102133729530966,0.0,0.5225890490150694,0.5225890490150694,True,0.8430556663599882,0.8008053477919171,0.042250318568071044,0.5483837334372236,1.0,0.4516162665627764,True
Cx22-Multi-Train.zip,Multi-Train,00247,227,Cx22-Multi-Train:000228,included,,largest_matched_cytoplasm_instance,0,2,158,7371,0.028564453125,0.021435354768688103,1,not_crowded,121,0.5057373046875,True,low,middle,scale_normalized_known_localisation,largest matched target instance,Crop centre and scale only; never model input or prediction guidance.,0,2,0.44324701825033963,0.7438963979902342,0.14259763851044505,7213,6918,158,2044,0.021904893941494523,0.2954611159294594,0.27355622198796486,0.0,0.7944066800381475,0.7944066800381475,True,0.7432022990850459,0.33491014111886436,0.4082921579661815,0.08248852676417079,0.587331755473558,0.5048432287093871,False
Cx22-Multi-Train.zip,Multi-Train,00248,228,Cx22-Multi-Train:000229,included,,largest_matched_cytoplasm_instance,2,2,505,31281,0.11993408203125,0.016143985166714617,1,not_crowded,249,0.5057373046875,True,high,low,scale_normalized_known_localisation,largest matched target instance,Crop centre and scale only; never model input or prediction guidance.,2,2,0.6357872093135499,0.8131522437870147,0.4584221748400853,30776,42337,505,1371,0.01640889004419028,0.032383021942981316,0.015974131898791037,0.0,0.5313285860516694,0.5313285860516694,True,0.7176932407500228,0.37649472963704705,0.3411985111129758,0.12407311528235349,0.6289163439917407,0.5048432287093871,False
Cx22-Multi-Train.zip,Multi-Train,00249,229,Cx22-Multi-Train:000230,included,,largest_matched_cytoplasm_instance,1,2,211,10683,0.04107666015625,0.01975100627164654,2,crowded,146,0.5057373046875,True,low,middle,scale_normalized_known_localisation,largest matched target instance,Crop centre and scale only; never model input or prediction guidance.,1,2,0.26847078619270953,0.47240571063285747,0.06453586175256155,10472,8300,211,6328,0.020148968678380442,0.7624096385542168,0.7422606698758364,0.2634640744455288,1.261355202662905,0.9978911282173761,False,0.7881322333735279,0.5440041097914441,0.2441281235820838,0.2915824954367505,0.7964257241461377,0.5048432287093871,True
Cx22-Multi-Train.zip,Multi-Train,00250,230,Cx22-Multi-Train:000231,included,,largest_matched_cytoplasm_instance,0,2,305,9078,0.03466796875,0.033597708746419916,2,crowded,134,0.5057373046875,True,low,high,scale_normalized_known_localisation,largest matched target instance,Crop centre and scale only; never model input or prediction guidance.,0,2,0.6540850202429149,0.8466315789473684,0.46153846153846156,8773,10227,305,553,0.03476575857745355,0.054072553045859,0.01930679446840545,0.0,0.5530181171545471,0.5530181171545471,True,0.7074903605904763,0.34602272811846235,0.36146763247201397,0.09360111376376878,0.5984443424731559,0.5048432287093871,False
Cx22-Multi-Train.zip,Multi-Train,00251,231,Cx22-Multi-Train:000232,included,,largest_matched_cytoplasm_instance,1,3,241,4224,0.01617431640625,0.05705492424242424,2,crowded,92,0.5057373046875,True,low,high,scale_normalized_known_localisation,largest matched target instance,Crop centre and scale only; never model input or prediction guidance.,1,3,0.8510838389032376,0.8358082308018667,0.8663594470046083,3983,5445,241,193,0.060507155410494604,0.03544536271808999,0.025061792692404612,0.0,0.534390926826778,0.534390926826778,True,0.8622548045118293,0.878558628647138,0.01630382413530862,0.6261370142924444,1.0,0.3738629857075556,True
Cx22-Multi-Train.zip,Multi-Train,00251,232,Cx22-Multi-Train:000233,included,,largest_matched_cytoplasm_instance,4,3,329,9100,0.03448486328125,0.036153846153846154,1,not_crowded,135,0.5057373046875,True,low,high,scale_normalized_known_localisation,largest matched target instance,Crop centre and scale only; never model input or prediction guidance.,4,3,0.8741530135832984,0.8787408097752926,0.8695652173913043,8771,10543,329,407,0.03750997605746209,0.038603812956464006,0.0010938368990019154,0.0,0.537549377065152,0.537549377065152,True,0.7655276858150789,0.882972783247278,0.11744509743219911,0.6305511688925844,1.0,0.36944883110741555,True
Cx22-Multi-Train.zip,Multi-Train,00252,233,Cx22-Multi-Train:000234,included,,largest_matched_cytoplasm_instance,4,3,556,21510,0.081787109375,0.02584844258484426,2,crowded,207,0.5057373046875,True,high,middle,scale_normalized_known_localisation,largest matched target instance,Crop centre and scale only; never model input or prediction guidance.,4,3,0.623464988545573,0.8506451473697838,0.39628482972136225,20954,25392,556,1059,0.02653431325761191,0.04170604914933838,0.015171735891726466,0.0,0.5406516132580265,0.5406516132580265,True,0.7441738304850861,0.6812987755742835,0.06287505491080259,0.42887716121958996,0.9337203899289771,0.5048432287093871,True
Cx22-Multi-Train.zip,Multi-Train,00253,234,Cx22-Multi-Train:000235,included,,largest_matched_cytoplasm_instance,13,8,134,4808,0.01812744140625,0.027870216306156406,3,crowded,98,0.5057373046875,True,low,middle,scale_normalized_known_localisation,largest matched target instance,Crop centre and scale only; never model input or prediction guidance.,13,8,0.8168491977985608,0.8451679296473009,0.7885304659498208,4674,6015,134,145,0.02866923406076166,0.024106400665004156,0.004562833395757505,0.0,0.5230519647736922,0.5230519647736922,True,0.7952976145746183,0.7946715859116584,0.0006260286629599099,0.5422499715569649,1.0,0.45775002844303514,True
Cx22-Multi-Train.zip,Multi-Train,00253,235,Cx22-Multi-Train:000236,included,,largest_matched_cytoplasm_instance,10,0,384,11426,0.04351806640625,0.033607561701382814,2,crowded,155,0.5057373046875,True,low,high,scale_normalized_known_localisation,largest matched target instance,Crop centre and scale only; never model input or prediction guidance.,10,0,0.8931295423755392,0.8780350084697911,0.9082240762812872,11042,13752,384,455,0.03477630863973918,0.033086096567771964,0.0016902120719672134,0.0,0.53203166067646,0.53203166067646,True,0.835320477325574,0.7945719239700144,0.0407485533555596,0.5421503096153208,1.0,0.45784969038467915,True
Cx22-Multi-Train.zip,Multi-Train,00254,236,Cx22-Multi-Train:000237,included,,largest_matched_cytoplasm_instance,0,7,189,8221,0.03118896484375,0.022989903904634474,1,not_crowded,128,0.5057373046875,True,low,middle,scale_normalized_known_localisation,largest matched target instance,Crop centre and scale only; never model input or prediction guidance.,0,7,0.47763311545074383,0.7694255229368859,0.18584070796460178,8032,8557,189,1845,0.023530876494023904,0.21561294846324647,0.19208207196922256,0.0,0.7145585125719345,0.7145585125719345,True,0.7440263236987318,0.7963609155070487,0.0523345918083169,0.5439393011523551,1.0,0.4560606988476449,True
Cx22-Multi-Train.zip,Multi-Train,00255,237,Cx22-Multi-Train:000238,included,,largest_matched_cytoplasm_instance,8,4,48,5250,0.02020263671875,0.009142857142857144,1,not_crowded,102,0.5057373046875,True,low,low,scale_normalized_known_localisation,largest matched target instance,Crop centre and scale only; never model input or prediction guidance.,8,4,0.5768659992284181,0.8555953524941032,0.2981366459627329,5202,6245,48,274,0.00922722029988466,0.04387510008006405,0.03464787978017939,0.0,0.5428206641887521,0.5428206641887521,True,0.8554386556255748,0.1842759408620487,0.6711627147635261,0.0,0.43669755521674225,0.43669755521674225,False
Cx22-Multi-Train.zip,Multi-Train,00256,238,Cx22-Multi-Train:000239,included,,largest_matched_cytoplasm_instance,2,2,290,8359,0.031982421875,0.0346931451130518,1,not_crowded,136,0.5057373046875,True,low,high,scale_normalized_known_localisation,largest matched target instance,Crop centre and scale only; never model input or prediction guidance.,2,2,0.22739509063812513,0.3590173939578883,0.09577278731836196,8069,5039,290,5766,0.0359400173503532,1.1442746576701726,1.1083346403198193,0.6453290935614845,1.6432202217788605,0.997891128217376,False,0.8388176361832852,0.4548021006036475,0.3840155355796377,0.20238048624895394,0.7072237149583411,0.5048432287093871,False
Cx22-Multi-Train.zip,Multi-Train,00257,239,Cx22-Multi-Train:000240,included,,largest_matched_cytoplasm_instance,11,12,81,3648,0.0140380859375,0.022203947368421052,2,crowded,86,0.5057373046875,True,low,middle,scale_normalized_known_localisation,largest matched target instance,Crop centre and scale only; never model input or prediction guidance.,11,12,0.8300757385076539,0.8426332288401254,0.8175182481751825,3567,4408,81,56,0.022708158116063918,0.012704174228675136,0.010003983887388782,0.0,0.5116497383373632,0.5116497383373632,True,0.8458333332539967,0.8149229273760309,0.030910405877965785,0.5625013130213373,1.0,0.4374986869786627,True
Cx22-Multi-Train.zip,Multi-Train,00257,240,Cx22-Multi-Train:000241,included,,largest_matched_cytoplasm_instance,6,7,220,11171,0.0423583984375,0.019693850147703876,1,not_crowded,149,0.5057373046875,True,low,middle,scale_normalized_known_localisation,largest matched target instance,Crop centre and scale only; never model input or prediction guidance.,6,7,0.9062344343451676,0.9216002718083751,0.89086859688196,10951,12595,220,229,0.02008948954433385,0.01818181818181818,0.00190767136251567,0.0,0.5171273822905063,0.5171273822905063,True,0.8563442178267141,0.7951030537791779,0.06124116404753621,0.5426814394244843,1.0,0.4573185605755157,True
Cx22-Multi-Train.zip,Multi-Train,00258,241,Cx22-Multi-Train:000242,included,,largest_matched_cytoplasm_instance,1,1,237,13645,0.05181884765625,0.017368999633565408,2,crowded,165,0.5057373046875,True,middle,low,scale_normalized_known_localisation,largest matched target instance,Crop centre and scale only; never model input or prediction guidance.,1,1,0.8178865774182119,0.8422363505276267,0.7935368043087971,13408,17106,237,320,0.01767601431980907,0.01870688647258272,0.00103087215277365,0.0,0.5176524505812707,0.5176524505812707,True,0.5635270219258985,0.7230113561027691,0.15948433417687058,0.47058974174807555,0.9754329704574627,0.5048432287093871,True
Cx22-Multi-Train.zip,Multi-Train,00259,242,Cx22-Multi-Train:000243,included,,largest_matched_cytoplasm_instance,13,9,208,5845,0.0220947265625,0.03558597091531223,2,crowded,123,0.5057373046875,True,low,high,scale_normalized_known_localisation,largest matched target instance,Crop centre and scale only; never model input or prediction guidance.,13,9,0.8669524167048066,0.9118189438390611,0.8220858895705522,5637,6293,208,281,0.03689905978357282,0.04465278881296679,0.007753729029393967,0.0,0.5435983529216548,0.5435983529216548,True,0.8560604846494515,0.8782851884558857,0.022224703806434154,0.6258635741011921,1.0,0.3741364258988079,True
Cx22-Multi-Train.zip,Multi-Train,00259,243,Cx22-Multi-Train:000244,included,,largest_matched_cytoplasm_instance,3,3,116,7170,0.02716064453125,0.016178521617852163,1,not_crowded,120,0.5057373046875,True,low,low,scale_normalized_known_localisation,largest matched target instance,Crop centre and scale only; never model input or prediction guidance.,3,3,0.5083561137073345,0.8114670734808035,0.20524515393386544,7054,8678,116,761,0.016444570456478593,0.08769301682415304,0.07124844636767444,0.0,0.5866385809328412,0.5866385809328412,True,0.7830366353983927,0.8665438433760576,0.08350720797766487,0.614122229021364,1.0,0.38587777097863596,True
Cx22-Multi-Train.zip,Multi-Train,00260,244,Cx22-Multi-Train:000245,included,,largest_matched_cytoplasm_instance,3,4,230,14668,0.05609130859375,0.015680392691573494,2,crowded,171,0.5057373046875,True,middle,low,scale_normalized_known_localisation,largest matched target instance,Crop centre and scale only; never model input or prediction guidance.,3,4,0.5287214867408102,0.8577917093142272,0.1996512641673932,14438,16826,230,2064,0.015930184236043775,0.12266730060620468,0.1067371163701609,0.0,0.6216128647148927,0.6216128647148927,True,0.8376625412711084,0.6515797097827889,0.1860828314883195,0.3991580954280953,0.9040013241374825,0.5048432287093871,True
Cx22-Multi-Train.zip,Multi-Train,00261,245,Cx22-Multi-Train:000246,included,,largest_matched_cytoplasm_instance,7,5,90,8643,0.0330810546875,0.010413051023950017,2,crowded,131,0.5057373046875,True,low,low,scale_normalized_known_localisation,largest matched target instance,Crop centre and scale only; never model input or prediction guidance.,7,5,0.4688854489164087,0.8,0.13777089783281735,8553,9057,90,1202,0.01052262364082778,0.13271502705089985,0.12219240341007208,0.0,0.631660591159588,0.631660591159588,True,0.7658427620884019,0.30159836842132354,0.4642443936670783,0.04917675406662997,0.554019982776017,0.5048432287093871,False
Cx22-Multi-Train.zip,Multi-Train,00262,246,Cx22-Multi-Train:000247,included,,largest_matched_cytoplasm_instance,4,4,186,18208,0.06951904296875,0.010215289982425307,2,crowded,190,0.5057373046875,True,high,low,scale_normalized_known_localisation,largest matched target instance,Crop centre and scale only; never model input or prediction guidance.,4,4,0.7801736167777124,0.8410125142207053,0.7193347193347194,18022,24170,186,295,0.010320719121074243,0.01220521307405875,0.0018844939529845065,0.0,0.5111507771827468,0.5111507771827468,True,0.8043861146180834,0.7134496864424326,0.09093642817565084,0.461028072087739,0.9658713007971261,0.5048432287093871,True
Cx22-Multi-Train.zip,Multi-Train,00263,247,Cx22-Multi-Train:000248,included,,largest_matched_cytoplasm_instance,0,1,125,10147,0.03863525390625,0.012318911993692717,3,crowded,142,0.5057373046875,True,low,low,scale_normalized_known_localisation,largest matched target instance,Crop centre and scale only; never model input or prediction guidance.,0,1,0.7342303249939071,0.8660510114335972,0.6024096385542169,10022,12718,125,290,0.012472560367192177,0.02280232740997012,0.010329767042777944,0.0,0.5217478915186582,0.5217478915186582,True,0.8205860274790026,0.7430137526049536,0.07757227487404894,0.49059213825026005,0.9954353669596472,0.5048432287093871,True
Cx22-Multi-Train.zip,Multi-Train,00265,248,Cx22-Multi-Train:000249,included,,largest_matched_cytoplasm_instance,1,1,837,29569,0.11260986328125,0.028306672528661776,3,crowded,242,0.5057373046875,True,high,middle,scale_normalized_known_localisation,largest matched target instance,Crop centre and scale only; never model input or prediction guidance.,1,1,0.41759732804508926,0.8351946560901785,0.0,28732,38335,837,642,0.02913128219406933,0.016747097952262945,0.012384184241806387,0.0,0.515692662060951,0.515692662060951,True,0.8856400595754138,0.7073788540741285,0.17826120550128532,0.4549572397194349,0.959800468428822,0.5048432287093871,True
Cx22-Multi-Train.zip,Multi-Train,00268,249,Cx22-Multi-Train:000250,included,,largest_matched_cytoplasm_instance,11,10,309,11208,0.0433349609375,0.027569593147751606,1,not_crowded,149,0.5057373046875,True,low,middle,scale_normalized_known_localisation,largest matched target instance,Crop centre and scale only; never model input or prediction guidance.,11,10,0.4515977492858245,0.7351237009105123,0.1680717976611368,10899,10847,309,3368,0.02835122488301679,0.3105005992440306,0.28214937436101384,0.0,0.8094461633527187,0.8094461633527187,True,0.672566428766184,0.26686706927623055,0.40569935948995345,0.014445454921536982,0.5192886836309241,0.5048432287093871,False
Cx22-Multi-Train.zip,Multi-Train,00269,250,Cx22-Multi-Train:000251,included,,largest_matched_cytoplasm_instance,0,0,112,8443,0.03216552734375,0.013265426980930948,1,not_crowded,130,0.5057373046875,True,low,low,scale_normalized_known_localisation,largest matched target instance,Crop centre and scale only; never model input or prediction guidance.,0,0,0.8478753145093654,0.910036343304445,0.7857142857142857,8331,9554,112,168,0.013443764253991117,0.017584257902449236,0.004140493648458119,0.0,0.5165298220111373,0.5165298220111373,True,0.8000960789018171,0.8556508014502023,0.05555472254838523,0.6032291870955088,1.0,0.39677081290449123,True
Cx22-Multi-Train.zip,Multi-Train,00269,251,Cx22-Multi-Train:000252,included,,largest_matched_cytoplasm_instance,6,5,110,6106,0.02325439453125,0.018015067147068457,2,crowded,110,0.5057373046875,True,low,middle,scale_normalized_known_localisation,largest matched target instance,Crop centre and scale only; never model input or prediction guidance.,6,5,0.5553060128808506,0.7667634453200608,0.3438485804416404,5996,8470,110,524,0.018345563709139426,0.06186540731995278,0.04351984361081335,0.0,0.5608109714286409,0.5608109714286409,True,0.7096599785440322,0.6667653362970752,0.04289464224695694,0.41434372194238167,0.9191869506517688,0.5048432287093871,True
Cx22-Multi-Train.zip,Multi-Train,00270,252,Cx22-Multi-Train:000253,included,,largest_matched_cytoplasm_instance,6,6,344,5354,0.0201416015625,0.06425102726933134,1,not_crowded,103,0.5057373046875,True,low,high,scale_normalized_known_localisation,largest matched target instance,Crop centre and scale only; never model input or prediction guidance.,6,6,0.8720490612476359,0.8804038549793484,0.8636942675159236,5010,5885,344,441,0.0686626746506986,0.07493627867459643,0.00627360402389783,0.0,0.5738818427832845,0.5738818427832845,True,0.8279402535074927,0.8182427960775146,0.009697457429978074,0.565821181722821,1.0,0.43417881827717897,True
Cx22-Multi-Train.zip,Multi-Train,00270,253,Cx22-Multi-Train:000254,included,,largest_matched_cytoplasm_instance,4,4,173,8122,0.03118896484375,0.02130017237133711,2,crowded,127,0.5057373046875,True,low,middle,scale_normalized_known_localisation,largest matched target instance,Crop centre and scale only; never model input or prediction guidance.,4,4,0.8792632499066235,0.9196003253166027,0.8389261744966443,7949,9265,173,125,0.0217637438671531,0.013491635186184566,0.008272108680968535,0.0,0.5124371992948726,0.5124371992948726,True,0.6895392893155894,0.787928362516063,0.09838907320047363,0.5355067481613695,1.0,0.46449325183863055,True
Cx22-Multi-Train.zip,Multi-Train,00271,254,Cx22-Multi-Train:000255,included,,largest_matched_cytoplasm_instance,6,6,281,9069,0.0345458984375,0.030984673062079613,2,crowded,134,0.5057373046875,True,low,high,scale_normalized_known_localisation,largest matched target instance,Crop centre and scale only; never model input or prediction guidance.,6,6,0.6269408438554605,0.8289394244314752,0.42494226327944573,8788,11088,281,152,0.03197542102867547,0.013708513708513708,0.01826690732016176,0.0,0.5126540778172017,0.5126540778172017,True,0.7663037687920659,0.7809409949254495,0.014637226133383696,0.528519380570756,1.0,0.471480619429244,True
Cx22-Multi-Train.zip,Multi-Train,00271,255,Cx22-Multi-Train:000256,included,,largest_matched_cytoplasm_instance,2,8,655,16265,0.06201171875,0.040270519520442666,3,crowded,180,0.5057373046875,True,middle,high,scale_normalized_known_localisation,largest matched target instance,Crop centre and scale only; never model input or prediction guidance.,2,8,0.7022944744075333,0.7889874450556682,0.6156015037593985,15610,22383,655,1473,0.04196028187059577,0.06580887280525399,0.02384859093465822,0.0,0.5647544369139421,0.5647544369139421,True,0.8415188826718584,0.6772598706195417,0.16425901205231663,0.42483825626484817,0.9296814849742353,0.5048432287093871,True
Cx22-Multi-Train.zip,Multi-Train,00273,256,Cx22-Multi-Train:000257,included,,largest_matched_cytoplasm_instance,0,2,171,7841,0.030029296875,0.021808442800663182,1,not_crowded,125,0.5057373046875,True,low,middle,scale_normalized_known_localisation,largest matched target instance,Crop centre and scale only; never model input or prediction guidance.,0,2,0.8125147211339374,0.9179587351971676,0.7070707070707071,7670,8712,171,225,0.02229465449804433,0.025826446280991736,0.0035317917829474077,0.0,0.5247720103896798,0.5247720103896798,True,0.7755349869034599,0.8575083000886732,0.08197331318521328,0.6050866857339796,1.0,0.3949133142660204,True
Cx22-Multi-Train.zip,Multi-Train,00273,257,Cx22-Multi-Train:000258,included,,largest_matched_cytoplasm_instance,3,1,194,9545,0.0364990234375,0.020324777370350967,1,not_crowded,138,0.5057373046875,True,low,middle,scale_normalized_known_localisation,largest matched target instance,Crop centre and scale only; never model input or prediction guidance.,3,1,0.817555331331161,0.8948509224025818,0.7402597402597403,9351,11410,194,114,0.020746444230563574,0.009991235758106924,0.01075520847245665,0.0,0.508936799866795,0.508936799866795,True,0.816902770685777,0.8230366148639033,0.006133844178126346,0.5706150005092098,1.0,0.42938499949079023,True
Cx22-Multi-Train.zip,Multi-Train,00274,258,Cx22-Multi-Train:000259,included,,largest_matched_cytoplasm_instance,1,0,243,9856,0.0374755859375,0.024655032467532468,2,crowded,151,0.5057373046875,True,low,middle,scale_normalized_known_localisation,largest matched target instance,Crop centre and scale only; never model input or prediction guidance.,1,0,0.6805764941938535,0.795205746181472,0.565947242206235,9613,13498,243,591,0.025278269010714657,0.0437842643354571,0.018505995324742446,0.0,0.5427298284441452,0.5427298284441452,True,0.7511941351888719,0.7566957093239682,0.005501574135096332,0.5042740949692747,1.0,0.49572590503072533,True
Cx22-Multi-Train.zip,Multi-Train,00276,259,Cx22-Multi-Train:000260,included,,largest_matched_cytoplasm_instance,6,6,186,5498,0.021240234375,0.03383048381229538,1,not_crowded,105,0.5057373046875,True,low,high,scale_normalized_known_localisation,largest matched target instance,Crop centre and scale only; never model input or prediction guidance.,6,6,0.16222540019733334,0.24680521492190524,0.07764558547276143,5312,2435,186,4605,0.035015060240963854,1.891170431211499,1.8561553709705352,1.392224867102811,2.390115995320187,0.9978911282173759,False,0.7991456401116354,0.5460302888189588,0.2531153512926766,0.2936086744642652,0.7984519031736523,0.5048432287093871,False
Cx22-Multi-Train.zip,Multi-Train,00279,260,Cx22-Multi-Train:000261,included,,largest_matched_cytoplasm_instance,7,7,221,6289,0.02423095703125,0.03514072189537287,1,not_crowded,112,0.5057373046875,True,low,high,scale_normalized_known_localisation,largest matched target instance,Crop centre and scale only; never model input or prediction guidance.,7,7,0.7293781555218236,0.8648558295027162,0.593900481540931,6068,5897,221,402,0.03642056690837179,0.06817025606240461,0.03174968915403282,0.0,0.5671158201710926,0.5671158201710926,True,0.8607022074895461,0.3429829922516458,0.5177192152379002,0.09056137789695223,0.5954046066063394,0.5048432287093871,False
Cx22-Multi-Train.zip,Multi-Train,00280,261,Cx22-Multi-Train:000262,included,,largest_matched_cytoplasm_instance,3,4,201,9125,0.03466796875,0.022027397260273973,1,not_crowded,135,0.5057373046875,True,low,middle,scale_normalized_known_localisation,largest matched target instance,Crop centre and scale only; never model input or prediction guidance.,3,4,0.3750617292835,0.6504705086413679,0.09965294992563213,8924,7335,201,3833,0.022523532048408786,0.5225630538513975,0.5000395218029887,0.023617489742709386,1.0215086179600856,0.9978911282173762,False,0.803080404018562,0.5212365038139739,0.28184390020458805,0.26881488945928034,0.7736581181686675,0.5048432287093871,False
Cx22-Multi-Train.zip,Multi-Train,00280,262,Cx22-Multi-Train:000263,included,,largest_matched_cytoplasm_instance,7,4,78,9667,0.03692626953125,0.008068687286645289,3,crowded,139,0.5057373046875,True,low,low,scale_normalized_known_localisation,largest matched target instance,Crop centre and scale only; never model input or prediction guidance.,7,4,0.7765414302611081,0.8777581851975409,0.6753246753246753,9589,11394,78,153,0.00813432057565961,0.013428120063191154,0.005293799487531543,0.0,0.5123736841718792,0.5123736841718792,True,0.8013275859884647,0.7159787716460332,0.08534881434243147,0.4635571572913396,0.9684003860007268,0.5048432287093871,True
Cx22-Multi-Train.zip,Multi-Train,00281,263,Cx22-Multi-Train:000264,included,,largest_matched_cytoplasm_instance,2,9,152,14997,0.05743408203125,0.010135360405414417,2,crowded,173,0.5057373046875,True,middle,low,scale_normalized_known_localisation,largest matched target instance,Crop centre and scale only; never model input or prediction guidance.,2,9,0.8826206311921301,0.8999117494902772,0.8653295128939829,14845,18016,152,197,0.010239137756820478,0.010934724689165187,0.0006955869323447082,0.0,0.5098802887978533,0.5098802887978533,True,0.8388176389490817,0.8155200727639438,0.023297566185137897,0.5630984584092502,1.0,0.4369015415907498,True
Cx22-Multi-Train.zip,Multi-Train,00282,264,Cx22-Multi-Train:000265,included,,largest_matched_cytoplasm_instance,3,4,626,12690,0.0484619140625,0.049330181245074864,1,not_crowded,159,0.5057373046875,True,middle,high,scale_normalized_known_localisation,largest matched target instance,Crop centre and scale only; never model input or prediction guidance.,3,4,0.7636975071950222,0.878576116752249,0.6488188976377953,12064,13837,626,1279,0.051889920424403185,0.09243333092433331,0.04054341049993013,0.0,0.5913788950330214,0.5913788950330214,True,0.8305026310106146,0.39564053059831533,0.4348621004122993,0.14321891624362176,0.6480621449530088,0.5048432287093871,False
Cx22-Multi-Train.zip,Multi-Train,00284,265,Cx22-Multi-Train:000266,included,,largest_matched_cytoplasm_instance,2,8,275,8749,0.033447265625,0.03143216367584867,2,crowded,132,0.5057373046875,True,low,high,scale_normalized_known_localisation,largest matched target instance,Crop centre and scale only; never model input or prediction guidance.,2,8,0.8374083642094624,0.8960233097717585,0.7787934186471663,8474,10059,275,272,0.032452206750059005,0.027040461278457103,0.005411745471601902,0.0,0.5259860253871451,0.5259860253871451,True,0.82182707868763,0.8311536022897362,0.009326523602106174,0.5787319879350427,1.0,0.42126801206495734,True
Cx22-Multi-Train.zip,Multi-Train,00287,266,Cx22-Multi-Train:000267,included,,largest_matched_cytoplasm_instance,10,10,49,6368,0.0244140625,0.007694723618090453,1,not_crowded,113,0.5057373046875,True,low,low,scale_normalized_known_localisation,largest matched target instance,Crop centre and scale only; never model input or prediction guidance.,10,10,0.3588549479004093,0.6774469541409993,0.04026294165981923,6319,5369,49,2385,0.007754391517645197,0.44421680014900355,0.4364624086313584,0.0,0.9431623642576916,0.9431623642576916,True,0.8250185083082463,0.2834757153954822,0.5415427929127641,0.03105410104078865,0.5358973297501758,0.5048432287093871,False
Cx22-Multi-Train.zip,Multi-Train,00289,267,Cx22-Multi-Train:000268,included,,largest_matched_cytoplasm_instance,7,6,211,7491,0.0286865234375,0.02816713389400614,1,not_crowded,127,0.5057373046875,True,low,middle,scale_normalized_known_localisation,largest matched target instance,Crop centre and scale only; never model input or prediction guidance.,7,6,0.6164988861187931,0.7956080015144822,0.43738977072310403,7280,8567,211,356,0.028983516483516485,0.04155480331504611,0.012571286831529624,0.0,0.5405003674237342,0.5405003674237342,True,0.729260205809578,0.31068058176411806,0.4185796240454599,0.05825896740942449,0.5631021961188116,0.5048432287093871,False
Cx22-Multi-Train.zip,Multi-Train,00291,268,Cx22-Multi-Train:000269,included,,largest_matched_cytoplasm_instance,10,10,44,1813,0.00701904296875,0.024269167126309985,2,crowded,60,0.5057373046875,True,low,middle,scale_normalized_known_localisation,largest matched target instance,Crop centre and scale only; never model input or prediction guidance.,10,10,0.5124035169758164,0.8638874937217479,0.16091954022988506,1769,2213,44,43,0.0248728094968909,0.019430637144148215,0.005442172352742684,0.0,0.5183762012528362,0.5183762012528362,True,0.7629588009633504,0.8455809325652641,0.08262213160191367,0.5931593182105706,1.0,0.40684068178942945,True
Cx22-Multi-Train.zip,Multi-Train,00292,269,Cx22-Multi-Train:000270,included,,largest_matched_cytoplasm_instance,4,4,259,15390,0.0584716796875,0.01682910981156595,4,crowded,175,0.5057373046875,True,middle,low,scale_normalized_known_localisation,largest matched target instance,Crop centre and scale only; never model input or prediction guidance.,4,4,0.35292702210305593,0.7058540442061119,0.0,15131,13960,259,2894,0.01711717665719384,0.20730659025787965,0.1901894136006858,0.0,0.7062521543665677,0.7062521543665677,True,0.8022132398263995,0.5679537795330205,0.23425946029337896,0.31553216517832694,0.8203753938877141,0.5048432287093871,True
Cx22-Multi-Train.zip,Multi-Train,00294,270,Cx22-Multi-Train:000271,included,,largest_matched_cytoplasm_instance,7,7,124,7667,0.029052734375,0.01617320986044085,3,crowded,124,0.5057373046875,True,low,low,scale_normalized_known_localisation,largest matched target instance,Crop centre and scale only; never model input or prediction guidance.,7,7,0.5125639698694727,0.8100741762980852,0.21505376344086022,7543,9848,124,434,0.016439082593132707,0.044069861900893584,0.027630779307760877,0.0,0.5430154260095816,0.5430154260095816,True,0.8770864089202386,0.8242319452252511,0.052854463694987475,0.5718103308705575,1.0,0.42818966912944245,True
Cx22-Multi-Train.zip,Multi-Train,00295,271,Cx22-Multi-Train:000272,included,,largest_matched_cytoplasm_instance,5,3,67,7945,0.03057861328125,0.00843297671491504,2,crowded,126,0.5057373046875,True,low,low,scale_normalized_known_localisation,largest matched target instance,Crop centre and scale only; never model input or prediction guidance.,5,3,0.6017074004553928,0.9023395320935813,0.3010752688172043,7878,8792,67,212,0.008504696623508504,0.024112829845313922,0.015608133221805418,0.0,0.523058393954002,0.523058393954002,True,0.7695947144242717,0.6146400235259729,0.15495469089829883,0.36221840917127934,0.8670616378806665,0.5048432287093871,True
Cx22-Multi-Train.zip,Multi-Train,00295,272,Cx22-Multi-Train:000273,included,,largest_matched_cytoplasm_instance,4,6,100,6934,0.02606201171875,0.01442169022209403,1,not_crowded,118,0.5057373046875,True,low,low,scale_normalized_known_localisation,largest matched target instance,Crop centre and scale only; never model input or prediction guidance.,4,6,0.26862097866469054,0.4897923725132482,0.04744958481613286,6834,4677,100,4115,0.014632718759145449,0.8798375026726534,0.865204783913508,0.3808919385639653,1.3787830667813414,0.9978911282173761,False,0.7350164892200739,0.7587214387800729,0.023704949559999022,0.5062998244253794,1.0,0.49370017557462065,True
Cx22-Multi-Train.zip,Multi-Train,00297,273,Cx22-Multi-Train:000274,included,,largest_matched_cytoplasm_instance,6,4,493,13573,0.05194091796875,0.03632211007146541,2,crowded,164,0.5057373046875,True,middle,high,scale_normalized_known_localisation,largest matched target instance,Crop centre and scale only; never model input or prediction guidance.,6,4,0.7786820014923089,0.8595169354270826,0.6978470675575352,13080,15322,493,854,0.03769113149847095,0.05573684897532959,0.018045717476858646,0.0,0.5546824130840177,0.5546824130840177,True,0.7830953894303931,0.7741732647586893,0.008922124671703835,0.5217516504039957,1.0,0.47824834959600426,True
Cx22-Multi-Train.zip,Multi-Train,00298,274,Cx22-Multi-Train:000275,included,,largest_matched_cytoplasm_instance,10,2,241,11290,0.04296875,0.021346324180690875,1,not_crowded,150,0.5057373046875,True,low,middle,scale_normalized_known_localisation,largest matched target instance,Crop centre and scale only; never model input or prediction guidance.,10,2,0.5526362422980371,0.8441190569573365,0.2611534276387378,11049,11898,241,1597,0.021811928681328627,0.134224239367961,0.11241231068663236,0.0,0.6331698034766491,0.6331698034766491,True,0.8425483436866098,0.7305717695181043,0.11197657416850548,0.47815015516341075,0.9829933838727979,0.5048432287093871,True
Cx22-Multi-Train.zip,Multi-Train,00305,275,Cx22-Multi-Train:000276,included,,largest_matched_cytoplasm_instance,2,2,312,14582,0.0557861328125,0.021396241942120423,2,crowded,170,0.5057373046875,True,middle,middle,scale_normalized_known_localisation,largest matched target instance,Crop centre and scale only; never model input or prediction guidance.,2,2,0.4659311824480945,0.7786056599153461,0.1532567049808429,14270,14317,312,3342,0.02186405045550105,0.23342879094782426,0.2115647404923232,0.0,0.7323743550565123,0.7323743550565123,True,0.7431591766937532,0.3200780255279418,0.4230811511658114,0.06765641117324822,0.5724996398826354,0.5048432287093871,False
Cx22-Multi-Train.zip,Multi-Train,00311,276,Cx22-Multi-Train:000277,included,,largest_matched_cytoplasm_instance,0,1,225,8434,0.03204345703125,0.02667773298553474,1,not_crowded,130,0.5057373046875,True,low,middle,scale_normalized_known_localisation,largest matched target instance,Crop centre and scale only; never model input or prediction guidance.,0,1,0.8780827018709476,0.8884864449566459,0.8676789587852495,8209,10013,225,236,0.02740894140577415,0.023569359832218115,0.003839581573556034,0.0,0.5225149239409062,0.5225149239409062,True,0.7404422164761392,0.797636369965193,0.05719415348905388,0.5452147556104995,1.0,0.4547852443895005,True
Cx22-Multi-Train.zip,Multi-Train,00324,277,Cx22-Multi-Train:000278,included,,largest_matched_cytoplasm_instance,1,2,191,13980,0.05377197265625,0.013662374821173105,2,crowded,167,0.5057373046875,True,middle,low,scale_normalized_known_localisation,largest matched target instance,Crop centre and scale only; never model input or prediction guidance.,1,2,0.7363027011576391,0.912605402315278,0.56,13789,14199,191,459,0.013851620857205019,0.03232622015634904,0.018474599299144023,0.0,0.5312717842650371,0.5312717842650371,True,0.7922352278315873,0.7811477628341296,0.011087464997457719,0.528726148479436,1.0,0.471273851520564,True
Cx22-Multi-Train.zip,Multi-Train,00326,278,Cx22-Multi-Train:000279,included,,largest_matched_cytoplasm_instance,2,4,333,10475,0.0401611328125,0.03178997613365155,1,not_crowded,144,0.5057373046875,True,low,high,scale_normalized_known_localisation,largest matched target instance,Crop centre and scale only; never model input or prediction guidance.,2,4,0.8268805607082161,0.8745733041575492,0.7791878172588832,10142,12708,333,455,0.03283376059948728,0.03580421781554926,0.0029704572160619766,0.0,0.5347497819242373,0.5347497819242373,True,0.8248728842722561,0.8366066188724799,0.011733734600223755,0.5841850045177863,1.0,0.4158149954822137,True
Cx22-Multi-Train.zip,Multi-Train,00329,279,Cx22-Multi-Train:000280,included,,largest_matched_cytoplasm_instance,0,1,127,8460,0.03216552734375,0.015011820330969268,1,not_crowded,130,0.5057373046875,True,low,low,scale_normalized_known_localisation,largest matched target instance,Crop centre and scale only; never model input or prediction guidance.,0,1,0.8837097743052239,0.952604733795633,0.8148148148148148,8333,9116,127,116,0.015240609624384975,0.012724879333040808,0.0025157302913441665,0.0,0.5116704434417289,0.5116704434417289,True,0.7822463765237905,0.898119612169115,0.11587323564532448,0.6456979978144214,1.0,0.3543020021855786,True
Cx22-Multi-Train.zip,Multi-Train,00334,280,Cx22-Multi-Train:000281,included,,largest_matched_cytoplasm_instance,0,0,254,14370,0.05462646484375,0.01767571329157968,1,not_crowded,169,0.5057373046875,True,middle,low,scale_normalized_known_localisation,largest matched target instance,Crop centre and scale only; never model input or prediction guidance.,0,0,0.8865201872576307,0.877691537305959,0.8953488372093024,14116,17836,254,262,0.017993765939359592,0.014689392240412649,0.003304373698946943,0.0,0.5136349563491007,0.5136349563491007,True,0.6704056214696115,0.7271475434282008,0.05674192195858929,0.4747259290735072,0.9795691577828943,0.5048432287093871,True
Cx22-Multi-Train.zip,Multi-Train,00339,281,Cx22-Multi-Train:000282,included,,largest_matched_cytoplasm_instance,4,2,251,3429,0.0130615234375,0.07319918343540391,1,not_crowded,83,0.5057373046875,True,low,high,scale_normalized_known_localisation,largest matched target instance,Crop centre and scale only; never model input or prediction guidance.,4,2,0.7346897593862606,0.9025223759153783,0.5668571428571428,3178,2967,251,624,0.078980490874764,0.2103134479271992,0.1313329570524352,0.0,0.7092590120358873,0.7092590120358873,True,0.8374270911783035,0.3461152237238233,0.4913118674544802,0.09369360936912974,0.5985368380785169,0.5048432287093871,False
Cx22-Multi-Train.zip,Multi-Train,00342,282,Cx22-Multi-Train:000283,included,,largest_matched_cytoplasm_instance,12,11,30,3227,0.01214599609375,0.009296560272699102,1,not_crowded,81,0.5057373046875,True,low,low,scale_normalized_known_localisation,largest matched target instance,Crop centre and scale only; never model input or prediction guidance.,12,11,0.3542003900888087,0.6612680229113174,0.04713275726630008,3197,1866,30,1243,0.009383797309978105,0.6661307609860665,0.6567469636760884,0.16718519687737843,1.1650763250947547,0.9978911282173762,False,0.7703164157150293,0.20424984613053904,0.5660665695844902,0.0,0.4566714604852326,0.4566714604852326,False
Cx22-Multi-Train.zip,Multi-Train,00344,283,Cx22-Multi-Train:000284,included,,largest_matched_cytoplasm_instance,2,2,122,5422,0.0208740234375,0.02250092216894135,2,crowded,104,0.5057373046875,True,low,middle,scale_normalized_known_localisation,largest matched target instance,Crop centre and scale only; never model input or prediction guidance.,2,2,0.6521356572258533,0.7055058823529412,0.5987654320987654,5300,5325,122,202,0.023018867924528303,0.03793427230046948,0.014915404375941178,0.0,0.5368798364091576,0.5368798364091576,True,0.7123100334176071,0.8399090430239654,0.12759900960635828,0.5874874286692718,1.0,0.41251257133072816,True
Cx22-Multi-Train.zip,Multi-Train,00346,284,Cx22-Multi-Train:000285,included,,largest_matched_cytoplasm_instance,7,1,40,3905,0.01483154296875,0.010243277848911651,1,not_crowded,88,0.5057373046875,True,low,low,scale_normalized_known_localisation,largest matched target instance,Crop centre and scale only; never model input or prediction guidance.,7,1,0.9170045432642665,0.9298994974874372,0.9041095890410958,3865,4095,40,33,0.01034928848641656,0.00805860805860806,0.0022906804278085002,0.0,0.5070041721672961,0.5070041721672961,True,0.8349467824386132,0.8119470551706076,0.022999727268005588,0.559525440815914,1.0,0.44047455918408596,True
Cx22-Multi-Train.zip,Multi-Train,00347,285,Cx22-Multi-Train:000286,included,,largest_matched_cytoplasm_instance,10,18,67,4686,0.01776123046875,0.014297908664105847,1,not_crowded,97,0.5057373046875,True,low,low,scale_normalized_known_localisation,largest matched target instance,Crop centre and scale only; never model input or prediction guidance.,10,18,0.9199225048676933,0.9477586788001349,0.8920863309352518,4619,4282,67,72,0.014505304178393592,0.01681457262961233,0.002309268451218739,0.0,0.5157601367383003,0.5157601367383003,True,0.601119055910142,0.658918965132271,0.057799909222128965,0.4064973507775774,0.9113405794869646,0.5048432287093871,True
Cx22-Multi-Train.zip,Multi-Train,00348,286,Cx22-Multi-Train:000287,included,,largest_matched_cytoplasm_instance,1,6,119,7191,0.0272216796875,0.016548463356973995,1,not_crowded,120,0.5057373046875,True,low,low,scale_normalized_known_localisation,largest matched target instance,Crop centre and scale only; never model input or prediction guidance.,1,6,0.12545948704327783,0.2118513444082891,0.03906762967826658,7072,4606,119,5973,0.016826923076923076,1.2967867998263134,1.2799598767493903,0.7978412357176253,1.7957323639350014,0.997891128217376,False,0.7798461302681673,0.635378869673988,0.14446726059417925,0.3829572553192945,0.8878004840286816,0.5048432287093871,True
Cx22-Multi-Train.zip,Multi-Train,00350,287,Cx22-Multi-Train:000288,included,,largest_matched_cytoplasm_instance,13,4,524,8810,0.03375244140625,0.05947786606129398,1,not_crowded,132,0.5057373046875,True,low,high,scale_normalized_known_localisation,largest matched target instance,Crop centre and scale only; never model input or prediction guidance.,13,4,0.9105491298584684,0.8999444135630906,0.9211538461538461,8286,9704,524,516,0.06323919864832248,0.053173948887056885,0.01006524976126559,0.0,0.5521195129957449,0.5521195129957449,True,0.813207250550727,0.8744091789603042,0.06120192840957728,0.6219875646056107,1.0,0.37801243539438933,True
Cx22-Multi-Train.zip,Multi-Train,00350,288,Cx22-Multi-Train:000289,included,,largest_matched_cytoplasm_instance,2,2,581,17685,0.0675048828125,0.03285270002827255,1,not_crowded,187,0.5057373046875,True,middle,high,scale_normalized_known_localisation,largest matched target instance,Crop centre and scale only; never model input or prediction guidance.,2,2,0.9062456955511649,0.8639493670886076,0.9485420240137221,17104,22396,581,585,0.03396866230121609,0.026120735845686728,0.007847926455529362,0.0,0.5250662999543748,0.5250662999543748,True,0.8351199022052469,0.7647661136368262,0.07035378856842067,0.5123444992821327,1.0,0.48765550071786734,True
Cx22-Multi-Train.zip,Multi-Train,00359,289,Cx22-Multi-Train:000290,included,,largest_matched_cytoplasm_instance,7,7,541,22660,0.0859375,0.02387466902030009,2,crowded,229,0.5057373046875,True,high,middle,scale_normalized_known_localisation,largest matched target instance,Crop centre and scale only; never model input or prediction guidance.,7,7,0.23986384648789266,0.41329994435169726,0.06642774862408805,22119,13821,541,15085,0.024458610244586104,1.0914550321973808,1.0669964219527948,0.5925094680886928,1.5904005963060688,0.997891128217376,False,0.8296304113434004,0.31510934672882696,0.5145210646145735,0.06268773237413339,0.5675309610835205,0.5048432287093871,False
Cx22-Multi-Train.zip,Multi-Train,00361,290,Cx22-Multi-Train:000291,included,,largest_matched_cytoplasm_instance,1,2,360,12995,0.049560546875,0.02770296267795306,2,crowded,161,0.5057373046875,True,middle,middle,scale_normalized_known_localisation,largest matched target instance,Crop centre and scale only; never model input or prediction guidance.,1,2,0.8618132858455195,0.8447445841133993,0.8788819875776398,12635,17277,360,284,0.02849228333992877,0.016438039011402443,0.012054244328526326,0.0,0.5153836031200905,0.5153836031200905,True,0.8005735207937689,0.7124008647825166,0.08817265601125224,0.45997925042782306,0.9648224791372102,0.5048432287093871,True
Cx22-Multi-Train.zip,Multi-Train,00363,291,Cx22-Multi-Train:000292,included,,largest_matched_cytoplasm_instance,6,5,98,9310,0.035400390625,0.010526315789473684,1,not_crowded,136,0.5057373046875,True,low,low,scale_normalized_known_localisation,largest matched target instance,Crop centre and scale only; never model input or prediction guidance.,6,5,0.42437899987731137,0.7494168948382517,0.099341104916371,9212,10510,98,1875,0.010638297872340425,0.17840152235965748,0.16776322448731706,0.0,0.6773470864683455,0.6773470864683455,True,0.8491997974177516,0.4093840753378669,0.43981572207988473,0.15696246098317335,0.6618056896925605,0.5048432287093871,False
Cx22-Multi-Train.zip,Multi-Train,00366,292,Cx22-Multi-Train:000293,included,,largest_matched_cytoplasm_instance,2,10,65,1811,0.00677490234375,0.03589177250138045,2,crowded,60,0.5057373046875,True,low,high,scale_normalized_known_localisation,largest matched target instance,Crop centre and scale only; never model input or prediction guidance.,2,10,0.7335630203847259,0.862474877978754,0.6046511627906976,1746,1737,65,64,0.03722794959908362,0.03684513529073115,0.0003828143083524707,0.0,0.5357906993994193,0.5357906993994193,True,0.8314275587741657,0.6213742168810629,0.21005334189310287,0.3689526025263693,0.8737958312357564,0.5048432287093871,True
Cx22-Multi-Train.zip,Multi-Train,00367,293,Cx22-Multi-Train:000294,included,,largest_matched_cytoplasm_instance,12,0,66,4263,0.01605224609375,0.015482054890921885,1,not_crowded,92,0.5057373046875,True,low,low,scale_normalized_known_localisation,largest matched target instance,Crop centre and scale only; never model input or prediction guidance.,12,0,0.8841418385536033,0.8859307359307359,0.8823529411764706,4197,5043,66,70,0.015725518227305217,0.01388062661114416,0.0018448916161610575,0.0,0.5128261907198323,0.5128261907198323,True,0.7552097664911078,0.8189480829779953,0.06373831648688744,0.5665264686233017,1.0,0.4334735313766983,True
Cx22-Multi-Train.zip,Multi-Train,00368,294,Cx22-Multi-Train:000295,included,,largest_matched_cytoplasm_instance,30,29,21,2226,0.00860595703125,0.009433962264150943,3,crowded,67,0.5057373046875,True,low,low,scale_normalized_known_localisation,largest matched target instance,Crop centre and scale only; never model input or prediction guidance.,30,29,0.59851353246389,0.8636937315944467,0.3333333333333333,2205,2549,21,27,0.009523809523809525,0.010592389172224402,0.0010685796484148774,0.0,0.5095379532809124,0.5095379532809124,True,0.8363009706092603,0.8061450660379307,0.03015590457132966,0.5537234516832371,1.0,0.4462765483167629,True
Cx22-Multi-Train.zip,Multi-Train,00370,295,Cx22-Multi-Train:000296,included,,largest_matched_cytoplasm_instance,5,17,107,6167,0.0234375,0.01735041349116264,4,crowded,111,0.5057373046875,True,low,low,scale_normalized_known_localisation,largest matched target instance,Crop centre and scale only; never model input or prediction guidance.,5,17,0.7243492736077481,0.8978510895883777,0.5508474576271186,6060,7156,107,129,0.017656765676567657,0.018026830631637788,0.00037006495507013043,0.0,0.5169723947403259,0.5169723947403259,True,0.7633344769981281,0.9235040107819977,0.16016953378386967,0.6710823964273042,1.0,0.32891760357269584,True
Cx22-Multi-Train.zip,Multi-Train,00371,296,Cx22-Multi-Train:000297,included,,largest_matched_cytoplasm_instance,0,8,29,5810,0.02203369140625,0.0049913941480206545,2,crowded,108,0.5057373046875,True,low,low,scale_normalized_known_localisation,largest matched target instance,Crop centre and scale only; never model input or prediction guidance.,0,8,0.5364839984837819,0.8763578274760383,0.19661016949152543,5781,6739,29,266,0.005016433143054835,0.03947173171093634,0.03445529856788151,0.0,0.5384172958196244,0.5384172958196244,True,0.7355085664991405,0.8313679938069276,0.09585942730778707,0.578946379452234,1.0,0.42105362054776596,True
Cx22-Multi-Train.zip,Multi-Train,00372,297,Cx22-Multi-Train:000298,included,,largest_matched_cytoplasm_instance,2,5,276,17268,0.06597900390625,0.015983321751216122,1,not_crowded,185,0.5057373046875,True,middle,low,scale_normalized_known_localisation,largest matched target instance,Crop centre and scale only; never model input or prediction guidance.,2,5,0.9143146273218071,0.8831747091890688,0.9454545454545454,16992,18942,276,274,0.016242937853107344,0.014465209587160808,0.0017777282659465366,0.0,0.5134107736958489,0.5134107736958489,True,0.8428083642442878,0.738146307277153,0.10466205696713482,0.48572469292245946,0.9905679216318466,0.5048432287093871,True
Cx22-Multi-Train.zip,Multi-Train,00374,298,Cx22-Multi-Train:000299,included,,largest_matched_cytoplasm_instance,13,8,30,2253,0.00848388671875,0.013315579227696404,1,not_crowded,67,0.5057373046875,True,low,low,scale_normalized_known_localisation,largest matched target instance,Crop centre and scale only; never model input or prediction guidance.,13,8,0.9310689084019694,0.9129852744310576,0.9491525423728814,2223,2259,30,29,0.01349527665317139,0.012837538733953076,0.0006577379192183146,0.0,0.5117831028426412,0.5117831028426412,True,0.8432702603026421,0.8839798310353423,0.04070957073270021,0.6315582166806487,1.0,0.3684417833193513,True
Cx22-Multi-Train.zip,Multi-Train,00375,299,Cx22-Multi-Train:000300,included,,largest_matched_cytoplasm_instance,5,7,119,8421,0.03204345703125,0.014131338320864505,1,not_crowded,130,0.5057373046875,True,low,low,scale_normalized_known_localisation,largest matched target instance,Crop centre and scale only; never model input or prediction guidance.,5,7,0.864529115592811,0.9131378331756719,0.8159203980099502,8302,9669,119,82,0.01433389544688027,0.008480711552383908,0.005853183894496362,0.0,0.507426275661072,0.507426275661072,True,0.7743558241762463,0.8908828557644749,0.11652703158822864,0.6384612414097813,1.0,0.36153875859021867,True
Cx22-Multi-Train.zip,Multi-Train,00376,300,Cx22-Multi-Train:000301,included,,largest_matched_cytoplasm_instance,23,19,89,6996,0.02691650390625,0.012721555174385363,2,crowded,118,0.5057373046875,True,low,low,scale_normalized_known_localisation,largest matched target instance,Crop centre and scale only; never model input or prediction guidance.,23,19,0.697025786286384,0.8773849059061014,0.5166666666666667,6907,8450,89,31,0.01288547850007239,0.0036686390532544378,0.009216839446817952,0.0,0.5026142031619425,0.5026142031619425,True,0.7206320143304674,0.8090594231490545,0.08842740881858713,0.556637808794361,1.0,0.443362191205639,True
Cx22-Multi-Train.zip,Multi-Train,00379,301,Cx22-Multi-Train:000302,included,,largest_matched_cytoplasm_instance,6,6,334,9021,0.03448486328125,0.03702472009755016,3,crowded,134,0.5057373046875,True,low,high,scale_normalized_known_localisation,largest matched target instance,Crop centre and scale only; never model input or prediction guidance.,6,6,0.8655820806701442,0.8641690874486627,0.8669950738916257,8687,11279,334,275,0.03844825601473466,0.024381594112953275,0.014066661901781383,0.0,0.5233271582216413,0.5233271582216413,True,0.729551871134518,0.8344467561810458,0.10489488504652777,0.5820251418263522,1.0,0.41797485817364777,True
Cx22-Multi-Train.zip,Multi-Train,00380,302,Cx22-Multi-Train:000303,included,,largest_matched_cytoplasm_instance,19,17,48,2741,0.01055908203125,0.017511856986501276,1,not_crowded,74,0.5057373046875,True,low,low,scale_normalized_known_localisation,largest matched target instance,Crop centre and scale only; never model input or prediction guidance.,19,17,0.30315331288379055,0.5364376301343934,0.06986899563318777,2693,2590,48,1326,0.017823988117341254,0.511969111969112,0.49414512385177073,0.013023547860423923,1.0109146760778,0.9978911282173761,True,0.6619577117058532,0.592451823904972,0.06950588780088118,0.3400302095502784,0.8448734382596655,0.5048432287093871,True
Cx22-Multi-Train.zip,Multi-Train,00381,303,Cx22-Multi-Train:000304,included,,largest_matched_cytoplasm_instance,35,31,34,2233,0.00860595703125,0.01522615315718764,3,crowded,67,0.5057373046875,True,low,low,scale_normalized_known_localisation,largest matched target instance,Crop centre and scale only; never model input or prediction guidance.,35,31,0.4552968214583184,0.7880309688219292,0.12256267409470752,2199,2580,34,325,0.015461573442473852,0.12596899224806202,0.11050741880558816,0.0,0.6249145563567501,0.6249145563567501,True,0.8464979936885056,0.6395149967778178,0.2069829969106879,0.3870933824231242,0.8919366111325113,0.5048432287093871,True
Cx22-Multi-Train.zip,Multi-Train,00383,304,Cx22-Multi-Train:000305,included,,largest_matched_cytoplasm_instance,4,2,235,10222,0.038818359375,0.022989630209352376,3,crowded,143,0.5057373046875,True,low,middle,scale_normalized_known_localisation,largest matched target instance,Crop centre and scale only; never model input or prediction guidance.,4,2,0.7178153310034207,0.86454925252932,0.5710814094775213,9987,9880,235,588,0.023530589766696707,0.05951417004048583,0.03598358027378912,0.0,0.5584597341491739,0.5584597341491739,True,0.79558710908669,0.8515642427190904,0.05597713363240042,0.5991426283643968,1.0,0.4008573716356032,True
Cx22-Multi-Train.zip,Multi-Train,00384,305,Cx22-Multi-Train:000306,included,,largest_matched_cytoplasm_instance,0,0,70,4486,0.01715087890625,0.01560410164957646,1,not_crowded,95,0.5057373046875,True,low,low,scale_normalized_known_localisation,largest matched target instance,Crop centre and scale only; never model input or prediction guidance.,0,0,0.6851829629108545,0.8362044351384791,0.5341614906832298,4416,6091,70,91,0.01585144927536232,0.014940075521260877,0.0009113737541014428,0.0,0.5138856396299489,0.5138856396299489,True,0.7745507143151442,0.8617223192577925,0.0871716049426483,0.609300704903099,1.0,0.39069929509690104,True
Cx22-Multi-Train.zip,Multi-Train,00385,306,Cx22-Multi-Train:000307,included,,largest_matched_cytoplasm_instance,3,2,185,13047,0.0496826171875,0.014179504867019238,2,crowded,161,0.5057373046875,True,middle,low,scale_normalized_known_localisation,largest matched target instance,Crop centre and scale only; never model input or prediction guidance.,3,2,0.8867543751401783,0.9268829834091911,0.8466257668711656,12862,14382,185,141,0.014383455139169648,0.00980392156862745,0.004579533570542197,0.0,0.5087494856773155,0.5087494856773155,True,0.730485565237223,0.7189179414790347,0.011567623758188317,0.4664963271243411,0.9713395558337282,0.5048432287093871,True
Cx22-Multi-Train.zip,Multi-Train,00385,307,Cx22-Multi-Train:000308,included,,largest_matched_cytoplasm_instance,8,7,303,14209,0.05401611328125,0.02132451263283834,4,crowded,168,0.5057373046875,True,middle,middle,scale_normalized_known_localisation,largest matched target instance,Crop centre and scale only; never model input or prediction guidance.,8,7,0.6684232298535477,0.8090686819293176,0.5277777777777778,13906,17587,303,561,0.021789155760103554,0.03189856143742537,0.010109405677321819,0.0,0.5308441255461135,0.5308441255461135,True,0.7118960443279317,0.6408664156393014,0.07102962868863039,0.3884448012846078,0.8932880299939949,0.5048432287093871,True
Cx22-Multi-Train.zip,Multi-Train,00386,308,Cx22-Multi-Train:000309,included,,largest_matched_cytoplasm_instance,20,4,285,9734,0.037109375,0.029278816519416478,6,crowded,139,0.5057373046875,True,low,high,scale_normalized_known_localisation,largest matched target instance,Crop centre and scale only; never model input or prediction guidance.,20,4,0.6084740152216925,0.8078938671450828,0.40905416329830235,9449,11732,285,952,0.030161921896496982,0.081145584725537,0.050983662829040016,0.0,0.5800911488342251,0.5800911488342251,True,0.8500375522773931,0.791877517569099,0.05816003470829412,0.5394559032144054,1.0,0.4605440967855946,True
Cx22-Multi-Train.zip,Multi-Train,00386,309,Cx22-Multi-Train:000310,included,,largest_matched_cytoplasm_instance,1,4,258,7350,0.0279541015625,0.03510204081632653,4,crowded,121,0.5057373046875,True,low,high,scale_normalized_known_localisation,largest matched target instance,Crop centre and scale only; never model input or prediction guidance.,1,4,0.6539945831910644,0.79576565066618,0.5122235157159488,7092,9345,258,601,0.03637901861252115,0.06431246655965757,0.027933447947136418,0.0,0.5632580306683457,0.5632580306683457,True,0.7696660734890552,0.6762084858891334,0.09345758759992184,0.42378687153443984,0.928630100243827,0.5048432287093871,True
Cx22-Multi-Train.zip,Multi-Train,00387,310,Cx22-Multi-Train:000311,included,,largest_matched_cytoplasm_instance,24,20,71,9711,0.037109375,0.007311296467922974,5,crowded,139,0.5057373046875,True,low,low,scale_normalized_known_localisation,largest matched target instance,Crop centre and scale only; never model input or prediction guidance.,24,20,0.3870205932363499,0.7740411864726998,0.0,9640,11532,71,225,0.0073651452282157675,0.01951092611862643,0.012145780890410662,0.0,0.5184564902273145,0.5184564902273145,True,0.7176767676094516,0.7297213779463101,0.012044610336858441,0.4772997635916165,0.9821429923010037,0.5048432287093871,True
Cx22-Multi-Train.zip,Multi-Train,00387,311,Cx22-Multi-Train:000312,included,,largest_matched_cytoplasm_instance,12,6,194,10338,0.03948974609375,0.0187657187076804,3,crowded,143,0.5057373046875,True,low,middle,scale_normalized_known_localisation,largest matched target instance,Crop centre and scale only; never model input or prediction guidance.,12,6,0.7179127200771778,0.8416225416036308,0.5942028985507246,10144,11008,194,82,0.019124605678233438,0.007449127906976744,0.011675477771256694,0.0,0.5063946920156648,0.5063946920156648,True,0.776192400269252,0.7162501283938985,0.0599422718753535,0.4638285140392049,0.968671742748592,0.5048432287093871,True
Cx22-Multi-Train.zip,Multi-Train,00387,312,Cx22-Multi-Train:000313,included,,largest_matched_cytoplasm_instance,2,5,196,11584,0.04425048828125,0.01691988950276243,2,crowded,152,0.5057373046875,True,low,low,scale_normalized_known_localisation,largest matched target instance,Crop centre and scale only; never model input or prediction guidance.,2,5,0.8505485067239342,0.9186618837073496,0.782435129740519,11388,12586,196,305,0.017211099402880226,0.024233275067535358,0.007022175664655132,0.0,0.5231788391762234,0.5231788391762234,True,0.7290833306959675,0.7423654899604774,0.013282159264509819,0.4899438756057838,0.9947871043151709,0.5048432287093871,True
Cx22-Multi-Train.zip,Multi-Train,00388,313,Cx22-Multi-Train:000314,included,,largest_matched_cytoplasm_instance,2,5,353,13706,0.05224609375,0.025755143732671824,1,not_crowded,165,0.5057373046875,True,middle,middle,scale_normalized_known_localisation,largest matched target instance,Crop centre and scale only; never model input or prediction guidance.,2,5,0.9206843176646837,0.8925049989657312,0.9488636363636364,13353,15653,353,351,0.02643600688983749,0.022423816520794736,0.0040121903690427535,0.0,0.5213693806294828,0.5213693806294828,True,0.8425191746238285,0.778573027092566,0.06394614753126249,0.5261514127378725,1.0,0.47384858726212753,True
Cx22-Multi-Train.zip,Multi-Train,00388,314,Cx22-Multi-Train:000315,included,,largest_matched_cytoplasm_instance,5,5,153,7652,0.02911376953125,0.019994772608468374,1,not_crowded,124,0.5057373046875,True,low,middle,scale_normalized_known_localisation,largest matched target instance,Crop centre and scale only; never model input or prediction guidance.,5,5,0.7467511677950979,0.8712801133679735,0.6222222222222222,7499,9437,153,207,0.020402720362715027,0.021934936950302002,0.001532216587586975,0.0,0.5208805010589901,0.5208805010589901,True,0.7680415043733899,0.7777936079104003,0.009752103537010393,0.5253719935557067,1.0,0.47462800644429326,True
Cx22-Multi-Train.zip,Multi-Train,00389,315,Cx22-Multi-Train:000316,included,,largest_matched_cytoplasm_instance,19,1,136,5147,0.019775390625,0.026423159121818536,2,crowded,101,0.5057373046875,True,low,middle,scale_normalized_known_localisation,largest matched target instance,Crop centre and scale only; never model input or prediction guidance.,19,1,0.4973325248756957,0.7772389905987135,0.21742605915267785,5011,5094,136,1115,0.027140291359010176,0.21888496270121713,0.19174467134220696,0.0,0.7178305268099052,0.7178305268099052,True,0.7598706510495498,0.39410151284134276,0.365769138208207,0.1416798984866492,0.6465231271960363,0.5048432287093871,False
Cx22-Multi-Train.zip,Multi-Train,00389,316,Cx22-Multi-Train:000317,included,,largest_matched_cytoplasm_instance,4,2,89,7758,0.02923583984375,0.011472028873420985,1,not_crowded,124,0.5057373046875,True,low,low,scale_normalized_known_localisation,largest matched target instance,Crop centre and scale only; never model input or prediction guidance.,4,2,0.8310723916199958,0.9288114499066583,0.7333333333333333,7669,8401,89,151,0.011605163645846916,0.017974050708249017,0.006368887062402101,0.0,0.516919614816937,0.516919614816937,True,0.8202529539725045,0.8688120088360854,0.04855905486358092,0.6163903944813919,1.0,0.3836096055186081,True
Cx22-Multi-Train.zip,Multi-Train,00390,317,Cx22-Multi-Train:000318,included,,largest_matched_cytoplasm_instance,3,0,500,16310,0.0623779296875,0.030656039239730228,2,crowded,180,0.5057373046875,True,middle,high,scale_normalized_known_localisation,largest matched target instance,Crop centre and scale only; never model input or prediction guidance.,3,0,0.5873903345724907,0.7747806691449814,0.4,15810,17815,500,1885,0.031625553447185324,0.10580971091776593,0.0741841574705806,0.0,0.604755275026454,0.604755275026454,True,0.8041909260808938,0.1906152770880853,0.6135756489928086,0.0,0.44303689144277886,0.44303689144277886,False
Cx22-Multi-Train.zip,Multi-Train,00392,318,Cx22-Multi-Train:000319,included,,largest_matched_cytoplasm_instance,3,2,231,10939,0.04180908203125,0.021117103940031082,2,crowded,148,0.5057373046875,True,low,middle,scale_normalized_known_localisation,largest matched target instance,Crop centre and scale only; never model input or prediction guidance.,3,2,0.6688350192168019,0.8529829545454546,0.48468708388814913,10708,11820,231,520,0.021572655958162122,0.043993231810490696,0.022420575852328574,0.0,0.5429387959191787,0.5429387959191787,True,0.8417486963901273,0.8037023136559459,0.03804638273418137,0.5512806993012523,1.0,0.44871930069874766,True
Cx22-Multi-Train.zip,Multi-Train,00395,319,Cx22-Multi-Train:000320,included,,largest_matched_cytoplasm_instance,3,1,36,3321,0.012939453125,0.01084010840108401,1,not_crowded,82,0.5057373046875,True,low,low,scale_normalized_known_localisation,largest matched target instance,Crop centre and scale only; never model input or prediction guidance.,3,1,0.8558454960931741,0.9116909921863482,0.8,3285,3498,36,29,0.010958904109589041,0.008290451686678102,0.002668452422910939,0.0,0.5072360157953661,0.5072360157953661,True,0.7820161370994496,0.8061450660379307,0.024128928938481065,0.5537234516832371,1.0,0.4462765483167629,True
Cx22-Multi-Train.zip,Multi-Train,00396,320,Cx22-Multi-Train:000321,included,,largest_matched_cytoplasm_instance,0,3,207,13356,0.05096435546875,0.01549865229110512,1,not_crowded,163,0.5057373046875,True,middle,low,scale_normalized_known_localisation,largest matched target instance,Crop centre and scale only; never model input or prediction guidance.,0,3,0.9346630747767088,0.9677717454083401,0.9015544041450777,13149,12822,207,179,0.01574264202600958,0.01396038059585088,0.0017822614301587006,0.0,0.512905944704539,0.512905944704539,True,0.689001276290387,0.7259370904786482,0.036935814188261196,0.4735154761239546,0.9783587048333418,0.5048432287093871,True
Cx22-Multi-Train.zip,Multi-Train,00397,321,Cx22-Multi-Train:000322,included,,largest_matched_cytoplasm_instance,2,1,163,6741,0.02593994140625,0.024180388666369974,1,not_crowded,116,0.5057373046875,True,low,middle,scale_normalized_known_localisation,largest matched target instance,Crop centre and scale only; never model input or prediction guidance.,2,1,0.8947718450071505,0.8855189222124433,0.9040247678018576,6578,8193,163,160,0.024779568257829128,0.019528866105211765,0.005250702152617363,0.0,0.5184744302138998,0.5184744302138998,True,0.7755174016779871,0.7913336405684649,0.015816238890477785,0.5389120262137713,1.0,0.4610879737862287,True
Cx22-Multi-Train.zip,Multi-Train,00398,322,Cx22-Multi-Train:000323,included,,largest_matched_cytoplasm_instance,6,2,181,7358,0.0279541015625,0.024599075835824952,2,crowded,121,0.5057373046875,True,low,middle,scale_normalized_known_localisation,largest matched target instance,Crop centre and scale only; never model input or prediction guidance.,6,2,0.46184495546090276,0.7589003436426117,0.16478956727919383,7177,7373,181,1506,0.025219451024104778,0.20425878204258782,0.17903933101848304,0.0,0.7032043461512759,0.7032043461512759,True,0.7953828692780909,0.4193040189349517,0.37607885034313915,0.16688240458025816,0.6717256332896453,0.5048432287093871,False
Cx22-Multi-Train.zip,Multi-Train,00402,323,Cx22-Multi-Train:000324,included,,largest_matched_cytoplasm_instance,16,4,60,1885,0.00701904296875,0.03183023872679045,1,not_crowded,62,0.5057373046875,True,low,high,scale_normalized_known_localisation,largest matched target instance,Crop centre and scale only; never model input or prediction guidance.,16,4,0.2525782970571147,0.4167262330235883,0.08843036109064112,1825,973,60,1297,0.03287671232876712,1.3329907502569374,1.3001140379281702,0.8340451861482493,1.8319363143656253,0.997891128217376,False,0.8355512478503788,0.25205665991908316,0.5834945879312956,0.0,0.5044782742737768,0.5044782742737768,False
Cx22-Multi-Train.zip,Multi-Train,00403,324,Cx22-Multi-Train:000325,included,,largest_matched_cytoplasm_instance,1,7,111,10724,0.040771484375,0.010350615441999254,3,crowded,146,0.5057373046875,True,low,low,scale_normalized_known_localisation,largest matched target instance,Crop centre and scale only; never model input or prediction guidance.,1,7,0.5426870229007633,0.864,0.22137404580152673,10613,13137,111,151,0.010458871195703382,0.011494252873563218,0.0010353816778598361,0.0,0.5104398169822513,0.5104398169822513,True,0.7378171076944657,0.8628811819610296,0.12506407426656385,0.610459567606336,1.0,0.389540432393664,True
Cx22-Multi-Train.zip,Multi-Train,00404,325,Cx22-Multi-Train:000326,included,,largest_matched_cytoplasm_instance,15,9,80,3697,0.01397705078125,0.021639166892074655,1,not_crowded,86,0.5057373046875,True,low,middle,scale_normalized_known_localisation,largest matched target instance,Crop centre and scale only; never model input or prediction guidance.,15,9,0.6933506655701018,0.8471329858164626,0.539568345323741,3617,4632,80,198,0.02211777716339508,0.042746113989637305,0.020628336826242225,0.0,0.5416916780983254,0.5416916780983254,True,0.8646804055172045,0.6680261311778635,0.19665427433934102,0.4156045168231699,0.920447745532557,0.5048432287093871,True
Cx22-Multi-Train.zip,Multi-Train,00405,326,Cx22-Multi-Train:000327,included,,largest_matched_cytoplasm_instance,20,9,161,11202,0.04302978515625,0.014372433494018925,3,crowded,149,0.5057373046875,True,low,low,scale_normalized_known_localisation,largest matched target instance,Crop centre and scale only; never model input or prediction guidance.,20,9,0.4076240164934573,0.8152480329869146,0.0,11041,12726,161,78,0.014582012498867857,0.006129184347006129,0.008452828151861727,0.0,0.5050747484556942,0.5050747484556942,True,0.8387375940259398,0.7718310966782993,0.06690649734764054,0.5194094823236057,1.0,0.48059051767639427,True
Cx22-Multi-Train.zip,Multi-Train,00406,327,Cx22-Multi-Train:000328,included,,largest_matched_cytoplasm_instance,7,21,134,6001,0.0228271484375,0.022329611731378103,1,not_crowded,109,0.5057373046875,True,low,middle,scale_normalized_known_localisation,largest matched target instance,Crop centre and scale only; never model input or prediction guidance.,7,21,0.725147520952914,0.8968066698128048,0.5534883720930233,5867,6847,134,296,0.02283961138571672,0.043230611946838034,0.020391000561121312,0.0,0.5421761760555261,0.5421761760555261,True,0.7758408429373709,0.6629173021013508,0.11292354083602008,0.41049568774665723,0.9153389164560444,0.5048432287093871,True
Cx22-Multi-Train.zip,Multi-Train,00406,328,Cx22-Multi-Train:000329,included,,largest_matched_cytoplasm_instance,13,0,269,10657,0.0404052734375,0.025241625222858215,2,crowded,146,0.5057373046875,True,low,middle,scale_normalized_known_localisation,largest matched target instance,Crop centre and scale only; never model input or prediction guidance.,13,0,0.7148256632733103,0.8449518729947081,0.5846994535519126,10388,13611,269,463,0.025895263765883712,0.03401660421717728,0.00812134045129357,0.0,0.5329621683258654,0.5329621683258654,True,0.8469138187240521,0.8542830613619649,0.007369242637912721,0.6018614470072713,1.0,0.3981385529927287,True
Cx22-Multi-Train.zip,Multi-Train,00406,329,Cx22-Multi-Train:000330,included,,largest_matched_cytoplasm_instance,12,19,121,7186,0.0277099609375,0.016838296688004455,2,crowded,120,0.5057373046875,True,low,low,scale_normalized_known_localisation,largest matched target instance,Crop centre and scale only; never model input or prediction guidance.,12,19,0.9219150638286234,0.9446704637917006,0.8991596638655462,7065,7683,121,117,0.017126680820948335,0.015228426395939087,0.0018982544250092485,0.0,0.5141739905046272,0.5141739905046272,True,0.8231923652522578,0.8486232453778072,0.025430880125549393,0.5962016310231136,1.0,0.40379836897688637,True
Cx22-Multi-Train.zip,Multi-Train,00407,330,Cx22-Multi-Train:000331,included,,largest_matched_cytoplasm_instance,6,15,117,6441,0.0244140625,0.018164881229622728,3,crowded,113,0.5057373046875,True,low,middle,scale_normalized_known_localisation,largest matched target instance,Crop centre and scale only; never model input or prediction guidance.,6,15,0.8020445542676615,0.852264291017075,0.7518248175182481,6324,8493,117,157,0.018500948766603416,0.018485811845048862,1.5136921554553817e-05,0.0,0.5174313759537369,0.5174313759537369,True,0.8551357390085327,0.8597885412356611,0.004652802227128383,0.6073669268809675,1.0,0.3926330731190325,True
Cx22-Multi-Train.zip,Multi-Train,00407,331,Cx22-Multi-Train:000332,included,,largest_matched_cytoplasm_instance,9,7,116,4384,0.0167236328125,0.02645985401459854,1,not_crowded,100,0.5057373046875,True,low,middle,scale_normalized_known_localisation,largest matched target instance,Crop centre and scale only; never model input or prediction guidance.,9,7,0.47825880390729725,0.7180797866429603,0.23843782117163412,4268,4731,116,857,0.02717900656044986,0.18114563517226803,0.15396662861181817,0.0,0.6800911992809561,0.6800911992809561,True,0.6750211729977295,0.2164092769647186,0.4586118960330109,0.0,0.46883089131941214,0.46883089131941214,False
Cx22-Multi-Train.zip,Multi-Train,00408,332,Cx22-Multi-Train:000333,included,,largest_matched_cytoplasm_instance,3,3,67,6365,0.02435302734375,0.010526315789473684,1,not_crowded,113,0.5057373046875,True,low,low,scale_normalized_known_localisation,largest matched target instance,Crop centre and scale only; never model input or prediction guidance.,3,3,0.7842104554210052,0.9053193065639354,0.6631016042780749,6298,7200,67,120,0.010638297872340425,0.016666666666666666,0.006028368794326241,0.0,0.5156122307753548,0.5156122307753548,True,0.7695947206322672,0.46235259670480255,0.30724212392746464,0.20993098235010899,0.7147742110594961,0.5048432287093871,False
Cx22-Multi-Train.zip,Multi-Train,00409,333,Cx22-Multi-Train:000334,included,,largest_matched_cytoplasm_instance,14,17,147,10863,0.04150390625,0.013532173432753383,4,crowded,147,0.5057373046875,True,low,low,scale_normalized_known_localisation,largest matched target instance,Crop centre and scale only; never model input or prediction guidance.,14,17,0.4751329620861712,0.8117319631770499,0.13853396099529253,10716,12639,147,1340,0.013717805151175811,0.10602104596882665,0.09230324081765084,0.0,0.6049666100775147,0.6049666100775147,True,0.7329977855426649,0.4551635114193248,0.2778342741233401,0.20274189706463125,0.7075851257740184,0.5048432287093871,False
Cx22-Multi-Train.zip,Multi-Train,00410,334,Cx22-Multi-Train:000335,included,,largest_matched_cytoplasm_instance,20,24,24,2033,0.0076904296875,0.011805213969503197,2,crowded,64,0.5057373046875,True,low,low,scale_normalized_known_localisation,largest matched target instance,Crop centre and scale only; never model input or prediction guidance.,20,24,0.46339719076728036,0.787821571866887,0.13897280966767372,2009,2228,24,307,0.011946241911398706,0.13779174147217235,0.12584549956077365,0.0,0.6367373055808604,0.6367373055808604,True,0.7382922197978818,0.6387624227493668,0.09952979704851506,0.3863408083946732,0.8911840371040604,0.5048432287093871,True
Cx22-Multi-Train.zip,Multi-Train,00411,335,Cx22-Multi-Train:000336,included,,largest_matched_cytoplasm_instance,3,1,158,5902,0.0220947265625,0.02677058624195188,2,crowded,109,0.5057373046875,True,low,middle,scale_normalized_known_localisation,largest matched target instance,Crop centre and scale only; never model input or prediction guidance.,3,1,0.65339591878021,0.8347421481194262,0.4720496894409938,5744,7151,158,486,0.027506963788300837,0.06796252272409453,0.040455558935793695,0.0,0.5669080868327826,0.5669080868327826,True,0.8207646413098227,0.8552325154754972,0.03446787416567443,0.6028109011208036,1.0,0.3971890988791964,True
Cx22-Multi-Train.zip,Multi-Train,00411,336,Cx22-Multi-Train:000337,included,,largest_matched_cytoplasm_instance,1,1,137,7453,0.0281982421875,0.01838185965383067,1,not_crowded,122,0.5057373046875,True,low,middle,scale_normalized_known_localisation,largest matched target instance,Crop centre and scale only; never model input or prediction guidance.,1,1,0.7719553655180296,0.8788621873467386,0.6650485436893204,7316,8996,137,275,0.018726079825041007,0.030569141840818142,0.011843062015777134,0.0,0.5295147059495062,0.5295147059495062,True,0.7664212601103217,0.8512826699806575,0.08486140987033575,0.5988610556259639,1.0,0.4011389443740361,True
Cx22-Multi-Train.zip,Multi-Train,00412,337,Cx22-Multi-Train:000338,included,,largest_matched_cytoplasm_instance,11,19,130,4870,0.0185546875,0.026694045174537988,3,crowded,119,0.5057373046875,True,low,middle,scale_normalized_known_localisation,largest matched target instance,Crop centre and scale only; never model input or prediction guidance.,11,19,0.2601372126019381,0.4341246571455594,0.08614976805831677,4740,5833,130,2888,0.027426160337552744,0.495114006514658,0.46768784617710524,0.0,0.994059570623346,0.994059570623346,True,0.6772978943053399,0.40374879458991453,0.2735490997154254,0.15132718023522096,0.6561704089446081,0.5048432287093871,False
Cx22-Multi-Train.zip,Multi-Train,00412,338,Cx22-Multi-Train:000339,included,,largest_matched_cytoplasm_instance,7,8,433,12124,0.04669189453125,0.03571428571428571,2,crowded,155,0.5057373046875,True,middle,high,scale_normalized_known_localisation,largest matched target instance,Crop centre and scale only; never model input or prediction guidance.,7,8,0.511993959286826,0.7896082474226804,0.2343796711509716,11691,12559,433,2912,0.037037037037037035,0.23186559439445817,0.19482855735742113,0.0,0.7308111585031463,0.7308111585031463,True,0.8410874351368094,0.3183954840525886,0.5226919510842207,0.06597386969789504,0.5708170984072822,0.5048432287093871,False
Cx22-Multi-Train.zip,Multi-Train,00412,339,Cx22-Multi-Train:000340,included,,largest_matched_cytoplasm_instance,7,4,200,9960,0.037841796875,0.020080321285140562,2,crowded,141,0.5057373046875,True,low,middle,scale_normalized_known_localisation,largest matched target instance,Crop centre and scale only; never model input or prediction guidance.,7,4,0.9020553084743409,0.9072281229438857,0.8968824940047961,9760,11518,200,217,0.020491803278688523,0.018840076402153152,0.0016517268765353713,0.0,0.5177856405108412,0.5177856405108412,True,0.7934782243675297,0.731328198628845,0.06215002573868467,0.47890658427415145,0.9837498129835386,0.5048432287093871,True
Cx22-Multi-Train.zip,Multi-Train,00413,340,Cx22-Multi-Train:000341,included,,largest_matched_cytoplasm_instance,27,8,71,2577,0.00982666015625,0.027551416375630577,3,crowded,72,0.5057373046875,True,low,middle,scale_normalized_known_localisation,largest matched target instance,Crop centre and scale only; never model input or prediction guidance.,27,8,0.7406787484915892,0.8872980910425844,0.594059405940594,2506,2942,71,30,0.028332003192338386,0.010197144799456152,0.018134858392882234,0.0,0.5091427089081442,0.5091427089081442,True,0.7519551466579351,0.7740844086099381,0.022129261952003043,0.5216627942552445,1.0,0.47833720574475547,True
Cx22-Multi-Train.zip,Multi-Train,00416,341,Cx22-Multi-Train:000342,included,,largest_matched_cytoplasm_instance,12,3,480,7817,0.03009033203125,0.06140463093258283,1,not_crowded,125,0.5057373046875,True,low,high,scale_normalized_known_localisation,largest matched target instance,Crop centre and scale only; never model input or prediction guidance.,12,3,0.7824277839626316,0.8196548698449839,0.7452006980802792,7337,9758,480,666,0.06542183453727682,0.06825169092027054,0.0028298563829937257,0.0,0.5671972550289586,0.5671972550289586,True,0.7402784428080524,0.6302899866771725,0.10998845613087993,0.37786837232247894,0.8827116010318661,0.5048432287093871,True
Cx22-Multi-Train.zip,Multi-Train,00417,342,Cx22-Multi-Train:000343,included,,largest_matched_cytoplasm_instance,1,1,139,5951,0.0225830078125,0.023357418921189716,2,crowded,109,0.5057373046875,True,low,middle,scale_normalized_known_localisation,largest matched target instance,Crop centre and scale only; never model input or prediction guidance.,1,1,0.5379156080956159,0.8296497247267215,0.24618149146451032,5812,6721,139,974,0.023916035788024776,0.1449189108763577,0.12100287508833292,0.0,0.6438644749850457,0.6438644749850457,True,0.7458723790803808,0.409859872336516,0.33601250674386485,0.15743825798182243,0.6622814866912096,0.5048432287093871,False
Cx22-Multi-Train.zip,Multi-Train,00419,343,Cx22-Multi-Train:000344,included,,largest_matched_cytoplasm_instance,1,12,82,2814,0.01068115234375,0.02914001421464108,1,not_crowded,75,0.5057373046875,True,low,middle,scale_normalized_known_localisation,largest matched target instance,Crop centre and scale only; never model input or prediction guidance.,1,12,0.8973019174781256,0.8724481463334967,0.9221556886227545,2732,3391,82,85,0.030014641288433383,0.02506635210852256,0.004948289179910824,0.0,0.5240119162172107,0.5240119162172107,True,0.8087826854457952,0.8896629238715289,0.08088023842573366,0.6372413095168353,1.0,0.36275869048316467,True
Cx22-Multi-Train.zip,Multi-Train,00420,344,Cx22-Multi-Train:000345,included,,largest_matched_cytoplasm_instance,5,6,731,9282,0.03558349609375,0.07875457875457875,2,crowded,136,0.5057373046875,True,low,high,scale_normalized_known_localisation,largest matched target instance,Crop centre and scale only; never model input or prediction guidance.,5,6,0.8264992289182653,0.8678212290502794,0.7851772287862513,8551,9349,731,1131,0.08548707753479125,0.12097550540164724,0.03548842786685599,0.0,0.6199210695103353,0.6199210695103353,True,0.8408188790131625,0.6577385847367067,0.1830802942764559,0.4053169703820131,0.9101601990914002,0.5048432287093871,True
Cx22-Multi-Train.zip,Multi-Train,00421,345,Cx22-Multi-Train:000346,included,,largest_matched_cytoplasm_instance,20,19,48,2698,0.01025390625,0.017790956263899184,3,crowded,74,0.5057373046875,True,low,middle,scale_normalized_known_localisation,largest matched target instance,Crop centre and scale only; never model input or prediction guidance.,20,19,0.7183501314636284,0.8617002629272568,0.575,2650,3055,48,32,0.018113207547169812,0.010474631751227497,0.007638575795942315,0.0,0.5094201958599156,0.5094201958599156,True,0.750114377460519,0.7689393938672696,0.018825016406750605,0.516517779512576,1.0,0.48348222048742395,True
Cx22-Multi-Train.zip,Multi-Train,00422,346,Cx22-Multi-Train:000347,included,,largest_matched_cytoplasm_instance,7,9,138,7566,0.02838134765625,0.01823949246629659,1,not_crowded,123,0.5057373046875,True,low,middle,scale_normalized_known_localisation,largest matched target instance,Crop centre and scale only; never model input or prediction guidance.,7,9,0.34272723996818516,0.6090848064443947,0.07636967349197565,7428,5979,138,3476,0.018578352180936994,0.5813681217594916,0.5627897695785546,0.08242255765080353,1.0803136858681797,0.9978911282173761,False,0.791881971455248,0.5731405253438573,0.21874144611139068,0.3207189109891637,0.8255621396985509,0.5048432287093871,True
Cx22-Multi-Train.zip,Multi-Train,00423,347,Cx22-Multi-Train:000348,included,,largest_matched_cytoplasm_instance,10,17,42,2768,0.010498046875,0.015173410404624277,1,not_crowded,74,0.5057373046875,True,low,low,scale_normalized_known_localisation,largest matched target instance,Crop centre and scale only; never model input or prediction guidance.,10,17,0.6765094936871742,0.9205865549419159,0.43243243243243246,2726,2525,42,143,0.015407190022010272,0.056633663366336635,0.041226473344326366,0.0,0.5555792274750248,0.5555792274750248,True,0.830578747272617,0.8001106489603264,0.030468098312290692,0.5476890346056328,1.0,0.4523109653943672,True
Cx22-Multi-Train.zip,Multi-Train,00424,348,Cx22-Multi-Train:000349,included,,largest_matched_cytoplasm_instance,15,9,61,6652,0.0252685546875,0.009170174383644017,2,crowded,115,0.5057373046875,True,low,low,scale_normalized_known_localisation,largest matched target instance,Crop centre and scale only; never model input or prediction guidance.,15,9,0.5353590703796447,0.8132074111455555,0.2575107296137339,6591,7280,61,405,0.009255044758003338,0.05563186813186813,0.04637682337386479,0.0,0.5545774322405562,0.5545774322405562,True,0.8531418004367026,0.6434270968091484,0.20971470362755418,0.3910054824544549,0.895848711163842,0.5048432287093871,True
Cx22-Multi-Train.zip,Multi-Train,00424,349,Cx22-Multi-Train:000350,included,,largest_matched_cytoplasm_instance,1,2,80,8291,0.031494140625,0.009649017006392474,2,crowded,129,0.5057373046875,True,low,low,scale_normalized_known_localisation,largest matched target instance,Crop centre and scale only; never model input or prediction guidance.,1,2,0.21317397102678312,0.3988470826517099,0.027500859401856308,8211,4626,80,5738,0.009743027645840945,1.240380458279291,1.23063743063345,0.7414348941706029,1.7393260223879792,0.9978911282173762,False,0.7513988253212347,0.5108623223234475,0.24053650299778717,0.25844070796875396,0.7632839366781411,0.5048432287093871,True
Cx22-Multi-Train.zip,Multi-Train,00425,350,Cx22-Multi-Train:000351,included,,largest_matched_cytoplasm_instance,10,10,103,10089,0.03851318359375,0.010209138665873724,2,crowded,142,0.5057373046875,True,low,low,scale_normalized_known_localisation,largest matched target instance,Crop centre and scale only; never model input or prediction guidance.,10,10,0.3289321368085213,0.6300198185042245,0.02784445511281805,9986,9188,103,4063,0.010314440216302824,0.4422072268175882,0.43189278660128533,0.0,0.9411527909262762,0.9411527909262762,True,0.7617443615553494,0.24541149312150384,0.5163328684338455,0.0,0.4978331074761974,0.4978331074761974,False
Cx22-Multi-Train.zip,Multi-Train,00425,351,Cx22-Multi-Train:000352,included,,largest_matched_cytoplasm_instance,7,4,109,4458,0.0172119140625,0.024450426200089727,1,not_crowded,94,0.5057373046875,True,low,middle,scale_normalized_known_localisation,largest matched target instance,Crop centre and scale only; never model input or prediction guidance.,7,4,0.5438885787877361,0.7917882225823879,0.2959889349930844,4349,4906,109,614,0.025063232927109682,0.1251528740317978,0.10008964110468813,0.0,0.6240984381404859,0.6240984381404859,True,0.7860338512821838,0.4498654021968529,0.33616844908533094,0.19744378784215932,0.7022870165515465,0.5048432287093871,False
Cx22-Multi-Train.zip,Multi-Train,00426,352,Cx22-Multi-Train:000353,included,,largest_matched_cytoplasm_instance,21,18,21,1831,0.00701904296875,0.011469142545057346,1,not_crowded,61,0.5057373046875,True,low,low,scale_normalized_known_localisation,largest matched target instance,Crop centre and scale only; never model input or prediction guidance.,21,18,0.5243549553894381,0.9018567639257294,0.14685314685314685,1810,1583,21,265,0.011602209944751382,0.16740366392924827,0.15580145398449688,0.0,0.6663492280379364,0.6663492280379364,True,0.8363009706092603,0.2074587673175592,0.6288422032917012,0.0,0.45988038167225276,0.45988038167225276,False
Cx22-Multi-Train.zip,Multi-Train,00427,353,Cx22-Multi-Train:000354,included,,largest_matched_cytoplasm_instance,3,2,231,6904,0.02587890625,0.03345886442641947,1,not_crowded,117,0.5057373046875,True,low,high,scale_normalized_known_localisation,largest matched target instance,Crop centre and scale only; never model input or prediction guidance.,3,2,0.8705548014791205,0.939582885400989,0.8015267175572519,6673,7280,231,293,0.03461711374194515,0.04024725274725275,0.005630139005307601,0.0,0.5391928168559408,0.5391928168559408,True,0.7984621975920984,0.8336098838663694,0.035147686274271006,0.5811882695116758,1.0,0.4188117304883242,True
Cx22-Multi-Train.zip,Multi-Train,00428,354,Cx22-Multi-Train:000355,included,,largest_matched_cytoplasm_instance,5,1,101,2937,0.0111083984375,0.03438883214164113,1,not_crowded,77,0.5057373046875,True,low,high,scale_normalized_known_localisation,largest matched target instance,Crop centre and scale only; never model input or prediction guidance.,5,1,0.9502494821732352,0.9698058950395398,0.9306930693069307,2836,2728,101,101,0.03561354019746121,0.03702346041055719,0.0014099202130959734,0.0,0.5359690245192452,0.5359690245192452,True,0.8020975037955796,0.839909037392062,0.03781153359648237,0.5874874230373685,1.0,0.41251257696263155,True
Cx22-Multi-Train.zip,Multi-Train,00429,355,Cx22-Multi-Train:000356,included,,largest_matched_cytoplasm_instance,5,0,284,7506,0.02850341796875,0.03783639754862776,2,crowded,122,0.5057373046875,True,low,high,scale_normalized_known_localisation,largest matched target instance,Crop centre and scale only; never model input or prediction guidance.,5,0,0.5968478938715347,0.7936957877430694,0.4,7222,10417,284,346,0.039324286901135416,0.033214937122012095,0.0061093497791233214,0.0,0.5321605012307001,0.5321605012307001,True,0.8003538837311753,0.8158206215240628,0.01546673779288743,0.5633990071693692,1.0,0.4366009928306308,True
Cx22-Multi-Train.zip,Multi-Train,00430,356,Cx22-Multi-Train:000357,included,,largest_matched_cytoplasm_instance,4,5,144,7302,0.02764892578125,0.01972062448644207,1,not_crowded,121,0.5057373046875,True,low,middle,scale_normalized_known_localisation,largest matched target instance,Crop centre and scale only; never model input or prediction guidance.,4,5,0.5052552890677564,0.7711549970077798,0.23935558112773303,7158,9552,144,725,0.020117351215423303,0.0759003350083752,0.0557829837929519,0.0,0.5748458991170633,0.5748458991170633,True,0.7591826485899963,0.2916096073014953,0.46757304128850097,0.03918799294680175,0.5440312216561889,0.5048432287093871,False
Cx22-Multi-Train.zip,Multi-Train,00431,357,Cx22-Multi-Train:000358,included,,largest_matched_cytoplasm_instance,4,9,292,17747,0.06793212890625,0.016453485096072577,1,not_crowded,188,0.5057373046875,True,middle,low,scale_normalized_known_localisation,largest matched target instance,Crop centre and scale only; never model input or prediction guidance.,4,9,0.7210999142087022,0.9172761254672518,0.5249237029501526,17455,19463,292,691,0.01672873102262962,0.03550326260083235,0.01877453157820273,0.0,0.5344488267095204,0.5344488267095204,True,0.7838818542653104,0.6280877600064101,0.15579409425890034,0.3756661456517165,0.8805093743611037,0.5048432287093871,True
Cx22-Multi-Train.zip,Multi-Train,00435,358,Cx22-Multi-Train:000359,included,,largest_matched_cytoplasm_instance,0,0,417,15477,0.05926513671875,0.02694320604768366,1,not_crowded,175,0.5057373046875,True,middle,middle,scale_normalized_known_localisation,largest matched target instance,Crop centre and scale only; never model input or prediction guidance.,0,0,0.4635180995475113,0.7492680330050572,0.1777681660899654,15060,14996,417,4207,0.027689243027888447,0.28054147772739396,0.2528522346995055,0.0,0.779487041836082,0.779487041836082,True,0.7612934812725849,0.49071234017296317,0.2705811410996217,0.2382907258182696,0.7431339545276567,0.5048432287093871,False
Cx22-Multi-Train.zip,Multi-Train,00435,359,Cx22-Multi-Train:000360,included,,largest_matched_cytoplasm_instance,8,5,72,7987,0.03070068359375,0.009014648804307,1,not_crowded,133,0.5057373046875,True,low,low,scale_normalized_known_localisation,largest matched target instance,Crop centre and scale only; never model input or prediction guidance.,8,5,0.2756583228352195,0.5193921852387844,0.03192446043165468,7915,5905,72,4376,0.009096651926721416,0.7410668924640136,0.7319702405372922,0.24212132835532552,1.2400124565727015,0.997891128217376,False,0.8481962218999632,0.24465319409708508,0.6035430278028782,0.0,0.49707480845177865,0.49707480845177865,False
Cx22-Multi-Train.zip,Multi-Train,00436,360,Cx22-Multi-Train:000361,included,,largest_matched_cytoplasm_instance,2,2,73,9751,0.037353515625,0.007486411650087171,3,crowded,139,0.5057373046875,True,low,low,scale_normalized_known_localisation,largest matched target instance,Crop centre and scale only; never model input or prediction guidance.,2,2,0.571403382685392,0.9095371669004207,0.2332695984703633,9678,10286,73,450,0.007542880760487704,0.043748784755979,0.0362059039954913,0.0,0.542694348864667,0.542694348864667,True,0.7785730219145969,0.3825273940512455,0.3960456278633514,0.1301057796965519,0.634949008405939,0.5048432287093871,False
Cx22-Multi-Train.zip,Multi-Train,00440,361,Cx22-Multi-Train:000362,included,,largest_matched_cytoplasm_instance,3,3,284,10017,0.0380859375,0.028351801936707596,2,crowded,141,0.5057373046875,True,low,middle,scale_normalized_known_localisation,largest matched target instance,Crop centre and scale only; never model input or prediction guidance.,3,3,0.5915896019887613,0.8600594268187483,0.3231197771587744,9733,11133,284,793,0.02917908147539299,0.07122967753525555,0.04205059605986256,0.0,0.5701752416439436,0.5701752416439436,True,0.7684603240031141,0.7839796654161784,0.015519341413064214,0.5315580510614848,1.0,0.4684419489385152,True
Cx22-Multi-Train.zip,Multi-Train,00441,362,Cx22-Multi-Train:000363,included,,largest_matched_cytoplasm_instance,4,4,423,11688,0.04461669921875,0.036190965092402466,2,crowded,194,0.5057373046875,True,middle,high,scale_normalized_known_localisation,largest matched target instance,Crop centre and scale only; never model input or prediction guidance.,4,4,0.6498818704956764,0.7420576478013886,0.5577060931899641,11265,17253,423,972,0.03754993342210386,0.056338028169014086,0.018788094746910226,0.0,0.5552835922777022,0.5552835922777022,True,0.6805194848830606,0.6867368138142487,0.006217328931188093,0.4343151994595551,0.9391584281689422,0.5048432287093871,True
Cx22-Multi-Train.zip,Multi-Train,00442,363,Cx22-Multi-Train:000364,included,,largest_matched_cytoplasm_instance,5,5,116,5624,0.0211181640625,0.020625889046941678,1,not_crowded,106,0.5057373046875,True,low,middle,scale_normalized_known_localisation,largest matched target instance,Crop centre and scale only; never model input or prediction guidance.,5,5,0.8335036337859068,0.9042954031650339,0.7627118644067796,5508,6435,116,120,0.021060275962236745,0.018648018648018648,0.002412257314218097,0.0,0.5175935827567067,0.5175935827567067,True,0.7564507463601222,0.8379066289367699,0.08145588257664771,0.5854850145820764,1.0,0.41451498541792364,True
Cx22-Multi-Train.zip,Multi-Train,00443,364,Cx22-Multi-Train:000365,included,,largest_matched_cytoplasm_instance,5,5,39,2871,0.0108642578125,0.013584117032392894,1,not_crowded,76,0.5057373046875,True,low,low,scale_normalized_known_localisation,largest matched target instance,Crop centre and scale only; never model input or prediction guidance.,5,5,0.3688691631163791,0.6731687898089171,0.06456953642384106,2832,2192,39,1169,0.013771186440677966,0.5333029197080292,0.5195317332673512,0.034357355599341166,1.0322484838167174,0.9978911282173762,False,0.8066435016779822,0.47080653453825927,0.3358369671397229,0.2183849201835657,0.7232281488929528,0.5048432287093871,False
Cx22-Multi-Train.zip,Multi-Train,00445,365,Cx22-Multi-Train:000366,included,,largest_matched_cytoplasm_instance,6,6,186,15895,0.060546875,0.011701793016671909,2,crowded,178,0.5057373046875,True,middle,low,scale_normalized_known_localisation,largest matched target instance,Crop centre and scale only; never model input or prediction guidance.,6,6,0.7450509027124608,0.8676761761343038,0.6224256292906178,15709,20150,186,251,0.011840346298300337,0.012456575682382134,0.000616229384081797,0.0,0.5114021397910702,0.5114021397910702,True,0.694905115750921,0.7114590521878141,0.01655393643689318,0.45903743783312057,0.9638806665425077,0.5048432287093871,True
Cx22-Multi-Train.zip,Multi-Train,00446,366,Cx22-Multi-Train:000367,included,,largest_matched_cytoplasm_instance,0,0,440,14316,0.0546875,0.03073484213467449,1,not_crowded,169,0.5057373046875,True,middle,high,scale_normalized_known_localisation,largest matched target instance,Crop centre and scale only; never model input or prediction guidance.,0,0,0.8165016757703378,0.8614899984249488,0.771513353115727,13876,17869,440,571,0.03170942634765062,0.031954782024735576,0.00024535567708495326,0.0,0.5309003461334236,0.5309003461334236,True,0.8071906029492953,0.8101260293270068,0.002935426377711492,0.5577044149723133,1.0,0.44229558502768673,True
Cx22-Multi-Train.zip,Multi-Train,00447,367,Cx22-Multi-Train:000368,included,,largest_matched_cytoplasm_instance,1,1,638,18014,0.06768798828125,0.035416897968246916,1,not_crowded,189,0.5057373046875,True,middle,high,scale_normalized_known_localisation,largest matched target instance,Crop centre and scale only; never model input or prediction guidance.,1,1,0.5642765737101127,0.8223980714809769,0.3061550759392486,17376,20788,638,1864,0.03671731123388582,0.08966711564364056,0.05294980440975474,0.0,0.5886126797523287,0.5886126797523287,True,0.8181433540723442,0.2804066240362905,0.5377367300360536,0.02798500968159695,0.5328282383909841,0.5048432287093871,False
Cx22-Multi-Train.zip,Multi-Train,00447,368,Cx22-Multi-Train:000369,included,,largest_matched_cytoplasm_instance,3,3,728,21075,0.08056640625,0.03454329774614472,2,crowded,212,0.5057373046875,True,high,high,scale_normalized_known_localisation,largest matched target instance,Crop centre and scale only; never model input or prediction guidance.,3,3,0.36534038230067206,0.5800689039173152,0.15061186068402888,20347,18838,728,8833,0.035779230353369045,0.4688926637647309,0.4331134334113618,0.0,0.967838227873419,0.967838227873419,True,0.7756364663348767,0.20563604735085572,0.570000418984021,0.0,0.4580576617055493,0.4580576617055493,False
Cx22-Multi-Train.zip,Multi-Train,00448,369,Cx22-Multi-Train:000370,included,,largest_matched_cytoplasm_instance,4,2,288,18807,0.07159423828125,0.015313447120752912,2,crowded,193,0.5057373046875,True,high,low,scale_normalized_known_localisation,largest matched target instance,Crop centre and scale only; never model input or prediction guidance.,4,2,0.5185495793266617,0.8175972591176544,0.21950189953566906,18519,21760,288,2081,0.01555159565851288,0.09563419117647058,0.0800825955179577,0.0,0.5945797552851586,0.5945797552851586,True,0.6820540043273767,0.5385415058678117,0.14351249845956504,0.2861198915131181,0.7909631202225053,0.5048432287093871,True
Cx22-Multi-Train.zip,Multi-Train,00450,370,Cx22-Multi-Train:000371,included,,largest_matched_cytoplasm_instance,1,4,136,8756,0.033203125,0.015532206486980357,3,crowded,132,0.5057373046875,True,low,low,scale_normalized_known_localisation,largest matched target instance,Crop centre and scale only; never model input or prediction guidance.,1,4,0.8591935921452103,0.92192700729927,0.7964601769911505,8620,8505,136,203,0.01577726218097448,0.023868312757201648,0.008091050576227169,0.0,0.5228138768658898,0.5228138768658898,True,0.6846844498670593,0.6981495243373141,0.0134650744702548,0.4457279099826206,0.9505711386920077,0.5048432287093871,True
Cx22-Multi-Train.zip,Multi-Train,00452,371,Cx22-Multi-Train:000372,included,,largest_matched_cytoplasm_instance,1,1,513,14392,0.0545654296875,0.03564480266814897,3,crowded,169,0.5057373046875,True,middle,high,scale_normalized_known_localisation,largest matched target instance,Crop centre and scale only; never model input or prediction guidance.,1,1,0.6002367945564394,0.8418598271841997,0.35861376192867905,13879,15285,513,1478,0.03696231716982491,0.0966961072947334,0.05973379012490848,0.0,0.5956416714034215,0.5956416714034215,True,0.834557149109607,0.45156943462994836,0.3829877144796586,0.1991478202752548,0.7039910489846419,0.5048432287093871,False
Cx22-Multi-Train.zip,Multi-Train,00454,372,Cx22-Multi-Train:000373,included,,largest_matched_cytoplasm_instance,1,2,243,16083,0.06109619140625,0.01510912143256855,3,crowded,179,0.5057373046875,True,middle,low,scale_normalized_known_localisation,largest matched target instance,Crop centre and scale only; never model input or prediction guidance.,1,2,0.631805151046173,0.8622945126186617,0.40131578947368424,15840,18712,243,61,0.01534090909090909,0.0032599401453612654,0.012080968945547825,0.0,0.5022055042540493,0.5022055042540493,True,0.7757996106445765,0.7278915855302822,0.04790802511429426,0.47546997117558865,0.9803131998849758,0.5048432287093871,True
Cx22-Multi-Train.zip,Multi-Train,00455,373,Cx22-Multi-Train:000374,included,,largest_matched_cytoplasm_instance,2,2,83,6125,0.0234375,0.013551020408163266,1,not_crowded,111,0.5057373046875,True,low,low,scale_normalized_known_localisation,largest matched target instance,Crop centre and scale only; never model input or prediction guidance.,2,2,0.6297769094229271,0.8110689703610058,0.4484848484848485,6042,8196,83,82,0.013737173121482952,0.010004880429477794,0.003732292692005158,0.0,0.5089504445381658,0.5089504445381658,True,0.722276203406926,0.9432711667053002,0.2209949632983742,0.6908495523506066,1.0,0.30915044764939337,True
Cx22-Multi-Train.zip,Multi-Train,00456,374,Cx22-Multi-Train:000375,included,,largest_matched_cytoplasm_instance,8,8,245,9532,0.03668212890625,0.025702895509861517,1,not_crowded,138,0.5057373046875,True,low,middle,scale_normalized_known_localisation,largest matched target instance,Crop centre and scale only; never model input or prediction guidance.,8,8,0.32600154623265476,0.5656402949011833,0.08636279756412622,9287,6854,245,5174,0.026380962635942716,0.7548876568427196,0.7285066942067769,0.25594209273403157,1.2538332209514076,0.997891128217376,False,0.8018070835853045,0.3355234339403233,0.4662836496449812,0.08310181958562973,0.5879450482950168,0.5048432287093871,False
Cx22-Multi-Train.zip,Multi-Train,00456,375,Cx22-Multi-Train:000376,included,,largest_matched_cytoplasm_instance,3,2,277,13129,0.0498046875,0.021098331936933504,2,crowded,178,0.5057373046875,True,middle,middle,scale_normalized_known_localisation,largest matched target instance,Crop centre and scale only; never model input or prediction guidance.,3,2,0.8096217435590234,0.7424829237377649,0.8767605633802817,12852,15550,277,291,0.021553065670712728,0.018713826366559487,0.002839239304153241,0.0,0.5176593904752476,0.5176593904752476,True,0.7583336209695082,0.6588603076770244,0.09947331329248377,0.40643869332233085,0.911281922031718,0.5048432287093871,True
Cx22-Multi-Train.zip,Multi-Train,00458,376,Cx22-Multi-Train:000377,included,,largest_matched_cytoplasm_instance,6,5,438,20344,0.077880859375,0.02152968934329532,1,not_crowded,201,0.5057373046875,True,high,middle,scale_normalized_known_localisation,largest matched target instance,Crop centre and scale only; never model input or prediction guidance.,6,5,0.9022669134989894,0.8913432971219921,0.9131905298759865,19906,24187,438,449,0.022003416055460665,0.018563691239095383,0.0034397248163652826,0.0,0.5175092553477835,0.5175092553477835,True,0.8336458135786082,0.7397418972972165,0.09390391628139172,0.48732028294252294,0.9921635116519101,0.5048432287093871,True
Cx22-Multi-Train.zip,Multi-Train,00459,377,Cx22-Multi-Train:000378,included,,largest_matched_cytoplasm_instance,1,4,294,10055,0.03839111328125,0.02923918448533068,1,not_crowded,146,0.5057373046875,True,low,high,scale_normalized_known_localisation,largest matched target instance,Crop centre and scale only; never model input or prediction guidance.,1,4,0.3238696354522291,0.5349875930521092,0.11275167785234899,9761,8374,294,4921,0.030119864767954103,0.5876522569859087,0.5575323922179546,0.08870669287722066,1.0865978210945968,0.9978911282173761,False,0.861657615952375,0.519457677216055,0.34219993873632004,0.2670360628613614,0.7718792915707485,0.5048432287093871,False
Cx22-Multi-Train.zip,Multi-Train,00460,378,Cx22-Multi-Train:000379,included,,largest_matched_cytoplasm_instance,7,11,82,3558,0.013671875,0.02304665542439573,1,not_crowded,84,0.5057373046875,True,low,middle,scale_normalized_known_localisation,largest matched target instance,Crop centre and scale only; never model input or prediction guidance.,7,11,0.44636815196918705,0.7765631832094447,0.11617312072892938,3476,3385,82,796,0.023590333716915997,0.23515509601181683,0.21156476229490084,0.0,0.7341006601205049,0.7341006601205049,True,0.780179708365746,0.45068304923714947,0.32949665912859655,0.1982614348824559,0.703104663591843,0.5048432287093871,False
Cx22-Multi-Train.zip,Multi-Train,00461,379,Cx22-Multi-Train:000380,included,,largest_matched_cytoplasm_instance,13,7,298,8780,0.033447265625,0.03394077448747153,1,not_crowded,132,0.5057373046875,True,low,high,scale_normalized_known_localisation,largest matched target instance,Crop centre and scale only; never model input or prediction guidance.,13,7,0.6271195952401014,0.8210882913402499,0.4331508991399531,8482,10410,298,981,0.03513322329639236,0.09423631123919309,0.059103087942800725,0.0,0.5931818753478811,0.5931818753478811,True,0.8298757732772238,0.2907151205344082,0.5391606527428157,0.03829350617971461,0.5431367348891017,0.5048432287093871,False
Cx22-Multi-Train.zip,Multi-Train,00462,380,Cx22-Multi-Train:000381,included,,largest_matched_cytoplasm_instance,4,1,184,5581,0.0216064453125,0.032969001970972946,1,not_crowded,106,0.5057373046875,True,low,high,scale_normalized_known_localisation,largest matched target instance,Crop centre and scale only; never model input or prediction guidance.,4,1,0.4674618539668354,0.736326837993034,0.1985968699406368,5397,5226,184,1669,0.034093014637761716,0.31936471488710294,0.28527170024934123,0.0,0.818310278995791,0.818310278995791,True,0.810437434627203,0.5357062151310896,0.27473121949611334,0.28328460077639606,0.7881278294857832,0.5048432287093871,False
Cx22-Multi-Train.zip,Multi-Train,00462,381,Cx22-Multi-Train:000382,included,,largest_matched_cytoplasm_instance,1,2,346,9791,0.037109375,0.03533857624348892,1,not_crowded,140,0.5057373046875,True,low,high,scale_normalized_known_localisation,largest matched target instance,Crop centre and scale only; never model input or prediction guidance.,1,2,0.27106829626726464,0.43914507593979796,0.10299151659473135,9445,5106,346,6373,0.03663313922710429,1.2481394437916178,1.2115063045645136,0.7491938796829297,1.747085007900306,0.9978911282173762,False,0.7885106480419376,0.4838910283599969,0.3046196196819407,0.23146941400530335,0.7363126427146904,0.5048432287093871,False
Cx22-Multi-Train.zip,Multi-Train,00462,382,Cx22-Multi-Train:000383,included,,largest_matched_cytoplasm_instance,2,2,362,9682,0.03704833984375,0.03738896922123528,1,not_crowded,139,0.5057373046875,True,low,high,scale_normalized_known_localisation,largest matched target instance,Crop centre and scale only; never model input or prediction guidance.,2,2,0.8196017284816581,0.8502379397219371,0.7889655172413793,9320,12114,362,363,0.038841201716738195,0.02996532937097573,0.008875872345762464,0.0,0.5289108934796638,0.5289108934796638,True,0.7378376329781964,0.8528697736811487,0.11503214070295231,0.6004481593264551,1.0,0.3995518406735449,True
Cx22-Multi-Train.zip,Multi-Train,00463,383,Cx22-Multi-Train:000384,included,,largest_matched_cytoplasm_instance,7,8,211,5226,0.01983642578125,0.04037504783773441,2,crowded,102,0.5057373046875,True,low,high,scale_normalized_known_localisation,largest matched target instance,Crop centre and scale only; never model input or prediction guidance.,7,8,0.5217946285116042,0.7684082168652097,0.27518104015799866,5015,5646,211,1308,0.04207377866400797,0.2316684378320935,0.18959465916808554,0.0,0.7306140019407816,0.7306140019407816,True,0.82235832607503,0.6743397431282768,0.14801858294675319,0.42191812877358326,0.9267613574829704,0.5048432287093871,True
Cx22-Multi-Train.zip,Multi-Train,00465,384,Cx22-Multi-Train:000385,included,,largest_matched_cytoplasm_instance,6,24,104,2270,0.00885009765625,0.04581497797356828,1,not_crowded,67,0.5057373046875,True,low,high,scale_normalized_known_localisation,largest matched target instance,Crop centre and scale only; never model input or prediction guidance.,6,24,0.7779811415006777,0.8467989363878093,0.7091633466135459,2166,2723,104,147,0.04801477377654663,0.05398457583547558,0.005969802058928948,0.0,0.5529301399441636,0.5529301399441636,True,0.7998655660678153,0.628812154604787,0.17105341146302833,0.37639054025009344,0.8812337689594806,0.5048432287093871,True
Cx22-Multi-Train.zip,Multi-Train,00466,385,Cx22-Multi-Train:000386,included,,largest_matched_cytoplasm_instance,8,21,43,3966,0.01495361328125,0.010842158345940494,2,crowded,89,0.5057373046875,True,low,low,scale_normalized_known_localisation,largest matched target instance,Crop centre and scale only; never model input or prediction guidance.,8,21,0.8226608163722837,0.873893061315996,0.7714285714285715,3923,4998,43,27,0.010960999235279123,0.005402160864345739,0.005558838370933385,0.0,0.5043477249730338,0.5043477249730338,True,0.7953589909308333,0.8785586201763613,0.08319962924552804,0.6261370058216678,1.0,0.37386299417833224,True
Cx22-Multi-Train.zip,Multi-Train,00467,386,Cx22-Multi-Train:000387,included,,largest_matched_cytoplasm_instance,9,21,62,2438,0.00921630859375,0.02543068088597211,2,crowded,70,0.5057373046875,True,low,middle,scale_normalized_known_localisation,largest matched target instance,Crop centre and scale only; never model input or prediction guidance.,9,21,0.5157902314118143,0.8249688925756947,0.2066115702479339,2376,2446,62,422,0.026094276094276093,0.17252657399836469,0.1464322979040886,0.0,0.6714721381070528,0.6714721381070528,True,0.6976699747584519,0.2157916713416237,0.48187830341682825,0.0,0.46821328569631726,0.46821328569631726,False
Cx22-Multi-Train.zip,Multi-Train,00468,387,Cx22-Multi-Train:000388,included,,largest_matched_cytoplasm_instance,6,4,519,15452,0.05902099609375,0.03358788506342221,1,not_crowded,175,0.5057373046875,True,middle,high,scale_normalized_known_localisation,largest matched target instance,Crop centre and scale only; never model input or prediction guidance.,6,4,0.8391413481715352,0.8759838457683577,0.8022988505747126,14933,18990,519,351,0.03475524007232304,0.01848341232227488,0.01627182775004816,0.0,0.517428976430963,0.517428976430963,True,0.7896226119712687,0.7254903407644383,0.0641322712068304,0.47306872640974473,0.9779119551191319,0.5048432287093871,True
Cx22-Multi-Train.zip,Multi-Train,00469,388,Cx22-Multi-Train:000389,included,,largest_matched_cytoplasm_instance,3,6,119,6058,0.02294921875,0.019643446682073292,1,not_crowded,110,0.5057373046875,True,low,middle,scale_normalized_known_localisation,largest matched target instance,Crop centre and scale only; never model input or prediction guidance.,3,6,0.6683074841532417,0.8853329170244322,0.4512820512820513,5939,6872,119,271,0.020037043273278328,0.039435389988358556,0.019398346715080228,0.0,0.5383809540970467,0.5383809540970467,True,0.807130070333728,0.558219034672446,0.24891103566128192,0.3057974203177525,0.8106406490271396,0.5048432287093871,True
Cx22-Multi-Train.zip,Multi-Train,00469,389,Cx22-Multi-Train:000390,included,,largest_matched_cytoplasm_instance,10,8,353,11733,0.0447998046875,0.030086081990965654,4,crowded,153,0.5057373046875,True,middle,high,scale_normalized_known_localisation,largest matched target instance,Crop centre and scale only; never model input or prediction guidance.,10,8,0.7859444763029063,0.8476433750823995,0.7242455775234131,11380,12892,353,608,0.03101933216168717,0.04716103009618368,0.016141697934496508,0.0,0.5461065942048717,0.5461065942048717,True,0.8471299638019377,0.6927631807306661,0.1543667830712716,0.44034156637597255,0.9451847950853597,0.5048432287093871,True
Cx22-Multi-Train.zip,Multi-Train,00470,390,Cx22-Multi-Train:000391,included,,largest_matched_cytoplasm_instance,9,5,64,8872,0.03399658203125,0.007213706041478809,1,not_crowded,133,0.5057373046875,True,low,low,scale_normalized_known_localisation,largest matched target instance,Crop centre and scale only; never model input or prediction guidance.,9,5,0.2519972959530506,0.4724208375893769,0.031573754316724226,8808,6856,64,3990,0.007266121707538601,0.5819719953325554,0.5747058736250168,0.08302643122386733,1.0809175594412435,0.9978911282173761,False,0.8092187702733511,0.2937651924692663,0.5154535778040847,0.04134357811457273,0.5461868068239599,0.5048432287093871,False
Cx22-Multi-Train.zip,Multi-Train,00470,391,Cx22-Multi-Train:000392,included,,largest_matched_cytoplasm_instance,2,1,139,12542,0.04779052734375,0.011082761919948971,2,crowded,158,0.5057373046875,True,middle,low,scale_normalized_known_localisation,largest matched target instance,Crop centre and scale only; never model input or prediction guidance.,2,1,0.6022661523625844,0.8176470588235294,0.38688524590163936,12403,16157,139,471,0.01120696605659921,0.029151451383301354,0.017944485326702144,0.0,0.5280970154919894,0.5280970154919894,True,0.7558927012582979,0.7118866951790614,0.04400600607923644,0.4594650808243679,0.964308309533755,0.5048432287093871,True
Cx22-Multi-Train.zip,Multi-Train,00470,392,Cx22-Multi-Train:000393,included,,largest_matched_cytoplasm_instance,7,6,103,7626,0.02874755859375,0.013506425386834513,2,crowded,123,0.5057373046875,True,low,low,scale_normalized_known_localisation,largest matched target instance,Crop centre and scale only; never model input or prediction guidance.,7,6,0.7961431974027551,0.87978639480551,0.7125,7523,8956,103,57,0.013691346537285657,0.006364448414470746,0.007326898122814911,0.0,0.5053100125231588,0.5053100125231588,True,0.7563937652389092,0.7827795900914076,0.026385824852498407,0.5303579757367141,1.0,0.46964202426328594,True
Cx22-Multi-Train.zip,Multi-Train,00471,393,Cx22-Multi-Train:000394,included,,largest_matched_cytoplasm_instance,10,6,202,13015,0.04937744140625,0.015520553207837112,3,crowded,161,0.5057373046875,True,middle,low,scale_normalized_known_localisation,largest matched target instance,Crop centre and scale only; never model input or prediction guidance.,10,6,0.561774524377622,0.8687719786915498,0.25477707006369427,12813,15908,202,269,0.015765238429719816,0.016909730952979634,0.0011444925232598178,0.0,0.5158552950616677,0.5158552950616677,True,0.5664256921081441,0.738598268231419,0.17217257612327497,0.4861766538767255,0.9910198825861126,0.5048432287093871,True
Cx22-Multi-Train.zip,Multi-Train,00471,394,Cx22-Multi-Train:000395,included,,largest_matched_cytoplasm_instance,3,1,555,18242,0.069580078125,0.03042429558162482,1,not_crowded,190,0.5057373046875,True,high,high,scale_normalized_known_localisation,largest matched target instance,Crop centre and scale only; never model input or prediction guidance.,3,1,0.8922027951189551,0.9227910927090798,0.8616144975288303,17687,19990,555,659,0.03137897891106462,0.03296648324162081,0.00158750433055619,0.0,0.5319120473503088,0.5319120473503088,True,0.7389676394509738,0.7429804130837471,0.004012773632773303,0.4905587987290535,0.9954020274384406,0.5048432287093871,True
Cx22-Multi-Train.zip,Multi-Train,00472,395,Cx22-Multi-Train:000396,included,,largest_matched_cytoplasm_instance,6,5,20,2876,0.01092529296875,0.006954102920723227,1,not_crowded,76,0.5057373046875,True,low,low,scale_normalized_known_localisation,largest matched target instance,Crop centre and scale only; never model input or prediction guidance.,6,5,0.5809086332395996,0.8555109601728929,0.3063063063063063,2856,3622,20,91,0.0070028011204481795,0.025124240750966316,0.018121439630518137,0.0,0.5240698048596544,0.5240698048596544,True,0.77435275056413,0.5898892045460639,0.18446354601806614,0.3374675901913703,0.8423108189007574,0.5048432287093871,True
Cx22-Multi-Train.zip,Multi-Train,00473,396,Cx22-Multi-Train:000397,included,,largest_matched_cytoplasm_instance,4,2,352,9141,0.0350341796875,0.03850782190132371,1,not_crowded,135,0.5057373046875,True,low,high,scale_normalized_known_localisation,largest matched target instance,Crop centre and scale only; never model input or prediction guidance.,4,2,0.8709174938096707,0.852264435472102,0.8895705521472392,8789,11768,352,300,0.04005006257822278,0.02549286199864038,0.014557200579582399,0.0,0.5244384261073285,0.5244384261073285,True,0.8335703590162328,0.8631613553616175,0.029590996345384757,0.610739741006924,1.0,0.38926025899307604,True
Cx22-Multi-Train.zip,Multi-Train,00475,397,Cx22-Multi-Train:000398,included,,largest_matched_cytoplasm_instance,5,14,40,2934,0.01123046875,0.013633265167007498,1,not_crowded,77,0.5057373046875,True,low,low,scale_normalized_known_localisation,largest matched target instance,Crop centre and scale only; never model input or prediction guidance.,5,14,0.8170644089254628,0.8941288178509258,0.74,2894,3425,40,60,0.013821700069108501,0.017518248175182483,0.003696548106073982,0.0,0.5164638122838705,0.5164638122838705,True,0.7207940855310676,0.7457506251104253,0.024956539579357728,0.49332901075573177,0.9981722394651189,0.5048432287093871,True
Cx22-Multi-Train.zip,Multi-Train,00476,398,Cx22-Multi-Train:000399,included,,largest_matched_cytoplasm_instance,0,3,333,9370,0.03582763671875,0.03553895410885806,1,not_crowded,137,0.5057373046875,True,low,high,scale_normalized_known_localisation,largest matched target instance,Crop centre and scale only; never model input or prediction guidance.,0,3,0.5689578112907367,0.7640610104861774,0.37385461209529625,9037,11943,333,1304,0.036848511674228174,0.10918529682659299,0.07233678515236482,0.0,0.608130860935281,0.608130860935281,True,0.7577464620259418,0.33770498350747097,0.4200414785184708,0.0852833691527774,0.5901265978621646,0.5048432287093871,False
Cx22-Multi-Train.zip,Multi-Train,00476,399,Cx22-Multi-Train:000400,included,,largest_matched_cytoplasm_instance,5,4,140,8695,0.03338623046875,0.016101207590569294,1,not_crowded,132,0.5057373046875,True,low,low,scale_normalized_known_localisation,largest matched target instance,Crop centre and scale only; never model input or prediction guidance.,5,4,0.8603842079143712,0.8718475525193898,0.8489208633093526,8555,10914,140,138,0.01636469900642899,0.012644310060472787,0.003720388945956202,0.0,0.5115898741691609,0.5115898741691609,True,0.6490145598691538,0.8622901967431545,0.21327563687400075,0.609868582388461,1.0,0.390131417611539,True
Cx22-Multi-Test.zip,Multi-Test,00477,0,Cx22-Multi-Test:000001,included,,largest_matched_cytoplasm_instance,13,11,109,5831,0.02239990234375,0.01869319156233922,1,not_crowded,108,0.5057373046875,True,low,middle,scale_normalized_known_localisation,largest matched target instance,Crop centre and scale only; never model input or prediction guidance.,13,11,0.2497083346369886,0.44411965312286855,0.05529701615110868,5722,4541,109,3544,0.019049283467319118,0.7804448359392204,0.7613955524719013,0.28149927183053236,1.2793904000479084,0.997891128217376,False,0.7803922306740638,0.6496772582517777,0.13071497242228614,0.3972556438970841,0.9020988726064713,0.5048432287093871,True
Cx22-Multi-Test.zip,Multi-Test,00478,1,Cx22-Multi-Test:000002,included,,largest_matched_cytoplasm_instance,6,5,237,16082,0.0615234375,0.014736973013306802,3,crowded,184,0.5057373046875,True,middle,low,scale_normalized_known_localisation,largest matched target instance,Crop centre and scale only; never model input or prediction guidance.,6,5,0.7098104673026846,0.7556698144424364,0.6639511201629328,15845,23442,237,254,0.014957399810665826,0.010835252964764099,0.004122146845901727,0.0,0.5097808170734521,0.5097808170734521,True,0.7983465045547403,0.7382922197978818,0.06005428475685848,0.4858706054431883,0.9907138341525754,0.5048432287093871,True
Cx22-Multi-Test.zip,Multi-Test,00478,2,Cx22-Multi-Test:000003,included,,largest_matched_cytoplasm_instance,8,1,231,18492,0.07061767578125,0.012491888384166126,1,not_crowded,192,0.5057373046875,True,high,low,scale_normalized_known_localisation,largest matched target instance,Crop centre and scale only; never model input or prediction guidance.,8,1,0.9134135373385249,0.9184937413437165,0.9083333333333333,18261,20006,231,249,0.012649909643502547,0.012446266120163951,0.0002036435233385963,0.0,0.511391830228852,0.511391830228852,True,0.7458277123603125,0.6902855696620549,0.055542142698257635,0.43786395530736133,0.9427071840167485,0.5048432287093871,True
Cx22-Multi-Test.zip,Multi-Test,00478,3,Cx22-Multi-Test:000004,included,,largest_matched_cytoplasm_instance,3,1,275,13990,0.05328369140625,0.019656897784131523,1,not_crowded,167,0.5057373046875,True,middle,middle,scale_normalized_known_localisation,largest matched target instance,Crop centre and scale only; never model input or prediction guidance.,3,1,0.43742961874077224,0.7232187632604251,0.15164047422111937,13715,12208,275,3352,0.02005103900838498,0.2745740498034076,0.2545230107950226,0.0,0.7735196139120957,0.7735196139120957,True,0.7836805616312813,0.5645958844890426,0.21908467714223867,0.31217427013434906,0.8170174988437362,0.5048432287093871,True
Cx22-Multi-Test.zip,Multi-Test,00479,4,Cx22-Multi-Test:000005,included,,largest_matched_cytoplasm_instance,6,1,307,15606,0.05914306640625,0.019671921056004103,1,not_crowded,176,0.5057373046875,True,middle,middle,scale_normalized_known_localisation,largest matched target instance,Crop centre and scale only; never model input or prediction guidance.,6,1,0.47317733115595556,0.7753240216433874,0.17103064066852366,15299,16489,307,3283,0.02006667102424995,0.19910243192431318,0.17903576090006323,0.0,0.6980479960330013,0.6980479960330013,True,0.8079084537604291,0.34514895071623947,0.4627595030441896,0.0927273363615459,0.5975705650709331,0.5048432287093871,False
Cx22-Multi-Test.zip,Multi-Test,00480,5,Cx22-Multi-Test:000006,included,,largest_matched_cytoplasm_instance,10,11,68,14326,0.05474853515625,0.004746614546977524,1,not_crowded,169,0.5057373046875,True,middle,low,scale_normalized_known_localisation,largest matched target instance,Crop centre and scale only; never model input or prediction guidance.,10,11,0.12595839499484393,0.24064171122994651,0.011275078759741337,14258,5564,68,11994,0.004769252349558143,2.1556434219985623,2.150874169649004,1.6566978578898741,2.6545889861072505,0.9978911282173764,False,0.7120283191868536,0.6755618059717879,0.036466513215065666,0.4231401916170944,0.9279834203264815,0.5048432287093871,True
Cx22-Multi-Test.zip,Multi-Test,00480,6,Cx22-Multi-Test:000007,included,,largest_matched_cytoplasm_instance,6,7,79,10482,0.03997802734375,0.007536729631749666,2,crowded,145,0.5057373046875,True,low,low,scale_normalized_known_localisation,largest matched target instance,Crop centre and scale only; never model input or prediction guidance.,6,7,0.34549240161441885,0.6524857778877071,0.0384990253411306,10403,9812,79,4025,0.007593963279823128,0.4102119853240929,0.4026180220442698,0.0,0.909157549432781,0.909157549432781,True,0.7086539126157011,0.238827762036484,0.46982615057921706,0.0,0.4912493763911776,0.4912493763911776,False
Cx22-Multi-Test.zip,Multi-Test,00482,7,Cx22-Multi-Test:000008,included,,largest_matched_cytoplasm_instance,2,2,424,18504,0.0706787109375,0.02291396454820579,3,crowded,192,0.5057373046875,True,high,middle,scale_normalized_known_localisation,largest matched target instance,Crop centre and scale only; never model input or prediction guidance.,2,2,0.7294739455474293,0.8559824874704764,0.6029654036243822,18080,16638,424,183,0.023451327433628318,0.010998918139199423,0.012452409294428896,0.0,0.5099444822478875,0.5099444822478875,True,0.7666222973913192,0.6529037380491782,0.11371855934214092,0.40048212369448466,0.9053253524038718,0.5048432287093871,True
Cx22-Multi-Test.zip,Multi-Test,00483,8,Cx22-Multi-Test:000009,included,,largest_matched_cytoplasm_instance,7,5,185,14300,0.05419921875,0.012937062937062937,4,crowded,169,0.5057373046875,True,middle,low,scale_normalized_known_localisation,largest matched target instance,Crop centre and scale only; never model input or prediction guidance.,7,5,0.5906605967502976,0.8798857868020304,0.3014354066985646,14115,17405,185,233,0.013106624158696423,0.01338695777075553,0.0002803336120591072,0.0,0.5123325218794436,0.5123325218794436,True,0.7737818033181993,0.6692739209346286,0.10450788238357078,0.416852306579935,0.9216955352893221,0.5048432287093871,True
Cx22-Multi-Test.zip,Multi-Test,00485,9,Cx22-Multi-Test:000010,included,,largest_matched_cytoplasm_instance,0,1,307,11644,0.04425048828125,0.02636551013397458,2,crowded,152,0.5057373046875,True,low,middle,scale_normalized_known_localisation,largest matched target instance,Crop centre and scale only; never model input or prediction guidance.,0,1,0.8484274777414985,0.8370763576970192,0.8597785977859779,11337,15602,307,235,0.02707947428773044,0.015062171516472248,0.012017302771258192,0.0,0.5140077356251603,0.5140077356251603,True,0.7922617141760183,0.8053268605866952,0.013065146410676909,0.5529052462320017,1.0,0.44709475376799834,True
Cx22-Multi-Test.zip,Multi-Test,00485,10,Cx22-Multi-Test:000011,included,,largest_matched_cytoplasm_instance,1,0,177,20668,0.0789794921875,0.008563963615250629,1,not_crowded,203,0.5057373046875,True,high,low,scale_normalized_known_localisation,largest matched target instance,Crop centre and scale only; never model input or prediction guidance.,1,0,0.8715473967921488,0.9240471745366786,0.819047619047619,20491,23431,177,243,0.008637938607193403,0.010370876189663267,0.0017329375824698644,0.0,0.5093164402983513,0.5093164402983513,True,0.7803501634546878,0.7434742809372067,0.036875882517481084,0.4910526665825131,0.9958958952919003,0.5048432287093871,True
Cx22-Multi-Test.zip,Multi-Test,00487,11,Cx22-Multi-Test:000012,included,,largest_matched_cytoplasm_instance,2,3,70,4757,0.01788330078125,0.014715156611309649,1,not_crowded,97,0.5057373046875,True,low,low,scale_normalized_known_localisation,largest matched target instance,Crop centre and scale only; never model input or prediction guidance.,2,3,0.8393354208221437,0.8879731672256828,0.7906976744186046,4687,5748,70,102,0.014934926392148495,0.017745302713987474,0.002810376321838979,0.0,0.5166908668226755,0.5166908668226755,True,0.780144673267672,0.7979331457011438,0.017788472433471814,0.5455115313464503,1.0,0.45448846865354975,True
Cx22-Multi-Test.zip,Multi-Test,00488,12,Cx22-Multi-Test:000013,included,,largest_matched_cytoplasm_instance,0,2,258,10063,0.038330078125,0.025638477591175594,1,not_crowded,142,0.5057373046875,True,low,middle,scale_normalized_known_localisation,largest matched target instance,Crop centre and scale only; never model input or prediction guidance.,0,2,0.7554574779843166,0.8611385029134917,0.6497764530551415,9805,12505,258,413,0.026313105558388578,0.03302678928428628,0.006713683725897705,0.0,0.5319723533929743,0.5319723533929743,True,0.8034814299816008,0.7199129953961175,0.08356843458548324,0.46749138104142396,0.9723346097508111,0.5048432287093871,True
Cx22-Multi-Test.zip,Multi-Test,00488,13,Cx22-Multi-Test:000014,included,,largest_matched_cytoplasm_instance,4,4,233,8360,0.031494140625,0.027870813397129185,1,not_crowded,130,0.5057373046875,True,low,middle,scale_normalized_known_localisation,largest matched target instance,Crop centre and scale only; never model input or prediction guidance.,4,4,0.8503911395123014,0.825184192900201,0.8755980861244019,8127,11282,233,185,0.028669865879168206,0.016397801808190036,0.01227206407097817,0.0,0.5153433659168781,0.5153433659168781,True,0.7239864386433409,0.810089777410048,0.08610333876670706,0.5576681630553544,1.0,0.4423318369446456,True
Cx22-Multi-Test.zip,Multi-Test,00489,14,Cx22-Multi-Test:000015,included,,largest_matched_cytoplasm_instance,3,3,386,15134,0.0576171875,0.02550548433989692,2,crowded,173,0.5057373046875,True,middle,middle,scale_normalized_known_localisation,largest matched target instance,Crop centre and scale only; never model input or prediction guidance.,3,3,0.8377946930523164,0.8700014932059131,0.8055878928987195,14748,18737,386,473,0.02617304041225929,0.025244169290708225,0.0009288711215510656,0.0,0.5241897333993963,0.5241897333993963,True,0.8298487698673568,0.6210129554213606,0.2088358144459962,0.368591341066667,0.8734345697760542,0.5048432287093871,True
Cx22-Multi-Test.zip,Multi-Test,00489,15,Cx22-Multi-Test:000016,included,,largest_matched_cytoplasm_instance,8,8,508,8490,0.0322265625,0.05983510011778563,2,crowded,130,0.5057373046875,True,low,high,scale_normalized_known_localisation,largest matched target instance,Crop centre and scale only; never model input or prediction guidance.,8,8,0.8863728382588961,0.8949560909705021,0.8777895855472901,7982,9782,508,433,0.06364319719368579,0.04426497648742588,0.019378220706259906,0.0,0.543210540596114,0.543210540596114,True,0.813568255535554,0.846462404426713,0.03289414889115905,0.5940407900720195,1.0,0.4059592099279805,True
Cx22-Multi-Test.zip,Multi-Test,00490,16,Cx22-Multi-Test:000017,included,,largest_matched_cytoplasm_instance,9,2,87,6090,0.0234375,0.014285714285714285,1,not_crowded,110,0.5057373046875,True,low,low,scale_normalized_known_localisation,largest matched target instance,Crop centre and scale only; never model input or prediction guidance.,9,2,0.6391988028087947,0.8972211350293542,0.3811764705882353,6003,6772,87,338,0.014492753623188406,0.04991139988186651,0.035418646258678105,0.0,0.5488569639905546,0.5488569639905546,True,0.7920177726271909,0.6901871312825456,0.10183064134464526,0.43776551692785204,0.9426087456372392,0.5048432287093871,True
Cx22-Multi-Test.zip,Multi-Test,00490,17,Cx22-Multi-Test:000018,included,,largest_matched_cytoplasm_instance,0,3,273,10910,0.04144287109375,0.025022914757103575,1,not_crowded,147,0.5057373046875,True,low,middle,scale_normalized_known_localisation,largest matched target instance,Crop centre and scale only; never model input or prediction guidance.,0,3,0.8244340152997401,0.8607492187182921,0.7881188118811882,10637,14002,273,232,0.025665131145999814,0.016569061562633908,0.009096069583365906,0.0,0.515514625671322,0.515514625671322,True,0.671765690342841,0.6791171263118987,0.00735143596905774,0.4266955119572051,0.9315387406665923,0.5048432287093871,True
Cx22-Multi-Test.zip,Multi-Test,00491,18,Cx22-Multi-Test:000019,included,,largest_matched_cytoplasm_instance,7,5,362,20527,0.07806396484375,0.01763530959224436,2,crowded,202,0.5057373046875,True,high,low,scale_normalized_known_localisation,largest matched target instance,Crop centre and scale only; never model input or prediction guidance.,7,5,0.8001850986176642,0.8978612366618517,0.7025089605734767,20165,22757,362,196,0.01795189685097942,0.008612734543217471,0.00933916230776195,0.0,0.5075582986519055,0.5075582986519055,True,0.7831129449269728,0.7111507168530324,0.07196222807394037,0.45872910249833887,0.963572331207726,0.5048432287093871,True
Cx22-Multi-Test.zip,Multi-Test,00492,19,Cx22-Multi-Test:000020,included,,largest_matched_cytoplasm_instance,4,4,266,13918,0.05322265625,0.01911194137088662,4,crowded,166,0.5057373046875,True,middle,middle,scale_normalized_known_localisation,largest matched target instance,Crop centre and scale only; never model input or prediction guidance.,4,4,0.634599012269185,0.8792053828900993,0.3899926416482708,13652,14437,266,1093,0.01948432464107823,0.07570824963635105,0.05622392499527282,0.0,0.5746538137450391,0.5746538137450391,True,0.8215204101464962,0.26001087727786204,0.5615095328686341,0.007589262923168472,0.5124324916325556,0.5048432287093871,False
Cx22-Multi-Test.zip,Multi-Test,00493,20,Cx22-Multi-Test:000021,included,,largest_matched_cytoplasm_instance,5,2,104,6227,0.0235595703125,0.016701461377870562,1,not_crowded,111,0.5057373046875,True,low,low,scale_normalized_known_localisation,largest matched target instance,Crop centre and scale only; never model input or prediction guidance.,5,2,0.42148948187713003,0.7430270175745388,0.0999519461797213,6123,5314,104,1977,0.016985138004246284,0.3720361309747836,0.3550509929705373,0.0,0.8709816950834717,0.8709816950834717,True,0.7428451781348111,0.22482946874799462,0.5180157093868165,0.0,0.47725108310268816,0.47725108310268816,False
Cx22-Multi-Test.zip,Multi-Test,00493,21,Cx22-Multi-Test:000022,included,,largest_matched_cytoplasm_instance,5,4,215,7026,0.02593994140625,0.030600626245374324,1,not_crowded,139,0.5057373046875,True,low,high,scale_normalized_known_localisation,largest matched target instance,Crop centre and scale only; never model input or prediction guidance.,5,4,0.3575171976910335,0.5946080052927556,0.12042639008931144,6811,5281,215,3256,0.03156658346791954,0.6165498958530581,0.5849833123851386,0.11760433174437002,1.1154954599617461,0.9978911282173761,False,0.7763701535268707,0.4271526439790684,0.3492175095478023,0.1747310296243748,0.679574258333762,0.5048432287093871,False
Cx22-Multi-Test.zip,Multi-Test,00494,22,Cx22-Multi-Test:000023,included,,largest_matched_cytoplasm_instance,7,7,38,2922,0.01116943359375,0.013004791238877482,1,not_crowded,77,0.5057373046875,True,low,low,scale_normalized_known_localisation,largest matched target instance,Crop centre and scale only; never model input or prediction guidance.,7,7,0.5153809454666142,0.833578792341679,0.19718309859154928,2884,3227,38,104,0.013176144244105409,0.03222807561202355,0.01905193136791814,0.0,0.5311736397207116,0.5311736397207116,True,0.8384632543695658,0.7106922624086679,0.12777099196089792,0.4582706480539743,0.9631138767633615,0.5048432287093871,True
Cx22-Multi-Test.zip,Multi-Test,00496,23,Cx22-Multi-Test:000024,included,,largest_matched_cytoplasm_instance,2,4,457,19621,0.07513427734375,0.02329137148973039,1,not_crowded,197,0.5057373046875,True,high,middle,scale_normalized_known_localisation,largest matched target instance,Crop centre and scale only; never model input or prediction guidance.,2,4,0.4133831834149445,0.6958354358989581,0.13093093093093094,19164,14525,457,6203,0.023846796075975788,0.42705679862306367,0.4032100025470879,0.0,0.9260023627317517,0.9260023627317517,True,0.8148802204805685,0.26995882280583355,0.5449213976747349,0.017537208451139985,0.5223804371605272,0.5048432287093871,False
Cx22-Multi-Test.zip,Multi-Test,00497,24,Cx22-Multi-Test:000025,included,,largest_matched_cytoplasm_instance,5,5,344,22866,0.08734130859375,0.01504417038397621,2,crowded,213,0.5057373046875,True,high,low,scale_normalized_known_localisation,largest matched target instance,Crop centre and scale only; never model input or prediction guidance.,5,5,0.07802082179679248,0.12461320268179474,0.031428440911790236,22522,8502,344,21547,0.015273954355741054,2.5343448600329332,2.519070905677192,2.035399295924245,3.0332904241416214,0.9978911282173764,False,0.7894964111518215,0.6445529565937737,0.1449434545580478,0.3921313422390801,0.8969745709484672,0.5048432287093871,True
Cx22-Multi-Test.zip,Multi-Test,00498,25,Cx22-Multi-Test:000026,included,,largest_matched_cytoplasm_instance,2,2,65,5627,0.021484375,0.011551448373911498,1,not_crowded,106,0.5057373046875,True,low,low,scale_normalized_known_localisation,largest matched target instance,Crop centre and scale only; never model input or prediction guidance.,2,2,0.6614672393844138,0.8819895968790638,0.4409448818897638,5562,6742,65,189,0.011686443725278677,0.028033224562444378,0.016346780837165703,0.0,0.5269787886711325,0.5269787886711325,True,0.8250857979945132,0.5393218758353538,0.28576392215915936,0.2869002614806603,0.7917434901900474,0.5048432287093871,False
Cx22-Multi-Test.zip,Multi-Test,00499,26,Cx22-Multi-Test:000027,included,,largest_matched_cytoplasm_instance,7,7,166,13345,0.05108642578125,0.012439115773698014,3,crowded,166,0.5057373046875,True,middle,low,scale_normalized_known_localisation,largest matched target instance,Crop centre and scale only; never model input or prediction guidance.,7,7,0.3433405367201876,0.6236351182561747,0.06304595518420053,13179,11640,166,5100,0.012595796342666363,0.4381443298969072,0.4255485335542408,0.0,0.9370898940055953,0.9370898940055953,True,0.8146119618061203,0.23611213628490269,0.5784998255212176,0.0,0.48853375063959625,0.48853375063959625,False
Cx22-Multi-Test.zip,Multi-Test,00500,27,Cx22-Multi-Test:000028,included,,largest_matched_cytoplasm_instance,14,14,63,9982,0.03814697265625,0.006311360448807854,3,crowded,141,0.5057373046875,True,low,low,scale_normalized_known_localisation,largest matched target instance,Crop centre and scale only; never model input or prediction guidance.,14,14,0.4873044104642406,0.8482071899396942,0.12640163098878696,9919,11472,63,918,0.006351446718419196,0.08002092050209204,0.07366947378367285,0.0,0.5789664846107802,0.5789664846107802,True,0.793351728840878,0.46006811602386066,0.33328361281701735,0.2076465016691671,0.7124897303785542,0.5048432287093871,False
Cx22-Multi-Test.zip,Multi-Test,00501,28,Cx22-Multi-Test:000029,included,,largest_matched_cytoplasm_instance,2,1,194,10150,0.0386962890625,0.019113300492610837,1,not_crowded,142,0.5057373046875,True,low,middle,scale_normalized_known_localisation,largest matched target instance,Crop centre and scale only; never model input or prediction guidance.,2,1,0.5445080621584546,0.7961859356376639,0.29283018867924526,9956,12697,194,1131,0.019485737243873043,0.08907615972276915,0.0695904224788961,0.0,0.5880217238314572,0.5880217238314572,True,0.7761923967365711,0.5823309026522362,0.19386149408433495,0.3299092882975426,0.8347525170069298,0.5048432287093871,True
Cx22-Multi-Test.zip,Multi-Test,00501,29,Cx22-Multi-Test:000030,included,,largest_matched_cytoplasm_instance,2,0,110,4324,0.01641845703125,0.02543940795559667,1,not_crowded,93,0.5057373046875,True,low,middle,scale_normalized_known_localisation,largest matched target instance,Crop centre and scale only; never model input or prediction guidance.,2,0,0.7200385801783222,0.8702141466580143,0.5698630136986301,4214,5032,110,255,0.026103464641670623,0.05067567567567568,0.024572211034005056,0.0,0.5496212397843637,0.5496212397843637,True,0.788921117312451,0.8400943789759613,0.05117326166351033,0.5876727646212677,1.0,0.4123272353787323,True
Cx22-Multi-Test.zip,Multi-Test,00502,30,Cx22-Multi-Test:000031,included,,largest_matched_cytoplasm_instance,8,8,590,20257,0.0772705078125,0.029125734314064275,2,crowded,201,0.5057373046875,True,high,middle,scale_normalized_known_localisation,largest matched target instance,Crop centre and scale only; never model input or prediction guidance.,8,8,0.5367266918072287,0.8122161784520185,0.2612372051624388,19667,20411,590,3904,0.029999491534041797,0.19126941355151633,0.16126992201747453,0.0,0.6902149776602045,0.6902149776602045,True,0.7967218586592105,0.4524590023714343,0.3442628562877762,0.20003738801674076,0.7048806167261279,0.5048432287093871,False
Cx22-Multi-Test.zip,Multi-Test,00502,31,Cx22-Multi-Test:000032,included,,largest_matched_cytoplasm_instance,2,2,169,8862,0.03387451171875,0.019070187316632813,2,crowded,133,0.5057373046875,True,low,middle,scale_normalized_known_localisation,largest matched target instance,Crop centre and scale only; never model input or prediction guidance.,2,2,0.8468593745455315,0.913471835510816,0.7802469135802469,8693,9983,169,236,0.019440929483492464,0.023640188320144244,0.00419925883665178,0.0,0.5225857524288323,0.5225857524288323,True,0.8030940594508736,0.8514205943243266,0.04832653487345295,0.598998979969633,1.0,0.401001020030367,True
Cx22-Multi-Test.zip,Multi-Test,00503,32,Cx22-Multi-Test:000033,included,,largest_matched_cytoplasm_instance,4,4,520,9846,0.0377197265625,0.05281332520820638,3,crowded,140,0.5057373046875,True,low,high,scale_normalized_known_localisation,largest matched target instance,Crop centre and scale only; never model input or prediction guidance.,4,4,0.8932347174845052,0.8952874462260462,0.8911819887429644,9326,11130,520,546,0.05575809564657946,0.04905660377358491,0.006701491872994549,0.0,0.548002167882273,0.548002167882273,True,0.8146202957681649,0.86371601011893,0.049095714350765096,0.6112943957642364,1.0,0.3887056042357636,True
Cx22-Multi-Test.zip,Multi-Test,00505,33,Cx22-Multi-Test:000034,included,,largest_matched_cytoplasm_instance,3,3,327,12915,0.04888916015625,0.02531939605110337,1,not_crowded,160,0.5057373046875,True,middle,middle,scale_normalized_known_localisation,largest matched target instance,Crop centre and scale only; never model input or prediction guidance.,3,3,0.5888667698242347,0.8495850198291017,0.32814851981936777,12588,11871,327,1666,0.025977121067683507,0.1403420099401904,0.11436488887250688,0.0,0.6392875740488785,0.6392875740488785,True,0.7293137638999073,0.3059092082099234,0.4234045556899839,0.05348759385522983,0.558330822564617,0.5048432287093871,False
Cx22-Multi-Test.zip,Multi-Test,00505,34,Cx22-Multi-Test:000035,included,,largest_matched_cytoplasm_instance,1,3,343,20155,0.076904296875,0.017018109650210864,2,crowded,200,0.5057373046875,True,high,low,scale_normalized_known_localisation,largest matched target instance,Crop centre and scale only; never model input or prediction guidance.,1,3,0.14046740818404074,0.23997959248748446,0.04095522388059702,19812,11549,343,16407,0.017312739753684636,1.4206424798683868,1.4033297401147022,0.9216969157596987,1.919588043977075,0.9978911282173762,False,0.8408588636677646,0.49289653511787235,0.3479623285498923,0.24047492076317878,0.7453181494725659,0.5048432287093871,False
Cx22-Multi-Test.zip,Multi-Test,00507,35,Cx22-Multi-Test:000036,included,,largest_matched_cytoplasm_instance,2,9,237,16628,0.06304931640625,0.014253067115708444,2,crowded,182,0.5057373046875,True,middle,low,scale_normalized_known_localisation,largest matched target instance,Crop centre and scale only; never model input or prediction guidance.,2,9,0.8464749330122714,0.8323729429476198,0.8605769230769231,16391,22135,237,179,0.014459154414007688,0.008086740456290943,0.006372413957716745,0.0,0.507032304564979,0.507032304564979,True,0.8409528396958356,0.7117917648176433,0.12916107487819228,0.4593701504629497,0.9642133791723368,0.5048432287093871,True
Cx22-Multi-Test.zip,Multi-Test,00508,36,Cx22-Multi-Test:000037,included,,largest_matched_cytoplasm_instance,35,15,69,2797,0.01092529296875,0.02466928852341795,2,crowded,75,0.5057373046875,True,low,middle,scale_normalized_known_localisation,largest matched target instance,Crop centre and scale only; never model input or prediction guidance.,35,15,0.5864372740661401,0.8144329896907216,0.35844155844155845,2728,3286,69,316,0.025293255131964808,0.09616555082166768,0.07087229568970288,0.0,0.5951111149303557,0.5951111149303557,True,0.838463273094176,0.32635453133944115,0.5121087417547349,0.07393291698474758,0.5787761456941347,0.5048432287093871,False
Cx22-Multi-Test.zip,Multi-Test,00510,37,Cx22-Multi-Test:000038,included,,largest_matched_cytoplasm_instance,8,4,174,11613,0.04449462890625,0.014983208473262722,2,crowded,152,0.5057373046875,True,middle,low,scale_normalized_known_localisation,largest matched target instance,Crop centre and scale only; never model input or prediction guidance.,8,4,0.6610561025042512,0.8792550621513594,0.44285714285714284,11439,11328,174,526,0.015211119853134015,0.04643361581920904,0.03122249596607502,0.0,0.5453791799278971,0.5453791799278971,True,0.8476427175665993,0.33423491128899235,0.5134078062776068,0.08181329693429878,0.586656525643686,0.5048432287093871,False
Cx22-Multi-Test.zip,Multi-Test,00513,38,Cx22-Multi-Test:000039,included,,largest_matched_cytoplasm_instance,2,7,67,2959,0.01116943359375,0.022642784724569112,1,not_crowded,77,0.5057373046875,True,low,middle,scale_normalized_known_localisation,largest matched target instance,Crop centre and scale only; never model input or prediction guidance.,2,7,0.0869246456060565,0.12578616352201258,0.04806312769010043,2892,1242,67,2721,0.023167358229598894,2.1908212560386473,2.1676538978090485,1.6918756919299591,2.6897668201473355,0.9978911282173764,False,0.8500323048667164,0.8224402523312588,0.0275920525354576,0.5700186379765653,1.0,0.42998136202343473,True
Cx22-Multi-Test.zip,Multi-Test,00514,39,Cx22-Multi-Test:000040,included,,largest_matched_cytoplasm_instance,7,8,257,10071,0.03826904296875,0.025518816403534903,3,crowded,142,0.5057373046875,True,low,middle,scale_normalized_known_localisation,largest matched target instance,Crop centre and scale only; never model input or prediction guidance.,7,8,0.32761061532302377,0.543189844421113,0.11203138622493461,9814,11140,257,4331,0.026187079682086816,0.38877917414721724,0.3625920944651304,0.0,0.8877247382559053,0.8877247382559053,True,0.8176145461852959,0.7032972890022245,0.1143172571830714,0.450875674647531,0.9557189033569181,0.5048432287093871,True
Cx22-Multi-Test.zip,Multi-Test,00515,40,Cx22-Multi-Test:000041,included,,largest_matched_cytoplasm_instance,2,3,56,5659,0.0213623046875,0.00989574129704895,1,not_crowded,106,0.5057373046875,True,low,low,scale_normalized_known_localisation,largest matched target instance,Crop centre and scale only; never model input or prediction guidance.,2,3,0.3166406497672876,0.5939001462293713,0.03938115330520394,5603,3971,56,2788,0.009994645725504195,0.7020901536136993,0.6920955078881951,0.20314458950501124,1.2010357177223874,0.9978911282173761,False,0.7703163964362449,0.52297740519099,0.24733899124525494,0.27055579083629644,0.7753990195456836,0.5048432287093871,True
Cx22-Multi-Test.zip,Multi-Test,00517,41,Cx22-Multi-Test:000042,included,,largest_matched_cytoplasm_instance,12,4,111,9218,0.0352783203125,0.012041657626383163,1,not_crowded,136,0.5057373046875,True,low,low,scale_normalized_known_localisation,largest matched target instance,Crop centre and scale only; never model input or prediction guidance.,12,4,0.5735437322534097,0.8981985756179305,0.24888888888888888,9107,9989,111,564,0.012188426485121336,0.056462108319151064,0.04427368183402973,0.0,0.5554076724278392,0.5554076724278392,True,0.7805637211630047,0.353263492834122,0.42730022832888265,0.10084187847942844,0.6056851071888156,0.5048432287093871,False
Cx22-Multi-Test.zip,Multi-Test,00517,42,Cx22-Multi-Test:000043,included,,largest_matched_cytoplasm_instance,7,1,79,12535,0.0477294921875,0.006302353410450738,1,not_crowded,158,0.5057373046875,True,middle,low,scale_normalized_known_localisation,largest matched target instance,Crop centre and scale only; never model input or prediction guidance.,7,1,0.38579618960184914,0.7274320073268825,0.044160371876815804,12456,12657,79,3363,0.006342324983943481,0.2657027731689974,0.2593604481850539,0.0,0.7646483372776854,0.7646483372776854,True,0.8515791872517922,0.1631087380245043,0.6884704492272878,0.0,0.4155303523791979,0.4155303523791979,False
Cx22-Multi-Test.zip,Multi-Test,00517,43,Cx22-Multi-Test:000044,included,,largest_matched_cytoplasm_instance,4,1,80,4619,0.01751708984375,0.01731976618315653,2,crowded,96,0.5057373046875,True,low,low,scale_normalized_known_localisation,largest matched target instance,Crop centre and scale only; never model input or prediction guidance.,4,1,0.4469418599367013,0.74791215589236,0.14597156398104266,4539,5160,80,975,0.01762502753910553,0.18895348837209303,0.1713284608329875,0.0,0.6878990524807811,0.6878990524807811,True,0.7965296917720049,0.45438487299052893,0.342144818781476,0.20196325863583536,0.7068064873452224,0.5048432287093871,False
Cx22-Multi-Test.zip,Multi-Test,00518,44,Cx22-Multi-Test:000045,included,,largest_matched_cytoplasm_instance,10,29,25,2088,0.00787353515625,0.011973180076628353,2,crowded,65,0.5057373046875,True,low,low,scale_normalized_known_localisation,largest matched target instance,Crop centre and scale only; never model input or prediction guidance.,10,29,0.2283941038921813,0.4225181598062954,0.03427004797806717,2063,1241,25,1434,0.012118274357731459,1.1555197421434327,1.1434014677857012,0.6565741780347446,1.6544653062521206,0.997891128217376,False,0.786078765420955,0.7107392169430954,0.07533954847785962,0.4583176025884018,0.963160831297789,0.5048432287093871,True
Cx22-Multi-Test.zip,Multi-Test,00520,45,Cx22-Multi-Test:000046,included,,largest_matched_cytoplasm_instance,32,36,22,1599,0.006103515625,0.013758599124452783,1,not_crowded,57,0.5057373046875,True,low,low,scale_normalized_known_localisation,largest matched target instance,Crop centre and scale only; never model input or prediction guidance.,32,36,0.3058400014921754,0.5576259489302967,0.05405405405405406,1577,1321,22,792,0.013950538998097653,0.5995457986373959,0.5855952596392983,0.10060023452870781,1.098491362746084,0.9978911282173761,False,0.8982491906543908,0.1807831826462506,0.7174660080081402,0.0,0.43320479700094416,0.43320479700094416,False
Cx22-Multi-Test.zip,Multi-Test,00521,46,Cx22-Multi-Test:000047,included,,largest_matched_cytoplasm_instance,4,4,67,8386,0.03167724609375,0.007989506320057238,1,not_crowded,129,0.5057373046875,True,low,low,scale_normalized_known_localisation,largest matched target instance,Crop centre and scale only; never model input or prediction guidance.,4,4,0.4236624775925764,0.7744196233026719,0.07290533188248095,8319,7662,67,1771,0.00805385262651761,0.2311406943356826,0.22308684170916498,0.0,0.7300862584443707,0.7300862584443707,True,0.7750758579430699,0.554412167149147,0.2206636907939229,0.3019905527944534,0.8068337815038406,0.5048432287093871,True
Cx22-Multi-Test.zip,Multi-Test,00522,47,Cx22-Multi-Test:000048,included,,largest_matched_cytoplasm_instance,6,1,472,15642,0.05926513671875,0.030175169415675746,2,crowded,176,0.5057373046875,True,middle,high,scale_normalized_known_localisation,largest matched target instance,Crop centre and scale only; never model input or prediction guidance.,6,1,0.44637184878109193,0.7139896737030663,0.1787540238591176,15170,13301,472,4809,0.031114040870138433,0.3615517630253364,0.330437722155198,0.0,0.8604973271340245,0.8604973271340245,True,0.8228819745008793,0.23524622454916266,0.5876357499517166,0.0,0.48766783890385623,0.48766783890385623,False
Cx22-Multi-Test.zip,Multi-Test,00523,48,Cx22-Multi-Test:000049,included,,largest_matched_cytoplasm_instance,0,5,69,3394,0.01287841796875,0.020329994107248086,1,not_crowded,82,0.5057373046875,True,low,middle,scale_normalized_known_localisation,largest matched target instance,Crop centre and scale only; never model input or prediction guidance.,0,5,0.6318007518586192,0.8739166899636567,0.38968481375358166,3325,3829,69,280,0.02075187969924812,0.07312614259597806,0.052374262896729945,0.0,0.5720717067046661,0.5720717067046661,True,0.7660880124880742,0.2393703066416256,0.5267177058464486,0.0,0.4917919209963192,0.4917919209963192,False
Cx22-Multi-Test.zip,Multi-Test,00524,49,Cx22-Multi-Test:000050,included,,largest_matched_cytoplasm_instance,18,6,38,2747,0.01031494140625,0.01383327266108482,3,crowded,74,0.5057373046875,True,low,low,scale_normalized_known_localisation,largest matched target instance,Crop centre and scale only; never model input or prediction guidance.,18,6,0.6131632247361047,0.8718960697253741,0.35443037974683544,2709,3372,38,41,0.014027316352897749,0.012158956109134046,0.0018683602437637031,0.0,0.5111045202178222,0.5111045202178222,True,0.8384632543695658,0.8031141418478369,0.0353491125217289,0.5506925274931433,1.0,0.44930747250685665,True
Cx22-Multi-Test.zip,Multi-Test,00526,50,Cx22-Multi-Test:000051,included,,largest_matched_cytoplasm_instance,5,12,31,2266,0.00848388671875,0.013680494263018535,1,not_crowded,67,0.5057373046875,True,low,low,scale_normalized_known_localisation,largest matched target instance,Crop centre and scale only; never model input or prediction guidance.,5,12,0.18526913699776296,0.3343866704969836,0.036151603498542274,2235,1246,31,1684,0.013870246085011185,1.3515248796147672,1.337654633529756,0.8525793155060791,1.8504704437234554,0.9978911282173762,False,0.8867595726417237,0.6221248626345509,0.26463471000717276,0.36970324827985734,0.8745464769892445,0.5048432287093871,False
Cx22-Multi-Test.zip,Multi-Test,00527,51,Cx22-Multi-Test:000052,included,,largest_matched_cytoplasm_instance,4,4,217,5515,0.021240234375,0.03934723481414325,2,crowded,105,0.5057373046875,True,low,high,scale_normalized_known_localisation,largest matched target instance,Crop centre and scale only; never model input or prediction guidance.,4,4,0.7946747085127133,0.8480052215060782,0.7413441955193483,5298,6959,217,274,0.04095885239713099,0.03937347320017244,0.0015853791969585515,0.0,0.5383190373088605,0.5383190373088605,True,0.803470202918745,0.6772432473787726,0.12622695553997243,0.42482163302407905,0.9296648617334662,0.5048432287093871,True
Cx22-Multi-Test.zip,Multi-Test,00527,52,Cx22-Multi-Test:000053,included,,largest_matched_cytoplasm_instance,3,3,91,6650,0.02508544921875,0.01368421052631579,1,not_crowded,115,0.5057373046875,True,low,low,scale_normalized_known_localisation,largest matched target instance,Crop centre and scale only; never model input or prediction guidance.,3,3,0.4238776405893897,0.7515904271432899,0.09616485403548941,6559,6645,91,1656,0.013874066168623266,0.2492099322799097,0.23533586611128643,0.0,0.7481554963885978,0.7481554963885978,True,0.7762623915045705,0.5278250093304809,0.24843738217408962,0.27540339497578736,0.7802466236851745,0.5048432287093871,True
Cx22-Multi-Test.zip,Multi-Test,00528,53,Cx22-Multi-Test:000054,included,,largest_matched_cytoplasm_instance,2,2,861,15418,0.0589599609375,0.05584381891295888,1,not_crowded,175,0.5057373046875,True,middle,high,scale_normalized_known_localisation,largest matched target instance,Crop centre and scale only; never model input or prediction guidance.,2,2,0.13355445347662,0.15126632370399684,0.1158425832492432,14557,5659,861,14004,0.059146802225733326,2.4746421629263122,2.4154953607005787,1.975696598817624,2.9735877270350004,0.9978911282173764,False,0.7820797403446273,0.6813281811375772,0.10075155920705015,0.42890656678288364,0.9337497954922708,0.5048432287093871,True
Cx22-Multi-Test.zip,Multi-Test,00529,54,Cx22-Multi-Test:000055,included,,largest_matched_cytoplasm_instance,17,15,166,4177,0.01568603515625,0.039741441225760114,3,crowded,94,0.5057373046875,True,low,high,scale_normalized_known_localisation,largest matched target instance,Crop centre and scale only; never model input or prediction guidance.,17,15,0.6643903875822685,0.8562069355020897,0.47257383966244726,4011,4842,166,308,0.04138618798304662,0.06361007847996696,0.022223890496920334,0.0,0.562555642588655,0.562555642588655,True,0.8380986914472578,0.41674680239020184,0.42135188905705595,0.16432518803550827,0.6691684167448955,0.5048432287093871,False
Cx22-Multi-Test.zip,Multi-Test,00529,55,Cx22-Multi-Test:000056,included,,largest_matched_cytoplasm_instance,13,19,117,2237,0.0084228515625,0.052302190433616454,2,crowded,85,0.5057373046875,True,low,high,scale_normalized_known_localisation,largest matched target instance,Crop centre and scale only; never model input or prediction guidance.,13,19,0.5339998309386786,0.5844175723251186,0.4835820895522388,2120,4413,117,218,0.05518867924528302,0.049399501472920916,0.005789177772362104,0.0,0.548345065581609,0.548345065581609,True,0.8486232453778072,0.803643759745167,0.044979485632640204,0.5512221453904734,1.0,0.44877785460952657,True
Cx22-Multi-Test.zip,Multi-Test,00531,56,Cx22-Multi-Test:000057,included,,largest_matched_cytoplasm_instance,5,10,334,9174,0.03485107421875,0.036407237846086765,1,not_crowded,135,0.5057373046875,True,low,high,scale_normalized_known_localisation,largest matched target instance,Crop centre and scale only; never model input or prediction guidance.,5,10,0.7033067424838964,0.8780302206761604,0.5285832642916322,8840,9558,334,873,0.03778280542986425,0.09133709981167608,0.05355429438181183,0.0,0.5902826639203641,0.5902826639203641,True,0.827595239929822,0.624394530827158,0.20320070910266397,0.37197291647246444,0.8768161451818516,0.5048432287093871,True
Cx22-Multi-Test.zip,Multi-Test,00532,57,Cx22-Multi-Test:000058,included,,largest_matched_cytoplasm_instance,1,0,673,16927,0.0645751953125,0.039758964967212145,2,crowded,183,0.5057373046875,True,middle,high,scale_normalized_known_localisation,largest matched target instance,Crop centre and scale only; never model input or prediction guidance.,1,0,0.5490477727101013,0.7922934976386325,0.30580204778156994,16254,15719,673,3722,0.041405192567983265,0.23678351040142503,0.19537831783344178,0.0,0.735729074510113,0.735729074510113,True,0.7891101374756009,0.3848797491897609,0.40423038828583996,0.13245813483506735,0.6373013635444544,0.5048432287093871,False
Cx22-Multi-Test.zip,Multi-Test,00532,58,Cx22-Multi-Test:000059,included,,largest_matched_cytoplasm_instance,0,4,230,8236,0.0313720703125,0.027926177756192327,1,not_crowded,128,0.5057373046875,True,low,middle,scale_normalized_known_localisation,largest matched target instance,Crop centre and scale only; never model input or prediction guidance.,0,4,0.5564744387002867,0.829740857350448,0.2832080200501253,8006,8510,230,1366,0.028728453659755182,0.16051703877790835,0.13178858511815317,0.0,0.6594626028865964,0.6594626028865964,True,0.8577305208567262,0.5281438212729788,0.3295866995837474,0.2757222069182852,0.7805654356276723,0.5048432287093871,False
Cx22-Multi-Test.zip,Multi-Test,00533,59,Cx22-Multi-Test:000060,included,,largest_matched_cytoplasm_instance,1,0,790,21128,0.0804443359375,0.0373911397198031,2,crowded,205,0.5057373046875,True,high,high,scale_normalized_known_localisation,largest matched target instance,Crop centre and scale only; never model input or prediction guidance.,1,0,0.8334203372801945,0.817370709896078,0.8494699646643109,20338,28641,790,625,0.03884354410463172,0.021821863761740164,0.017021680342891556,0.0,0.5207674278704282,0.5207674278704282,True,0.8200514894979472,0.7515232631634353,0.06852822633451183,0.49910164880874175,1.0,0.5008983511912583,True
Cx22-Multi-Test.zip,Multi-Test,00534,60,Cx22-Multi-Test:000061,included,,largest_matched_cytoplasm_instance,10,0,75,2444,0.00946044921875,0.030687397708674305,1,not_crowded,70,0.5057373046875,True,low,high,scale_normalized_known_localisation,largest matched target instance,Crop centre and scale only; never model input or prediction guidance.,10,0,0.5425358539765319,0.7966101694915254,0.28846153846153844,2369,2705,75,445,0.031658927817644573,0.1645101663585952,0.13285123854095063,0.0,0.6634557304672832,0.6634557304672832,True,0.7689393938672696,0.45331613852408853,0.3156232553431811,0.20089452416939496,0.705737752878782,0.5048432287093871,False
Cx22-Multi-Test.zip,Multi-Test,00536,61,Cx22-Multi-Test:000062,included,,largest_matched_cytoplasm_instance,12,15,122,7884,0.03009033203125,0.015474378488077117,3,crowded,125,0.5057373046875,True,low,low,scale_normalized_known_localisation,largest matched target instance,Crop centre and scale only; never model input or prediction guidance.,12,15,0.5368434706657138,0.842150015183723,0.2315369261477046,7762,8703,122,880,0.01571759855707292,0.10111455819832242,0.0853969596412495,0.0,0.6000601223070104,0.6000601223070104,True,0.7710867473448841,0.3033339227203391,0.46775282462454504,0.05091230836564553,0.5557555370750327,0.5048432287093871,False
Cx22-Multi-Test.zip,Multi-Test,00536,62,Cx22-Multi-Test:000063,included,,largest_matched_cytoplasm_instance,5,3,91,9027,0.0345458984375,0.010080868505594328,2,crowded,134,0.5057373046875,True,low,low,scale_normalized_known_localisation,largest matched target instance,Crop centre and scale only; never model input or prediction guidance.,5,3,0.4525682214711972,0.8054800855540782,0.09965635738831616,8936,8363,91,1655,0.010183527305282006,0.19789549204830803,0.18771196474302604,0.0,0.6968410561569961,0.6968410561569961,True,0.7354101009334962,0.7549370979613935,0.019526997027897286,0.5025154836067,1.0,0.49748451639330005,True
Cx22-Multi-Test.zip,Multi-Test,00538,63,Cx22-Multi-Test:000064,included,,largest_matched_cytoplasm_instance,3,0,301,29919,0.114013671875,0.010060496674354089,2,crowded,244,0.5057373046875,True,high,low,scale_normalized_known_localisation,largest matched target instance,Crop centre and scale only; never model input or prediction guidance.,3,0,0.4273177832832237,0.774433061903511,0.08020250466293631,29618,27487,301,7205,0.01016273887500844,0.26212391312256705,0.2519611742475586,0.0,0.7610694772312552,0.7610694772312552,True,0.8017043368079986,0.5348427064315188,0.2668616303764798,0.2824210920768252,0.7872643207862123,0.5048432287093871,False
Cx22-Multi-Test.zip,Multi-Test,00539,64,Cx22-Multi-Test:000065,included,,largest_matched_cytoplasm_instance,4,2,84,5866,0.02239990234375,0.014319809069212411,2,crowded,109,0.5057373046875,True,low,low,scale_normalized_known_localisation,largest matched target instance,Crop centre and scale only; never model input or prediction guidance.,4,2,0.8467008868324658,0.8831453634085213,0.8102564102564103,5782,6986,84,111,0.014527845036319613,0.01588892069853994,0.0013610756622203252,0.0,0.514834484807228,0.514834484807228,True,0.7280614607524778,0.8090594231490545,0.08099796239657675,0.556637808794361,1.0,0.443362191205639,True
Cx22-Multi-Test.zip,Multi-Test,00540,65,Cx22-Multi-Test:000066,included,,largest_matched_cytoplasm_instance,15,10,112,6069,0.02294921875,0.01845444059976932,5,crowded,110,0.5057373046875,True,low,middle,scale_normalized_known_localisation,largest matched target instance,Crop centre and scale only; never model input or prediction guidance.,15,10,0.7577537726858592,0.814777618364419,0.7007299270072993,5957,7983,112,162,0.01880141010575793,0.020293122886133032,0.0014917127803751005,0.0,0.5192386869948211,0.5192386869948211,True,0.8419279785611757,0.8596194268339203,0.017691448272744603,0.6071978124792268,1.0,0.3928021875207732,True
Cx22-Multi-Test.zip,Multi-Test,00542,66,Cx22-Multi-Test:000067,included,,largest_matched_cytoplasm_instance,3,6,257,14167,0.0548095703125,0.018140749629420486,2,crowded,168,0.5057373046875,True,middle,middle,scale_normalized_known_localisation,largest matched target instance,Crop centre and scale only; never model input or prediction guidance.,3,6,0.488431178666871,0.7568281107583996,0.22003424657534246,13910,17907,257,2079,0.01847591660675773,0.11609984922097503,0.09762393261421731,0.0,0.6150454133296631,0.6150454133296631,True,0.7874829313836107,0.5538115209658675,0.2336714104177432,0.30138990661117393,0.8062331353205611,0.5048432287093871,True
Cx22-Multi-Test.zip,Multi-Test,00544,67,Cx22-Multi-Test:000068,included,,largest_matched_cytoplasm_instance,6,13,166,8174,0.03143310546875,0.02030829459261072,2,crowded,173,0.5057373046875,True,low,middle,scale_normalized_known_localisation,largest matched target instance,Crop centre and scale only; never model input or prediction guidance.,6,13,0.39867225160367703,0.5720885305111083,0.22525597269624573,8008,15803,166,1299,0.020729270729270728,0.08219958235778017,0.061470311628509446,0.0,0.5811451464664682,0.5811451464664682,True,0.7246108625959067,0.2875360939680017,0.43707476862790495,0.03511447961330816,0.5399577083226953,0.5048432287093871,False
Cx22-Multi-Test.zip,Multi-Test,00546,68,Cx22-Multi-Test:000069,included,,largest_matched_cytoplasm_instance,0,2,268,10889,0.04132080078125,0.024611993755165762,2,crowded,147,0.5057373046875,True,low,middle,scale_normalized_known_localisation,largest matched target instance,Crop centre and scale only; never model input or prediction guidance.,0,2,0.7941272704434456,0.8929420408868911,0.6953125,10621,12516,268,500,0.025233028904999528,0.039948865452221156,0.014715836547221629,0.0,0.5388944295609093,0.5388944295609093,True,0.6980555285377728,0.6659926566914276,0.03206287184634515,0.41357104233673403,0.9184142710461212,0.5048432287093871,True
Cx22-Multi-Test.zip,Multi-Test,00546,69,Cx22-Multi-Test:000070,included,,largest_matched_cytoplasm_instance,0,8,189,5238,0.02008056640625,0.03608247422680412,1,not_crowded,115,0.5057373046875,True,low,high,scale_normalized_known_localisation,largest matched target instance,Crop centre and scale only; never model input or prediction guidance.,0,8,0.5694106108705536,0.8081264108352144,0.3306948109058927,5049,5140,189,948,0.0374331550802139,0.18443579766536966,0.14700264258515577,0.0,0.6833813617740577,0.6833813617740577,True,0.7440263236987318,0.6334386562141535,0.11058766748457827,0.38101704185945995,0.8858602705688471,0.5048432287093871,True
Cx22-Multi-Test.zip,Multi-Test,00547,70,Cx22-Multi-Test:000071,included,,largest_matched_cytoplasm_instance,2,2,260,17312,0.0654296875,0.015018484288354898,2,crowded,189,0.5057373046875,True,middle,low,scale_normalized_known_localisation,largest matched target instance,Crop centre and scale only; never model input or prediction guidance.,2,2,0.8101992199846291,0.8294379879918571,0.7909604519774012,17052,21755,260,271,0.015247478301665493,0.012456906458285451,0.0027905718433800415,0.0,0.5114024705669735,0.5114024705669735,True,0.7885430369690016,0.7693451690388405,0.019197867930161094,0.516923554684147,1.0,0.48307644531585303,True
Cx22-Multi-Test.zip,Multi-Test,00549,71,Cx22-Multi-Test:000072,included,,largest_matched_cytoplasm_instance,0,3,554,17462,0.06622314453125,0.03172603367311877,2,crowded,186,0.5057373046875,True,middle,high,scale_normalized_known_localisation,largest matched target instance,Crop centre and scale only; never model input or prediction guidance.,0,3,0.6153479088920681,0.809242793820652,0.4214530239634842,16908,21219,554,2075,0.032765554766974216,0.09778971676327819,0.06502416199630398,0.0,0.5967352808719663,0.5967352808719663,True,0.8351970460854043,0.5971997297831734,0.23799731630223098,0.3447781154284798,0.8496213441378669,0.5048432287093871,True
Cx22-Multi-Test.zip,Multi-Test,00550,72,Cx22-Multi-Test:000073,included,,largest_matched_cytoplasm_instance,15,2,243,4015,0.01531982421875,0.06052303860523039,2,crowded,90,0.5057373046875,True,low,high,scale_normalized_known_localisation,largest matched target instance,Crop centre and scale only; never model input or prediction guidance.,15,2,0.8890011001564757,0.8802986512524085,0.8977035490605428,3772,4532,243,236,0.0644220572640509,0.05207413945278023,0.012347917811270669,0.0,0.5510197035614683,0.5510197035614683,True,0.8260402075990816,0.8178895050986352,0.00815070250044636,0.5654678907439417,1.0,0.43453210925605834,True
Cx22-Multi-Test.zip,Multi-Test,00551,73,Cx22-Multi-Test:000074,included,,largest_matched_cytoplasm_instance,8,9,99,6208,0.0235595703125,0.015947164948453607,3,crowded,111,0.5057373046875,True,low,low,scale_normalized_known_localisation,largest matched target instance,Crop centre and scale only; never model input or prediction guidance.,8,9,0.5845507751206134,0.863073729530253,0.30602782071097373,6109,6898,99,548,0.016205598297593715,0.07944331690345027,0.06323771860585656,0.0,0.5783888810121384,0.5783888810121384,True,0.7212126553298833,0.6478241101650485,0.07338854516483484,0.3954024958103549,0.900245724519742,0.5048432287093871,True
Cx22-Multi-Test.zip,Multi-Test,00552,74,Cx22-Multi-Test:000075,included,,largest_matched_cytoplasm_instance,3,3,216,8998,0.034423828125,0.02400533451878195,2,crowded,134,0.5057373046875,True,low,middle,scale_normalized_known_localisation,largest matched target instance,Crop centre and scale only; never model input or prediction guidance.,3,3,0.8705303385642637,0.9028643906563788,0.8381962864721485,8782,10140,216,161,0.02459576406285584,0.015877712031558185,0.008718052031297656,0.0,0.5148232761402463,0.5148232761402463,True,0.8389122595623711,0.8147664628143566,0.024145796748014536,0.562344848459663,1.0,0.43765515154033696,True
Cx22-Multi-Test.zip,Multi-Test,00552,75,Cx22-Multi-Test:000076,included,,largest_matched_cytoplasm_instance,9,9,239,8639,0.032958984375,0.027665239032295404,3,crowded,131,0.5057373046875,True,low,middle,scale_normalized_known_localisation,largest matched target instance,Crop centre and scale only; never model input or prediction guidance.,9,9,0.8524480270127119,0.8447265625,0.8601694915254238,8400,7984,239,233,0.02845238095238095,0.029183366733466935,0.0007309857810859841,0.0,0.528128930842155,0.528128930842155,True,0.8435807390864695,0.8971375682555822,0.05355682916911275,0.6447159539008886,1.0,0.35528404609911135,True
Cx22-Multi-Test.zip,Multi-Test,00553,76,Cx22-Multi-Test:000077,included,,largest_matched_cytoplasm_instance,1,1,77,4323,0.0166015625,0.017811704834605598,1,not_crowded,93,0.5057373046875,True,low,middle,scale_normalized_known_localisation,largest matched target instance,Crop centre and scale only; never model input or prediction guidance.,1,1,0.8980080525535071,0.8626827717736809,0.9333333333333333,4246,5192,77,73,0.018134715025906734,0.014060092449922958,0.004074622575983776,0.0,0.5130056565586111,0.5130056565586111,True,0.7263842807688838,0.7785730219145969,0.052188741145713036,0.5261514075599033,1.0,0.4738485924400967,True
Cx22-Multi-Test.zip,Multi-Test,00553,77,Cx22-Multi-Test:000078,included,,largest_matched_cytoplasm_instance,2,2,143,13539,0.0513916015625,0.010562079917276018,1,not_crowded,164,0.5057373046875,True,middle,low,scale_normalized_known_localisation,largest matched target instance,Crop centre and scale only; never model input or prediction guidance.,2,2,0.31221139483287885,0.5815030375122138,0.042919752153543905,13396,10143,143,6474,0.0106748283069573,0.6382727003845017,0.6275978720775444,0.1393271362758136,1.1372182644931899,0.9978911282173762,False,0.748058444036921,0.5860110569028016,0.16204738713411937,0.3335894425481081,0.8384326712574952,0.5048432287093871,True
Cx22-Multi-Test.zip,Multi-Test,00556,78,Cx22-Multi-Test:000079,included,,largest_matched_cytoplasm_instance,2,2,134,5817,0.0220947265625,0.023035929173113288,1,not_crowded,108,0.5057373046875,True,low,middle,scale_normalized_known_localisation,largest matched target instance,Crop centre and scale only; never model input or prediction guidance.,2,2,0.8275969188383796,0.9171656686626747,0.7380281690140845,5683,6341,134,221,0.02357909554812599,0.03485254691689008,0.011273451368764092,0.0,0.5337981110255782,0.5337981110255782,True,0.8393176531964956,0.866334711012503,0.027017057816007384,0.6139130966578095,1.0,0.38608690334219053,True
Cx22-Multi-Test.zip,Multi-Test,00557,79,Cx22-Multi-Test:000080,included,,largest_matched_cytoplasm_instance,11,11,96,8464,0.03289794921875,0.011342155009451797,1,not_crowded,130,0.5057373046875,True,low,low,scale_normalized_known_localisation,largest matched target instance,Crop centre and scale only; never model input or prediction guidance.,11,11,0.7408467016382976,0.8492147707979627,0.6324786324786325,8368,10480,96,138,0.011472275334608031,0.01316793893129771,0.0016956635966896786,0.0,0.5121135030399858,0.5121135030399858,True,0.8624193473515535,0.8713695604969054,0.008950213145351937,0.6189479461422118,1.0,0.3810520538577882,True
Cx22-Multi-Test.zip,Multi-Test,00557,80,Cx22-Multi-Test:000081,included,,largest_matched_cytoplasm_instance,5,5,110,12155,0.0462646484375,0.00904977375565611,2,crowded,156,0.5057373046875,True,middle,low,scale_normalized_known_localisation,largest matched target instance,Crop centre and scale only; never model input or prediction guidance.,5,5,0.44813327074795545,0.7743153219837158,0.12195121951219512,12045,14975,110,1694,0.0091324200913242,0.11312186978297162,0.10398944969164742,0.0,0.6120674338916596,0.6120674338916596,True,0.8484521784815439,0.24916086359934672,0.5992913148821971,0.0,0.5015824779540403,0.5015824779540403,False
Cx22-Multi-Test.zip,Multi-Test,00558,81,Cx22-Multi-Test:000082,included,,largest_matched_cytoplasm_instance,9,9,90,3675,0.0140380859375,0.024489795918367346,2,crowded,86,0.5057373046875,True,low,middle,scale_normalized_known_localisation,largest matched target instance,Crop centre and scale only; never model input or prediction guidance.,9,9,0.6533436693241542,0.9023746701846965,0.40431266846361186,3585,3995,90,281,0.02510460251046025,0.07033792240300375,0.045233319892543505,0.0,0.5692834865116918,0.5692834865116918,True,0.8250185131533239,0.7336304750019884,0.09138803815133545,0.48120886064729484,0.986052089356682,0.5048432287093871,True
Cx22-Multi-Test.zip,Multi-Test,00562,82,Cx22-Multi-Test:000083,included,,largest_matched_cytoplasm_instance,3,11,89,3877,0.0147705078125,0.022955893732267217,2,crowded,88,0.5057373046875,True,low,middle,scale_normalized_known_localisation,largest matched target instance,Crop centre and scale only; never model input or prediction guidance.,3,11,0.6488709220031332,0.9284472381971379,0.36929460580912865,3788,3689,89,393,0.023495248152059132,0.10653293575494714,0.08303768760288802,0.0,0.6054784998636352,0.6054784998636352,True,0.8623038944754892,0.26015426678536624,0.6021496276901229,0.007732652430672671,0.5125758811400598,0.5048432287093871,False
Cx22-Multi-Test.zip,Multi-Test,00563,83,Cx22-Multi-Test:000084,included,,largest_matched_cytoplasm_instance,1,3,123,12354,0.04681396484375,0.00995628946090335,1,not_crowded,157,0.5057373046875,True,middle,low,scale_normalized_known_localisation,largest matched target instance,Crop centre and scale only; never model input or prediction guidance.,1,3,0.9403954427555699,0.9752790744875177,0.905511811023622,12231,12404,123,131,0.010056414029923964,0.010561109319574331,0.0005046952896503674,0.0,0.5095066734282624,0.5095066734282624,True,0.7192256688326983,0.7319294267812263,0.01270375794852796,0.47950781242653273,0.9843510411359199,0.5048432287093871,True
Cx22-Multi-Test.zip,Multi-Test,00564,84,Cx22-Multi-Test:000085,included,,largest_matched_cytoplasm_instance,14,1,71,4135,0.01593017578125,0.01717049576783555,2,crowded,91,0.5057373046875,True,low,low,scale_normalized_known_localisation,largest matched target instance,Crop centre and scale only; never model input or prediction guidance.,14,1,0.7658902381665027,0.8971650917176209,0.6346153846153846,4064,4931,71,33,0.017470472440944882,0.006692354491989455,0.010778117948955428,0.0,0.5056379186006775,0.5056379186006775,True,0.7129922669356821,0.7480139018846566,0.03502163494897448,0.495592287529963,1.0,0.504407712470037,True
Cx22-Multi-Test.zip,Multi-Test,00565,85,Cx22-Multi-Test:000086,included,,largest_matched_cytoplasm_instance,22,21,41,3978,0.01507568359375,0.010306686777275012,2,crowded,89,0.5057373046875,True,low,low,scale_normalized_known_localisation,largest matched target instance,Crop centre and scale only; never model input or prediction guidance.,22,21,0.5106905424291107,0.8322557893499472,0.18912529550827423,3937,4570,41,382,0.010414020828041656,0.08358862144420132,0.07317460061615966,0.0,0.5825341855528894,0.5825341855528894,True,0.7991743054141817,0.33541873211810314,0.4637555732960785,0.08299711776340957,0.5878403464727967,0.5048432287093871,False
Cx22-Multi-Test.zip,Multi-Test,00568,86,Cx22-Multi-Test:000087,included,,largest_matched_cytoplasm_instance,11,9,62,3486,0.01300048828125,0.01778542742398164,2,crowded,84,0.5057373046875,True,low,low,scale_normalized_known_localisation,largest matched target instance,Crop centre and scale only; never model input or prediction guidance.,11,9,0.7276417746518611,0.8687450877652607,0.5865384615384616,3424,4210,62,146,0.018107476635514017,0.03467933491686461,0.016571858281350594,0.0,0.5336248990255527,0.5336248990255527,True,0.9273260897727249,0.640948171326721,0.2863779184460039,0.3885265569720274,0.8933697856814146,0.5048432287093871,False
Cx22-Multi-Test.zip,Multi-Test,00569,87,Cx22-Multi-Test:000088,included,,largest_matched_cytoplasm_instance,2,4,64,3656,0.0140380859375,0.0175054704595186,1,not_crowded,94,0.5057373046875,True,low,low,scale_normalized_known_localisation,largest matched target instance,Crop centre and scale only; never model input or prediction guidance.,2,4,0.8344218851685301,0.9454395150179112,0.723404255319149,3592,3666,64,77,0.017817371937639197,0.021003818876159302,0.0031864469385201044,0.0,0.5199493829848474,0.5199493829848474,True,0.77435275056413,0.809690844022618,0.03533809345848804,0.5572692296679245,1.0,0.44273077033207553,True
Cx22-Multi-Test.zip,Multi-Test,00570,88,Cx22-Multi-Test:000089,included,,largest_matched_cytoplasm_instance,6,7,279,8723,0.0333251953125,0.03198440903358936,1,not_crowded,132,0.5057373046875,True,low,high,scale_normalized_known_localisation,largest matched target instance,Crop centre and scale only; never model input or prediction guidance.,6,7,0.7892254295460214,0.8928774928774929,0.6855733662145499,8444,9106,279,532,0.03304121269540502,0.058423017790467824,0.025381805095062805,0.0,0.5573685818991558,0.5573685818991558,True,0.7991385160036769,0.822852654058159,0.02371413805448208,0.5704310397034654,1.0,0.4295689602965346,True
Cx22-Multi-Test.zip,Multi-Test,00572,89,Cx22-Multi-Test:000090,included,,largest_matched_cytoplasm_instance,9,9,299,6600,0.02508544921875,0.0453030303030303,1,not_crowded,115,0.5057373046875,True,low,high,scale_normalized_known_localisation,largest matched target instance,Crop centre and scale only; never model input or prediction guidance.,9,9,0.8503716166356086,0.8592989632555187,0.8414442700156985,6301,7878,299,338,0.04745278527217902,0.0429042904290429,0.004548494843136117,0.0,0.5418498545377309,0.5418498545377309,True,0.8002805275343048,0.87593183723348,0.07565130969917522,0.6235102228787864,1.0,0.37648977712121356,True
Cx22-Multi-Test.zip,Multi-Test,00575,90,Cx22-Multi-Test:000091,included,,largest_matched_cytoplasm_instance,8,6,751,11277,0.0428466796875,0.0665957258136029,3,crowded,150,0.5057373046875,True,low,high,scale_normalized_known_localisation,largest matched target instance,Crop centre and scale only; never model input or prediction guidance.,8,6,0.8399811652282594,0.8145535254250723,0.8654088050314466,10526,14705,751,839,0.07134714041421243,0.05705542332539952,0.01429171708881291,0.0,0.5560009874340875,0.5560009874340875,True,0.8309563345931288,0.8338056646876273,0.0028493300944985034,0.5813840503329337,1.0,0.4186159496670663,True
Cx22-Multi-Test.zip,Multi-Test,00576,91,Cx22-Multi-Test:000092,included,,largest_matched_cytoplasm_instance,1,0,230,7854,0.02911376953125,0.02928444104914693,1,not_crowded,128,0.5057373046875,True,low,high,scale_normalized_known_localisation,largest matched target instance,Crop centre and scale only; never model input or prediction guidance.,1,0,0.830047438743091,0.9694041867954911,0.6906906906906907,7624,7280,230,436,0.030167890870933894,0.05989010989010989,0.029722219019176,0.0,0.558835673998798,0.558835673998798,True,0.8182417982490445,0.7069054640094634,0.11133633423958111,0.45448384965476984,0.959327078364157,0.5048432287093871,True
Cx22-Multi-Test.zip,Multi-Test,00576,92,Cx22-Multi-Test:000093,included,,largest_matched_cytoplasm_instance,4,5,108,12556,0.04779052734375,0.008601465434851864,1,not_crowded,158,0.5057373046875,True,middle,low,scale_normalized_known_localisation,largest matched target instance,Crop centre and scale only; never model input or prediction guidance.,4,5,0.944569903362074,0.9709579885423297,0.9181818181818182,12448,12688,108,112,0.008676092544987147,0.008827238335435058,0.00015114579044791035,0.0,0.5077728024441232,0.5077728024441232,True,0.8303034741010151,0.8119470551706076,0.018356418930407514,0.559525440815914,1.0,0.44047455918408596,True
Cx22-Multi-Test.zip,Multi-Test,00577,93,Cx22-Multi-Test:000094,included,,largest_matched_cytoplasm_instance,5,9,130,11595,0.04412841796875,0.01121172919361794,1,not_crowded,152,0.5057373046875,True,low,low,scale_normalized_known_localisation,largest matched target instance,Crop centre and scale only; never model input or prediction guidance.,5,9,0.80761474959739,0.9283608123260932,0.6868686868686869,11465,12614,130,68,0.0113388573920628,0.005390835579514825,0.005948021812547975,0.0,0.5043363996882029,0.5043363996882029,True,0.8591111880164324,0.6792297979160882,0.1798813901003442,0.4268081835613946,0.9316514122707817,0.5048432287093871,True
Cx22-Multi-Test.zip,Multi-Test,00578,94,Cx22-Multi-Test:000095,included,,largest_matched_cytoplasm_instance,9,4,157,5593,0.0218505859375,0.028070802789200787,1,not_crowded,106,0.5057373046875,True,low,middle,scale_normalized_known_localisation,largest matched target instance,Crop centre and scale only; never model input or prediction guidance.,9,4,0.8376719824890557,0.9312963459304923,0.7440476190476191,5436,5757,157,179,0.028881530537159677,0.031092582942504776,0.0022110524053450993,0.0,0.5300381470511928,0.5300381470511928,True,0.791403987661704,0.8025054754247195,0.01110148776301556,0.5500838610700259,1.0,0.44991613892997406,True
Cx22-Multi-Test.zip,Multi-Test,00579,95,Cx22-Multi-Test:000096,included,,largest_matched_cytoplasm_instance,8,4,68,5393,0.02056884765625,0.012608937511589096,1,not_crowded,104,0.5057373046875,True,low,low,scale_normalized_known_localisation,largest matched target instance,Crop centre and scale only; never model input or prediction guidance.,8,4,0.5940886426412129,0.9094887606922618,0.2786885245901639,5325,4729,68,420,0.012769953051643192,0.0888137026855572,0.07604374963391401,0.0,0.5877592667942453,0.5877592667942453,True,0.7468881888038891,0.5026382818006975,0.2442499070031916,0.2502166674460039,0.755059896155391,0.5048432287093871,True
Cx22-Multi-Test.zip,Multi-Test,00580,96,Cx22-Multi-Test:000097,included,,largest_matched_cytoplasm_instance,2,6,438,11195,0.0426025390625,0.039124609200535954,3,crowded,149,0.5057373046875,True,low,high,scale_normalized_known_localisation,largest matched target instance,Crop centre and scale only; never model input or prediction guidance.,2,6,0.8998326844642195,0.8594354838709677,0.9402298850574713,10757,14043,438,432,0.04071767221344241,0.03076265755180517,0.009955014661637243,0.0,0.5297082216604933,0.5297082216604933,True,0.7166241849628461,0.7090696743130186,0.007554510649827484,0.456648059958325,0.9614912886677122,0.5048432287093871,True
Cx22-Multi-Test.zip,Multi-Test,00581,97,Cx22-Multi-Test:000098,included,,largest_matched_cytoplasm_instance,6,2,54,5170,0.01983642578125,0.010444874274661509,2,crowded,102,0.5057373046875,True,low,low,scale_normalized_known_localisation,largest matched target instance,Crop centre and scale only; never model input or prediction guidance.,6,2,0.15167319586368747,0.27848451327433627,0.024861878453038673,5116,2116,54,4290,0.01055512118842846,2.0274102079395084,2.01685508675108,1.5284646438308203,2.5263557720481966,0.9978911282173764,False,0.7300079323324363,0.7430755201678642,0.01306758783542783,0.4906539058131706,0.9954971345225577,0.5048432287093871,True
Cx22-Multi-Test.zip,Multi-Test,00582,98,Cx22-Multi-Test:000099,included,,largest_matched_cytoplasm_instance,4,2,179,22170,0.084716796875,0.008073973838520524,1,not_crowded,210,0.5057373046875,True,high,low,scale_normalized_known_localisation,largest matched target instance,Crop centre and scale only; never model input or prediction guidance.,4,2,0.14906174015089757,0.2779680923950279,0.020155387906767255,21991,8660,179,17583,0.008139693510981766,2.0303695150115475,2.0222298215005656,1.5314239509028593,2.5293150791202357,0.9978911282173764,False,0.8287140978503651,0.5686383711083053,0.2600757267420598,0.3162167567536117,0.8210599854629989,0.5048432287093871,False
Cx22-Multi-Test.zip,Multi-Test,00584,99,Cx22-Multi-Test:000100,included,,largest_matched_cytoplasm_instance,6,11,178,7694,0.02923583984375,0.02313491031972966,1,not_crowded,124,0.5057373046875,True,low,middle,scale_normalized_known_localisation,largest matched target instance,Crop centre and scale only; never model input or prediction guidance.,6,11,0.8866191862223234,0.8646838001732602,0.9085545722713865,7516,9799,178,161,0.02368281000532198,0.01643024798448821,0.007252562020833769,0.0,0.5153758120931763,0.5153758120931763,True,0.8122156957434884,0.8147664670022708,0.002550771258782447,0.5623448526475773,1.0,0.4376551473524227,True
