sample_id,source_image_name,sample_index,foreground_dice,cytoplasm_dice,nucleus_dice,gt_cytoplasm_area,pred_cytoplasm_area,gt_nucleus_area,pred_nucleus_area,n_nucleus_instances,n_cytoplasm_instances,selected_cytoplasm_instance_index,selected_nucleus_instance_index,n_candidate_nuclei_in_crop,crowding_flag,gt_nc_ratio,pred_nc_ratio,abs_error_nc_ratio,interval_lower_nc_ratio,interval_upper_nc_ratio,interval_width_nc_ratio,covered_nc_ratio,gt_circularity,pred_circularity,abs_error_circularity,interval_lower_circularity,interval_upper_circularity,interval_width_circularity,covered_circularity,protocol,reference_scope,ground_truth_role,cytoplasm_instance_index,nucleus_instance_index,crop_box_xyxy,native_crop_side_px,target_whole_cell_fraction,nucleus_fraction_at_128,cytoplasm_fraction_at_128,whole_cell_fraction_at_128
Cx22-Multi-Test:000001,00477,0,0.2766891597568423,0.36681769405031595,0.1865606254633686,52812,114928,2885,11952,18,18,13,11,1,False,0.054627736120578654,0.10399554503689266,0.04936780891631401,0.0,0.6029411091455807,0.6029411091455807,True,0.5638437349025538,0.5845731499941533,0.020729415091599535,0.33215153563945976,0.8369947643488469,0.5048432287093871,True,raw_bbox,full-frame semantic union,Evaluation-only; no localization crop used.,,,,,,,,
Cx22-Multi-Test:000002,00478,1,0.3170014746518742,0.5156214726565661,0.11838147664718233,78117,156656,1685,15936,8,8,6,5,3,True,0.021570208789380034,0.10172607496680625,0.0801558661774262,0.0,0.6006716390754943,0.6006716390754943,True,0.821278618147331,0.26024502281981704,0.5610335953275141,0.007823408465123471,0.5126666371745106,0.5048432287093871,False,raw_bbox,full-frame semantic union,Evaluation-only; no localization crop used.,,,,,,,,
Cx22-Multi-Test:000003,00478,2,0.360255061073248,0.3861686319072879,0.3343414902392081,91153,126208,2485,1152,10,10,8,1,1,False,0.0272618564391737,0.009127789046653144,0.018134067392520554,0.0,0.5080733531553412,0.5080733531553412,True,0.8199172613419148,0.6215747899401162,0.19834247140179861,0.3691531755854226,0.8739964042948097,0.5048432287093871,True,raw_bbox,full-frame semantic union,Evaluation-only; no localization crop used.,,,,,,,,
Cx22-Multi-Test:000004,00478,3,0.3364638042678195,0.4807534941573107,0.19217411437832832,80088,164320,1806,6832,9,9,3,1,2,True,0.02255019478573569,0.04157740993184031,0.019027215146104618,0.0,0.5405229740405284,0.5405229740405284,True,0.8044824129260384,0.5200507272574918,0.2844316856685466,0.2676291129027982,0.7724723416121854,0.5048432287093871,False,raw_bbox,full-frame semantic union,Evaluation-only; no localization crop used.,,,,,,,,
Cx22-Multi-Test:000005,00479,4,0.21625967811149663,0.37107222001250073,0.06144713621049254,79108,132080,3698,8768,11,11,6,1,1,False,0.04674622035698033,0.0663840096910963,0.019637789334115967,0.0,0.5653295737997843,0.5653295737997843,True,0.779722745987526,0.5773684006146547,0.20235434537287134,0.3249467862599611,0.8297900149693482,0.5048432287093871,True,raw_bbox,full-frame semantic union,Evaluation-only; no localization crop used.,,,,,,,,
Cx22-Multi-Test:000006,00480,5,0.22353749797953504,0.41036185347907667,0.036713142479993396,112303,104608,1796,46688,16,16,10,11,2,True,0.01599244899958149,0.44631385744876106,0.4303214084491796,0.0,0.9452594215574491,0.9452594215574491,True,0.7214131378627514,0.33952536896829977,0.38188776889445164,0.0871037546136062,0.5919469833229933,0.5048432287093871,False,raw_bbox,full-frame semantic union,Evaluation-only; no localization crop used.,,,,,,,,
Cx22-Multi-Test:000007,00480,6,0.07475398043496614,0.1219409854690758,0.027566975400856487,90191,64720,1549,48656,14,14,6,7,3,True,0.017174662660354136,0.7517923362175525,0.7346176735571983,0.2528467721088644,1.2507379003262407,0.9978911282173762,False,0.7926648445718087,0.27296706921597735,0.5196977753558314,0.020545454861283785,0.5253886835706709,0.5048432287093871,False,raw_bbox,full-frame semantic union,Evaluation-only; no localization crop used.,,,,,,,,
Cx22-Multi-Test:000008,00482,7,0.25803086946396503,0.3683417646183604,0.14771997430956968,66256,148816,2428,16256,7,7,2,2,4,True,0.036645737744506156,0.10923556606816472,0.07258982832365857,0.0,0.6081811301768528,0.6081811301768528,True,0.7666222973913192,0.3502021273072553,0.41642017008406385,0.09778051295256174,0.6026237416619489,0.5048432287093871,False,raw_bbox,full-frame semantic union,Evaluation-only; no localization crop used.,,,,,,,,
Cx22-Multi-Test:000009,00483,8,0.11364344294520916,0.16609802297359139,0.06118886291682694,73353,99280,2741,31056,15,15,7,5,4,True,0.03736725150982237,0.31281224818694603,0.27544499667712363,0.0,0.8117578122956342,0.8117578122956342,True,0.847704555691617,0.18894967581738722,0.6587548798742298,0.0,0.44137129017208077,0.44137129017208077,False,raw_bbox,full-frame semantic union,Evaluation-only; no localization crop used.,,,,,,,,
Cx22-Multi-Test:000010,00485,9,0.23017700459954848,0.3433040817079016,0.11704992749119536,69112,147856,2332,16976,11,11,0,1,2,True,0.03374233128834356,0.11481441402445623,0.08107208273611267,0.0,0.6137599781331443,0.6137599781331443,True,0.8277517863909837,0.6172007146539763,0.21055107173700738,0.36477910029928273,0.8696223290086699,0.5048432287093871,True,raw_bbox,full-frame semantic union,Evaluation-only; no localization crop used.,,,,,,,,
Cx22-Multi-Test:000011,00485,10,0.3888437292152713,0.5134966637460403,0.26419079468450235,75488,161904,2115,9248,7,7,1,0,2,True,0.028017698177193726,0.057120268801264945,0.02910257062407122,0.0,0.556065832909953,0.556065832909953,True,0.7689812734285311,0.5423315729700294,0.22664970045850164,0.28990995861533586,0.794753187324723,0.5048432287093871,True,raw_bbox,full-frame semantic union,Evaluation-only; no localization crop used.,,,,,,,,
Cx22-Multi-Test:000012,00487,11,0.18910828353646755,0.22153453942316553,0.15668202764976957,25476,104752,656,2816,8,8,2,3,1,False,0.025749725231590515,0.026882541622117,0.0011328163905264844,0.0,0.5258281057308051,0.5258281057308051,True,0.7848187486957009,0.5544447126265837,0.23037403606911722,0.3020230982718901,0.8068663269812772,0.5048432287093871,True,raw_bbox,full-frame semantic union,Evaluation-only; no localization crop used.,,,,,,,,
Cx22-Multi-Test:000013,00488,12,0.4582600369608729,0.33219804002344083,0.5843220338983051,37133,135216,2880,1840,7,7,0,2,1,False,0.07755904451565993,0.013607857058336292,0.06395118745732363,0.0,0.5125534211670244,0.5125534211670244,True,0.7938070472683312,0.5493896075606479,0.24441743970768326,0.29696799320595435,0.8018112219153415,0.5048432287093871,True,raw_bbox,full-frame semantic union,Evaluation-only; no localization crop used.,,,,,,,,
Cx22-Multi-Test:000014,00488,13,0.24477213904877765,0.2581478758715944,0.23139640222596092,38484,141072,3071,4656,11,11,4,4,2,True,0.07979939715206319,0.033004423273222186,0.046794973878841004,0.0,0.5319499873819102,0.5319499873819102,True,0.839906714954151,0.4583239543157603,0.38158276063839075,0.20590233996106672,0.7107455686704538,0.5048432287093871,False,raw_bbox,full-frame semantic union,Evaluation-only; no localization crop used.,,,,,,,,
Cx22-Multi-Test:000015,00489,14,0.15414667171808624,0.20373277018349933,0.10456057325267316,76758,133488,3949,40848,9,9,3,3,2,True,0.05144740613356263,0.30600503416037395,0.2545576280268113,0.0,0.804950598269062,0.804950598269062,True,0.8801945438891062,0.4562812199755817,0.42391332391352454,0.20385960562088812,0.7087028343302753,0.5048432287093871,False,raw_bbox,full-frame semantic union,Evaluation-only; no localization crop used.,,,,,,,,
Cx22-Multi-Test:000016,00489,15,0.3364265099377085,0.38828108359312974,0.2845719362822872,47729,107200,3389,12368,11,11,8,8,2,True,0.07100504934107146,0.1153731343283582,0.04436808498728674,0.0,0.6143186984370462,0.6143186984370462,True,0.813568255535554,0.5481532845343193,0.2654149710012347,0.29573167017962576,0.8005748988890129,0.5048432287093871,False,raw_bbox,full-frame semantic union,Evaluation-only; no localization crop used.,,,,,,,,
Cx22-Multi-Test:000017,00490,16,0.11482680046904603,0.17548754227765137,0.054166058660440684,52139,128512,1801,32464,13,13,9,2,1,False,0.03454228120984292,0.25261454183266935,0.21807226062282642,0.0,0.7515601059413575,0.7515601059413575,True,0.8336534779425124,0.2833929405414387,0.5502605374010737,0.03097132618674514,0.5358145548961323,0.5048432287093871,False,raw_bbox,full-frame semantic union,Evaluation-only; no localization crop used.,,,,,,,,
Cx22-Multi-Test:000018,00490,17,0.21605949092648352,0.2767908662599508,0.15532811559301626,41911,136592,3006,6960,7,7,0,3,1,False,0.07172341390088521,0.050954667916129785,0.020768745984755428,0.0,0.5499002320248179,0.5499002320248179,True,0.8134045115590424,0.4364964227370941,0.37690808882194826,0.18407480838240053,0.6889180370917877,0.5048432287093871,False,raw_bbox,full-frame semantic union,Evaluation-only; no localization crop used.,,,,,,,,
Cx22-Multi-Test:000019,00491,18,0.21481957329449416,0.3465453227402306,0.08309382384875774,134830,69328,4066,27248,13,13,7,5,3,True,0.03015649336201142,0.39303023309485347,0.36287373973284204,0.0,0.8919757972035416,0.8919757972035416,True,0.8431219853863889,0.3256420480964406,0.5174799372899483,0.07322043374174703,0.5780636624511342,0.5048432287093871,False,raw_bbox,full-frame semantic union,Evaluation-only; no localization crop used.,,,,,,,,
Cx22-Multi-Test:000020,00492,19,0.2664754199603105,0.4085178631009448,0.12443297681967623,101221,135552,3853,20176,16,16,4,4,4,True,0.03806522361960463,0.14884324834749765,0.11077802472789303,0.0,0.6477888124561857,0.6477888124561857,True,0.8178947140399274,0.3077029296272036,0.5101917844127238,0.05528131527251001,0.5601245439818971,0.5048432287093871,False,raw_bbox,full-frame semantic union,Evaluation-only; no localization crop used.,,,,,,,,
Cx22-Multi-Test:000021,00493,20,0.13304698716221922,0.18853417506744827,0.07755979925699016,35785,95056,1087,14256,11,11,5,2,1,False,0.0303758558055051,0.14997475172529878,0.11959889591979368,0.0,0.6489203158339869,0.6489203158339869,True,0.799840326719127,0.26527411179706895,0.534566214922058,0.012852497442375377,0.5176957261517625,0.5048432287093871,False,raw_bbox,full-frame semantic union,Evaluation-only; no localization crop used.,,,,,,,,
Cx22-Multi-Test:000022,00493,21,0.23246489715660915,0.2553297943132183,0.2096,41131,158736,1446,2304,9,9,5,4,1,False,0.03515596508716053,0.01451466586029634,0.020641299226864192,0.0,0.5134602299689844,0.5134602299689844,True,0.8197967961492821,0.4414364440939313,0.37836035205535085,0.18901482973923772,0.6938580584486249,0.5048432287093871,False,raw_bbox,full-frame semantic union,Evaluation-only; no localization crop used.,,,,,,,,
Cx22-Multi-Test:000023,00494,22,0.08735272265296674,0.13595149253731342,0.038753952768620065,22944,84256,575,14288,14,14,7,7,1,False,0.025061018131101814,0.1695784276490695,0.14451740951796768,0.0,0.6685239917577576,0.6685239917577576,True,0.8624193694501281,0.27176524298428656,0.5906541264658416,0.01934362862959299,0.5241868573389801,0.5048432287093871,False,raw_bbox,full-frame semantic union,Evaluation-only; no localization crop used.,,,,,,,,
Cx22-Multi-Test:000024,00496,23,0.2353529335952664,0.46059797394805696,0.010107893242475866,84515,126832,1850,15760,8,8,2,4,2,True,0.021889605395491923,0.12425886211681594,0.10236925672132402,0.0,0.623204426225504,0.623204426225504,True,0.8148802204805685,0.3722795857914045,0.442600634689164,0.11985797143671095,0.6247012001460981,0.5048432287093871,False,raw_bbox,full-frame semantic union,Evaluation-only; no localization crop used.,,,,,,,,
Cx22-Multi-Test:000025,00497,24,0.19820408442682308,0.29395514758662694,0.10245302126701925,71604,112288,3484,32064,6,6,5,5,2,True,0.048656499636891795,0.2855514391564548,0.23689493951956303,0.0,0.7844970032651428,0.7844970032651428,True,0.8007279838022673,0.5482223455424486,0.25250563825981864,0.2958007311877551,0.8006439598971422,0.5048432287093871,False,raw_bbox,full-frame semantic union,Evaluation-only; no localization crop used.,,,,,,,,
Cx22-Multi-Test:000026,00498,25,0.1993493130864918,0.3696447943562968,0.029053831816686766,58523,99104,1044,35440,20,20,2,2,1,False,0.017839140167113784,0.3576041330319664,0.3397649928648526,0.0,0.8565496971406545,0.8565496971406545,True,0.7705759879205338,0.43594550536250026,0.33463048255803357,0.1835238910078067,0.6883671197171939,0.5048432287093871,False,raw_bbox,full-frame semantic union,Evaluation-only; no localization crop used.,,,,,,,,
Cx22-Multi-Test:000027,00499,26,0.2587624851069693,0.4642752704942002,0.05324969971973842,80108,125072,2762,12224,13,13,7,7,4,True,0.03447845408698257,0.09773570423436101,0.06325725014737843,0.0,0.5966812683430491,0.5966812683430491,True,0.8846379269719872,0.28622052797718844,0.5984173989947987,0.033798913622494875,0.538642142331882,0.5048432287093871,False,raw_bbox,full-frame semantic union,Evaluation-only; no localization crop used.,,,,,,,,
Cx22-Multi-Test:000028,00500,27,0.15840713930914357,0.24491836224617314,0.07189591637211401,56225,139824,1185,12112,15,15,14,14,3,True,0.021076033792796798,0.08662318343059847,0.06554714963780167,0.0,0.5855687475392866,0.5855687475392866,True,0.8444240391665379,0.5649618380403586,0.27946220112617925,0.31254022368566503,0.8173834523950522,0.5048432287093871,False,raw_bbox,full-frame semantic union,Evaluation-only; no localization crop used.,,,,,,,,
Cx22-Multi-Test:000029,00501,28,0.11906949324505679,0.18085690744301017,0.05728207904710341,38292,151040,790,17680,5,5,2,1,1,False,0.020630941188760053,0.1170550847457627,0.09642414355700266,0.0,0.6160006488544507,0.6160006488544507,True,0.7761923967365711,0.5006355793846718,0.2755568173518993,0.24821396502997828,0.7530571937393654,0.5048432287093871,False,raw_bbox,full-frame semantic union,Evaluation-only; no localization crop used.,,,,,,,,
Cx22-Multi-Test:000030,00501,29,0.16434392109544388,0.15339409814515895,0.1752937440457288,15635,87824,637,2512,5,5,2,0,1,False,0.040741925167892545,0.028602659865184916,0.01213926530270763,0.0,0.527548223973873,0.527548223973873,True,0.8379101582608609,0.22023672377475653,0.6176734344861043,0.0,0.47265833812945013,0.47265833812945013,False,raw_bbox,full-frame semantic union,Evaluation-only; no localization crop used.,,,,,,,,
Cx22-Multi-Test:000031,00502,30,0.30998477255958823,0.4579402970280673,0.1620292480911091,81828,160304,5055,2672,11,11,8,8,2,True,0.06177592022290659,0.016668330172671924,0.04510759005023467,0.0,0.51561389428136,0.51561389428136,True,0.7762443400803074,0.5522485511912463,0.22399578888906113,0.2998269368365527,0.8046701655459398,0.5048432287093871,True,raw_bbox,full-frame semantic union,Evaluation-only; no localization crop used.,,,,,,,,
Cx22-Multi-Test:000032,00502,31,0.14782555308606152,0.16567763137106203,0.129973474801061,35867,122368,1830,18528,7,7,2,2,2,True,0.051021830652131485,0.15141213389121339,0.10039030323908191,0.0,0.6503576979999015,0.6503576979999015,True,0.7924928961922804,0.5118142733972332,0.2806786227950472,0.2593926590425396,0.7642358877519267,0.5048432287093871,False,raw_bbox,full-frame semantic union,Evaluation-only; no localization crop used.,,,,,,,,
Cx22-Multi-Test:000033,00503,32,0.22437361030685,0.2931996296045351,0.1555475910091649,78777,142608,4907,14624,14,14,4,4,3,True,0.06228975462381152,0.1025468416919107,0.040257087068099176,0.0,0.6014924058005988,0.6014924058005988,True,0.8146202957681649,0.3002083423467289,0.514411953421436,0.047786727992035316,0.5526299567014225,0.5048432287093871,False,raw_bbox,full-frame semantic union,Evaluation-only; no localization crop used.,,,,,,,,
Cx22-Multi-Test:000034,00505,33,0.08265241383876064,0.11901229683842679,0.04629253083909448,77937,73728,2100,27408,10,10,3,3,1,False,0.02694484006312791,0.3717447916666667,0.34479995160353877,0.0,0.8706903557753547,0.8706903557753547,True,0.7293137638999073,0.5067915070517974,0.2225222568481099,0.25436989269710386,0.759213121406491,0.5048432287093871,True,raw_bbox,full-frame semantic union,Evaluation-only; no localization crop used.,,,,,,,,
Cx22-Multi-Test:000035,00505,34,0.3309182347679897,0.5074055399095676,0.1544309296264118,112563,131376,3808,14608,8,8,1,3,2,True,0.03382994412018159,0.11119230300815978,0.0773623588879782,0.0,0.6101378671168478,0.6101378671168478,True,0.8434196572939708,0.19867137018570563,0.6447482871082653,0.0,0.4510929845403992,0.4510929845403992,False,raw_bbox,full-frame semantic union,Evaluation-only; no localization crop used.,,,,,,,,
Cx22-Multi-Test:000036,00507,35,0.1463488296699752,0.2291735636151045,0.06352409572484591,98387,43584,2117,43472,10,10,2,9,2,True,0.021517070344659356,0.9974302496328928,0.9759131792882335,0.4984846855242048,1.4963758137415808,0.997891128217376,False,0.7962854710674185,0.2142145074916741,0.5820709635757444,0.0,0.46663612184636766,0.46663612184636766,False,raw_bbox,full-frame semantic union,Evaluation-only; no localization crop used.,,,,,,,,
Cx22-Multi-Test:000037,00508,36,0.10425137693256277,0.1234628657164291,0.08503988814869644,53201,113424,2621,33856,39,39,35,15,2,True,0.04926599124076615,0.29849061926929044,0.2492246280285243,0.0,0.7974361833779785,0.7974361833779785,True,0.7730557332072987,0.39703553862947255,0.37602019457782615,0.14461392427477898,0.6494571529841662,0.5048432287093871,False,raw_bbox,full-frame semantic union,Evaluation-only; no localization crop used.,,,,,,,,
Cx22-Multi-Test:000038,00510,37,0.29764185012284267,0.5179505266503817,0.0773331735953037,114667,114992,3740,29648,21,21,8,4,2,True,0.032616184255278326,0.25782663141783774,0.22521044716255942,0.0,0.7567721955265259,0.7567721955265259,True,0.7898542845376936,0.18270135595297102,0.6071529285847226,0.0,0.43512297030766456,0.43512297030766456,False,raw_bbox,full-frame semantic union,Evaluation-only; no localization crop used.,,,,,,,,
Cx22-Multi-Test:000039,00513,38,0.13050324799243834,0.2043797308784327,0.05662676510644398,31605,141328,783,13168,20,20,2,7,1,False,0.02477456098718557,0.09317332729536963,0.06839876630818406,0.0,0.5921188914040577,0.5921188914040577,True,0.8139469119016388,0.22208381959982604,0.5918630923018128,0.0,0.4745054339545196,0.4745054339545196,False,raw_bbox,full-frame semantic union,Evaluation-only; no localization crop used.,,,,,,,,
Cx22-Multi-Test:000040,00514,39,0.16670119816727152,0.2618861824870409,0.07151621384750219,61708,153584,2738,8672,11,11,7,8,3,True,0.044370259933882154,0.056464215022398165,0.01209395508851601,0.0,0.5554097791310862,0.5554097791310862,True,0.7862449136916737,0.6455345340288727,0.14071037966280098,0.39311291967417916,0.8979561483835663,0.5048432287093871,True,raw_bbox,full-frame semantic union,Evaluation-only; no localization crop used.,,,,,,,,
Cx22-Multi-Test:000041,00515,40,0.14794263094732843,0.2404770146604976,0.055408247234159276,52805,152304,1017,9920,14,14,2,3,1,False,0.019259539816305273,0.06513289211051582,0.045873352294210544,0.0,0.5640784562192038,0.5640784562192038,True,0.8391855807236908,0.6444859169372059,0.19469966378648484,0.39206430258251235,0.8969075312918995,0.5048432287093871,True,raw_bbox,full-frame semantic union,Evaluation-only; no localization crop used.,,,,,,,,
Cx22-Multi-Test:000042,00517,41,0.23167635617489732,0.4249752530347594,0.03837745931503522,77537,133600,2341,1776,18,18,12,4,1,False,0.030192037349910366,0.013293413173652695,0.01689862417625767,0.0,0.5122389772823408,0.5122389772823408,True,0.8466350383017813,0.3675136903731588,0.47912134792862254,0.11509207601846522,0.6199353047278524,0.5048432287093871,False,raw_bbox,full-frame semantic union,Evaluation-only; no localization crop used.,,,,,,,,
Cx22-Multi-Test:000043,00517,42,0.17606999038888424,0.29013820929858336,0.06200177147918512,59229,108560,1578,27776,9,9,7,1,1,False,0.02664235425214,0.25585851142225496,0.22921615717011495,0.0,0.7548040755309431,0.7548040755309431,True,0.8223742681501308,0.5062412129065721,0.3161330552435587,0.2538195985518785,0.7586628272612657,0.5048432287093871,False,raw_bbox,full-frame semantic union,Evaluation-only; no localization crop used.,,,,,,,,
Cx22-Multi-Test:000044,00517,43,0.2052823863695449,0.29969057231265056,0.11087420042643924,33131,83536,1110,12960,14,14,4,1,2,True,0.033503365428148864,0.15514269297069527,0.12163932754254642,0.0,0.6540882570793833,0.6540882570793833,True,0.7940060563650837,0.5938048044509071,0.2002012519141766,0.34138319009621354,0.8462264188056007,0.5048432287093871,True,raw_bbox,full-frame semantic union,Evaluation-only; no localization crop used.,,,,,,,,
Cx22-Multi-Test:000045,00518,44,0.16083694925720193,0.2588408336984415,0.06283306481596232,37512,90304,1034,15104,31,31,10,29,2,True,0.027564512689272767,0.16725726435152374,0.13969275166225098,0.0,0.6662028284602118,0.6662028284602118,True,0.8554386556255748,0.22686882500231176,0.628569830623263,0.0,0.4792904393570053,0.4792904393570053,False,raw_bbox,full-frame semantic union,Evaluation-only; no localization crop used.,,,,,,,,
Cx22-Multi-Test:000046,00520,45,0.2057502807586764,0.21656194964063022,0.19493861187672262,31080,136992,1582,6400,39,39,32,36,1,False,0.0509009009009009,0.046718056528848396,0.004182844372052505,0.0,0.5456636206375365,0.5456636206375365,True,0.7883819770707717,0.6120148426409452,0.17636713442982654,0.3595932282862516,0.8644364569956388,0.5048432287093871,True,raw_bbox,full-frame semantic union,Evaluation-only; no localization crop used.,,,,,,,,
Cx22-Multi-Test:000047,00521,46,0.12902287664387393,0.23452803218804597,0.023517721099701887,28906,159984,502,5536,5,5,4,4,1,False,0.01736663668442538,0.034603460346034606,0.017236823661609228,0.0,0.5335490244547226,0.5335490244547226,True,0.8490984228189286,0.49807652571560784,0.3510218971033207,0.24565491136091427,0.7504981400703015,0.5048432287093871,False,raw_bbox,full-frame semantic union,Evaluation-only; no localization crop used.,,,,,,,,
Cx22-Multi-Test:000048,00522,47,0.2808596127939249,0.29201611362886565,0.26970311195898417,71980,158384,2451,5936,9,9,6,1,2,True,0.03405112531258683,0.03747853318517022,0.003427407872583388,0.0,0.5364240972938583,0.5364240972938583,True,0.8228819745008793,0.37479680463068626,0.44808516987019303,0.1223751902759927,0.6272184189853798,0.5048432287093871,False,raw_bbox,full-frame semantic union,Evaluation-only; no localization crop used.,,,,,,,,
Cx22-Multi-Test:000049,00523,48,0.1246723046834124,0.11128876655400163,0.13805584281282315,16835,131392,556,3312,8,8,0,5,1,False,0.03302643302643302,0.025207014125669752,0.007819418900763271,0.0,0.5241525782343578,0.5241525782343578,True,0.7438366870907149,0.5125963305359238,0.23124035655479114,0.2601747161812302,0.7650179448906174,0.5048432287093871,True,raw_bbox,full-frame semantic union,Evaluation-only; no localization crop used.,,,,,,,,
Cx22-Multi-Test:000050,00524,49,0.09810905745672485,0.16756218326704814,0.028655931646401577,36817,100720,894,29536,27,27,18,6,3,True,0.02428226091207866,0.29324861000794283,0.2689663490958642,0.0,0.792194174116631,0.792194174116631,True,0.7062874818204694,0.2633447757852261,0.4429427060352433,0.010923161430532513,0.5157663901399197,0.5048432287093871,False,raw_bbox,full-frame semantic union,Evaluation-only; no localization crop used.,,,,,,,,
Cx22-Multi-Test:000051,00526,50,0.15411198226928305,0.2528006391390421,0.05542332539952397,45157,125072,1022,16624,34,34,5,12,1,False,0.022632150054255153,0.13291544070615324,0.1102832906518981,0.0,0.6318610048148413,0.6318610048148413,True,0.869667943579849,0.3218143755818636,0.5478535679979855,0.06939276122717003,0.5742359899365572,0.5048432287093871,False,raw_bbox,full-frame semantic union,Evaluation-only; no localization crop used.,,,,,,,,
Cx22-Multi-Test:000052,00527,51,0.23686340854647198,0.22954388047887603,0.24418293661406792,33766,148160,1878,5600,13,13,4,4,2,True,0.055618077355920156,0.03779697624190065,0.017821101114019508,0.0,0.5367425403505888,0.5367425403505888,True,0.803470202918745,0.6671569412023914,0.1363132617163536,0.41473532684769787,0.919578555557085,0.5048432287093871,True,raw_bbox,full-frame semantic union,Evaluation-only; no localization crop used.,,,,,,,,
Cx22-Multi-Test:000053,00527,52,0.08572380715099745,0.14950668603195272,0.021940928270042195,30582,169088,1063,7232,6,6,3,3,1,False,0.03475900856713099,0.04277062831188493,0.008011619744753944,0.0,0.541716192420573,0.541716192420573,True,0.8382477066205066,0.6322880723279379,0.2059596342925687,0.37986645797324436,0.8847096866826315,0.5048432287093871,True,raw_bbox,full-frame semantic union,Evaluation-only; no localization crop used.,,,,,,,,
Cx22-Multi-Test:000054,00528,53,0.18260288094141613,0.2719725932690472,0.09323316861378503,82125,111696,4257,30752,9,9,2,2,1,False,0.051835616438356165,0.27531872224609655,0.2234831058077404,0.0,0.7742642863547846,0.7742642863547846,True,0.7820797403446273,0.6191016336379952,0.16297810670663215,0.36668001928330163,0.8715232479926888,0.5048432287093871,True,raw_bbox,full-frame semantic union,Evaluation-only; no localization crop used.,,,,,,,,
Cx22-Multi-Test:000055,00529,54,0.15480196439593547,0.16778976949983557,0.1418141592920354,39469,127776,3056,15024,21,21,17,15,4,True,0.07742785477209962,0.11758076634109692,0.04015291156899729,0.0,0.616526330449785,0.616526330449785,True,0.8407415832437147,0.41434184631798787,0.42639973692572686,0.1619202319632943,0.6667634606726814,0.5048432287093871,False,raw_bbox,full-frame semantic union,Evaluation-only; no localization crop used.,,,,,,,,
Cx22-Multi-Test:000056,00529,55,0.20418689368180332,0.22080316589468005,0.18757062146892656,27188,61760,2501,12544,29,29,13,19,2,True,0.09198911284390172,0.20310880829015543,0.1111196954462537,0.0,0.7020543723988435,0.7020543723988435,True,0.8219683607207344,0.18104402811212453,0.6409243326086099,0.0,0.43346564246681807,0.43346564246681807,False,raw_bbox,full-frame semantic union,Evaluation-only; no localization crop used.,,,,,,,,
Cx22-Multi-Test:000057,00531,56,0.3098073347763557,0.38876472201860857,0.23084994753410285,60723,161648,1846,3872,11,11,5,10,1,False,0.03040034253907086,0.02395328120360289,0.00644706133546797,0.0,0.5228988453122909,0.5228988453122909,True,0.827595239929822,0.33558381167026147,0.4920114282595605,0.0831621973155679,0.588005426024955,0.5048432287093871,False,raw_bbox,full-frame semantic union,Evaluation-only; no localization crop used.,,,,,,,,
Cx22-Multi-Test:000058,00532,57,0.184156900671699,0.23461178442732775,0.13370201691607025,49421,114032,2568,34320,4,4,1,0,2,True,0.051961716679144496,0.30096814929142696,0.24900643261228245,0.0,0.7999137134001151,0.7999137134001151,True,0.8435817479911217,0.37417133718109696,0.46941041081002477,0.1217497228264034,0.6265929515357905,0.5048432287093871,False,raw_bbox,full-frame semantic union,Evaluation-only; no localization crop used.,,,,,,,,
Cx22-Multi-Test:000059,00532,58,0.061723761996365124,0.07680585568143494,0.046641668311295306,28038,132080,1666,28736,8,8,0,4,1,False,0.05941935944075897,0.21756511205330104,0.15814575261254207,0.0,0.716510676161989,0.716510676161989,True,0.7987623054583961,0.20681898558649423,0.5919433198719019,0.0,0.4592405999411878,0.4592405999411878,False,raw_bbox,full-frame semantic union,Evaluation-only; no localization crop used.,,,,,,,,
Cx22-Multi-Test:000060,00533,59,0.39945897650397383,0.550387100902169,0.24853085210577866,81254,137552,3240,4928,6,6,1,0,2,True,0.039874960001969134,0.035826451087588695,0.004048508914380439,0.0,0.5347720151962767,0.5347720151962767,True,0.8200514894979472,0.6071125944911054,0.2129388950068417,0.35469098013641187,0.859534208845799,0.5048432287093871,True,raw_bbox,full-frame semantic union,Evaluation-only; no localization crop used.,,,,,,,,
Cx22-Multi-Test:000061,00534,60,0.0825476481978717,0.10758355930654154,0.057511737089201875,24452,106832,1136,29536,17,17,10,0,1,False,0.04645836741370849,0.2764714692227048,0.23001310180899634,0.0,0.7754170333313929,0.7754170333313929,True,0.8400666164012877,0.2778610183097033,0.5622055980915843,0.02543940395500971,0.5302826326643968,0.5048432287093871,False,raw_bbox,full-frame semantic union,Evaluation-only; no localization crop used.,,,,,,,,
Cx22-Multi-Test:000062,00536,61,0.2587360348226633,0.3765317952304759,0.14094027441485069,78710,130032,2768,17056,18,18,12,15,3,True,0.03516706898742218,0.1311677125630614,0.09600064357563921,0.0,0.6301132766717494,0.6301132766717494,True,0.8556204839123789,0.6109916280319847,0.24462885588039418,0.35857001367729113,0.8634132423866783,0.5048432287093871,True,raw_bbox,full-frame semantic union,Evaluation-only; no localization crop used.,,,,,,,,
Cx22-Multi-Test:000063,00536,62,0.1700953605741331,0.24901763142716998,0.09117308972109625,71729,113792,2738,30320,17,17,5,3,2,True,0.03817145087760878,0.2664510686164229,0.22827961773881414,0.0,0.7653966327251109,0.7653966327251109,True,0.8047438296319679,0.3079396437413004,0.4968041858906675,0.055518029386606826,0.560361258095994,0.5048432287093871,False,raw_bbox,full-frame semantic union,Evaluation-only; no localization crop used.,,,,,,,,
Cx22-Multi-Test:000064,00538,63,0.15183962546604218,0.24936544230244803,0.05431380862963636,91724,98960,1975,47552,7,7,3,0,3,True,0.021531987266146264,0.48051738075990297,0.4589853934937567,0.0,0.979462944868591,0.979462944868591,True,0.7713201622559489,0.23444343934954764,0.5368767229064013,0.0,0.4868650537042412,0.4868650537042412,False,raw_bbox,full-frame semantic union,Evaluation-only; no localization crop used.,,,,,,,,
Cx22-Multi-Test:000065,00539,64,0.16178428592284816,0.23921082433005406,0.08435774751564225,33185,153136,1009,12576,10,10,4,2,3,True,0.030405303601024558,0.08212308013791662,0.051717776536892066,0.0,0.5810686442466046,0.5810686442466046,True,0.8171823158649942,0.56039218921274,0.2567901266522542,0.30797057485804646,0.8128138035674336,0.5048432287093871,False,raw_bbox,full-frame semantic union,Evaluation-only; no localization crop used.,,,,,,,,
Cx22-Multi-Test:000066,00540,65,0.19840159045531694,0.3090723720250776,0.08773080888555629,54664,76768,1994,19344,18,18,15,10,5,True,0.0364773891409337,0.251979991663193,0.2155026025222593,0.0,0.750925555771881,0.750925555771881,True,0.7652737385798667,0.4162150629248764,0.34905867565499027,0.16379344857018285,0.66863667727957,0.5048432287093871,False,raw_bbox,full-frame semantic union,Evaluation-only; no localization crop used.,,,,,,,,
Cx22-Multi-Test:000067,00542,66,0.17642183991765412,0.3178093617213124,0.03503431811399582,74630,102816,1030,32480,7,7,3,6,2,True,0.013801420340345705,0.3159041394335512,0.3021027190932055,0.0,0.8148497035422393,0.8148497035422393,True,0.7874829313836107,0.4662875419257149,0.3211953894578958,0.21386592757102135,0.7187091562804084,0.5048432287093871,False,raw_bbox,full-frame semantic union,Evaluation-only; no localization crop used.,,,,,,,,
Cx22-Multi-Test:000068,00544,67,0.24547193436375306,0.3697482165535931,0.12119565217391304,76737,135072,1536,5824,15,15,6,13,2,True,0.020016419719300987,0.04311774461028192,0.023101324890980934,0.0,0.54206330871897,0.54206330871897,True,0.762225238338194,0.5320187343058341,0.23020650403235987,0.27959711995114056,0.7844403486605277,0.5048432287093871,True,raw_bbox,full-frame semantic union,Evaluation-only; no localization crop used.,,,,,,,,
Cx22-Multi-Test:000069,00546,68,0.2492594915348195,0.2578097287582472,0.24070925431139178,50171,161264,2522,5712,8,8,0,2,2,True,0.05026808315560782,0.03542018057346959,0.014847902582138237,0.0,0.5343657446821577,0.5343657446821577,True,0.7128888841583921,0.5888515299684746,0.12403735418991757,0.336429915613781,0.8412731443231681,0.5048432287093871,True,raw_bbox,full-frame semantic union,Evaluation-only; no localization crop used.,,,,,,,,
Cx22-Multi-Test:000070,00546,69,0.27425509719092983,0.21378216090905636,0.33472803347280333,33928,176576,2304,1520,11,11,0,8,1,False,0.06790851214336241,0.008608191373686118,0.05930032076967629,0.0,0.5075537554823741,0.5075537554823741,True,0.8271345094929999,0.5239902620273552,0.3031442474656447,0.27156864767266164,0.7764118763820488,0.5048432287093871,False,raw_bbox,full-frame semantic union,Evaluation-only; no localization crop used.,,,,,,,,
Cx22-Multi-Test:000071,00547,70,0.1522995438377635,0.2650833878351864,0.039515699840340604,110064,85648,2120,42976,10,10,2,2,2,True,0.01926152056985027,0.5017747057724641,0.4825131852026138,0.0028291416637760136,1.0007202698811521,0.9978911282173761,True,0.7783402238529844,0.34981862025275834,0.42852160360022606,0.09739700589806477,0.6022402346074519,0.5048432287093871,False,raw_bbox,full-frame semantic union,Evaluation-only; no localization crop used.,,,,,,,,
Cx22-Multi-Test:000072,00549,71,0.3308007150720851,0.42988835794030045,0.23171307220386975,90631,142704,4134,17056,9,9,0,3,2,True,0.0456135317937571,0.11952012557461598,0.07390659378085888,0.0,0.6184656896833041,0.6184656896833041,True,0.8484235649086824,0.5689094491318101,0.27951411577687235,0.3164878347771165,0.8213310634865036,0.5048432287093871,False,raw_bbox,full-frame semantic union,Evaluation-only; no localization crop used.,,,,,,,,
Cx22-Multi-Test:000073,00550,72,0.26782486199605815,0.22475665594451022,0.3108930680476061,35458,155424,3359,7648,20,20,15,2,2,True,0.09473179536352869,0.04920732962734198,0.04552446573618671,0.0,0.54815289373603,0.54815289373603,True,0.7648019592816748,0.3631701515921201,0.4016318076895547,0.11074853723742656,0.6155917659468138,0.5048432287093871,False,raw_bbox,full-frame semantic union,Evaluation-only; no localization crop used.,,,,,,,,
Cx22-Multi-Test:000074,00551,73,0.16096573185497975,0.25911393935397364,0.0628175243559859,91718,90256,2870,30592,29,29,8,9,3,True,0.031291567631217425,0.3389469952136146,0.30765542758239717,0.0,0.8378925593223027,0.8378925593223027,True,0.8282211230893313,0.3582062347290081,0.4700148883603232,0.10578462037431452,0.6106278490837016,0.5048432287093871,False,raw_bbox,full-frame semantic union,Evaluation-only; no localization crop used.,,,,,,,,
Cx22-Multi-Test:000075,00552,74,0.2417483330405938,0.2614261003267346,0.22207056575445303,50888,157232,3469,11184,12,12,3,3,3,True,0.06816931300110046,0.07113055866490282,0.0029612456638023615,0.0,0.5700761227735909,0.5700761227735909,True,0.790698686801463,0.3529222375617978,0.43777644923966524,0.10050062320710423,0.6053438519164913,0.5048432287093871,False,raw_bbox,full-frame semantic union,Evaluation-only; no localization crop used.,,,,,,,,
Cx22-Multi-Test:000076,00552,75,0.3242991650432858,0.3581631427465669,0.2904351873400047,55645,169152,3858,4736,16,16,9,9,4,True,0.06933237487644892,0.027998486568293606,0.041333888308155306,0.0,0.5269440506769817,0.5269440506769817,True,0.8168107559866592,0.26996481711081566,0.5468459388758435,0.01754320275612209,0.5223864314655092,0.5048432287093871,False,raw_bbox,full-frame semantic union,Evaluation-only; no localization crop used.,,,,,,,,
Cx22-Multi-Test:000077,00553,76,0.08730049744696555,0.15106652603143045,0.02353446886250067,28679,103104,547,18064,9,9,1,1,1,False,0.019073189441751806,0.17520173805090006,0.15612854860914827,0.0,0.6741473021595881,0.6741473021595881,True,0.7020298782983747,0.15582005444507505,0.5462098238532996,0.0,0.40824166879976864,0.40824166879976864,False,raw_bbox,full-frame semantic union,Evaluation-only; no localization crop used.,,,,,,,,
Cx22-Multi-Test:000078,00553,77,0.05339524302720812,0.0670876698561371,0.03970281619827915,38215,154816,693,33360,5,5,2,2,1,False,0.018134240481486326,0.21548160396858207,0.19734736348709575,0.0,0.7144271680772701,0.7144271680772701,True,0.6812075320470733,0.49826543166352716,0.18294210038354614,0.2458438173088336,0.7506870460182207,0.5048432287093871,True,raw_bbox,full-frame semantic union,Evaluation-only; no localization crop used.,,,,,,,,
Cx22-Multi-Test:000079,00556,78,0.14876714305837335,0.18750233723495754,0.11003194888178913,29822,130624,1490,14160,9,9,2,2,1,False,0.04996311447924351,0.10840274375306222,0.05843962927381871,0.0,0.6073483078617503,0.6073483078617503,True,0.8075855912699452,0.5497884226168106,0.2577971686531346,0.29736680826211703,0.8022100369715042,0.5048432287093871,False,raw_bbox,full-frame semantic union,Evaluation-only; no localization crop used.,,,,,,,,
Cx22-Multi-Test:000080,00557,79,0.2000014484802576,0.29209251744519743,0.10791037951531779,57790,140832,1758,20112,13,13,11,11,1,False,0.030420487973697872,0.14280845262440353,0.11238796465070566,0.0,0.6417540167330916,0.6417540167330916,True,0.8088789923416608,0.5184571280319142,0.2904218643097466,0.26603551367722067,0.7708787423866078,0.5048432287093871,False,raw_bbox,full-frame semantic union,Evaluation-only; no localization crop used.,,,,,,,,
Cx22-Multi-Test:000081,00557,80,0.209544583752857,0.2989799773328296,0.12010919017288443,53760,158000,1303,4192,8,8,5,5,2,True,0.02423735119047619,0.026531645569620253,0.002294294379144062,0.0,0.5254772096783084,0.5254772096783084,True,0.8113157820911454,0.3860543531102163,0.4252614289809291,0.13363273875552273,0.6384759674649099,0.5048432287093871,False,raw_bbox,full-frame semantic union,Evaluation-only; no localization crop used.,,,,,,,,
Cx22-Multi-Test:000082,00558,81,0.18301257746319968,0.2194107173214749,0.14661443760492446,29251,82512,1223,7712,11,11,9,9,2,True,0.04181053639191822,0.09346519294163273,0.05165465654971451,0.0,0.5924107570503208,0.5924107570503208,True,0.8515629145714333,0.5825505968652782,0.2690123177061551,0.33012898251058465,0.8349722112199718,0.5048432287093871,False,raw_bbox,full-frame semantic union,Evaluation-only; no localization crop used.,,,,,,,,
Cx22-Multi-Test:000083,00562,82,0.22430830114352304,0.3252280203349282,0.12338858195211787,37024,69984,1474,14816,16,16,3,11,1,False,0.03981201382886776,0.211705532693187,0.17189351886431925,0.0,0.7106510968018751,0.7106510968018751,True,0.81371932186814,0.33450562574328807,0.47921369612485193,0.0820840113885945,0.5869272400979817,0.5048432287093871,False,raw_bbox,full-frame semantic union,Evaluation-only; no localization crop used.,,,,,,,,
Cx22-Multi-Test:000084,00563,83,0.29935625334068383,0.4021911152379451,0.19652139144342262,42405,128832,1092,8912,6,6,1,3,1,False,0.025751680226388397,0.06917536015896672,0.04342367993257833,0.0,0.5681209242676548,0.5681209242676548,True,0.8047488908824174,0.3206785554458546,0.4840703354365628,0.06825694109116104,0.5731001698005482,0.5048432287093871,False,raw_bbox,full-frame semantic union,Evaluation-only; no localization crop used.,,,,,,,,
Cx22-Multi-Test:000085,00564,84,0.1745321726051719,0.2811776864145941,0.0678866587957497,48748,129296,1076,9088,19,19,14,1,2,True,0.022072700418478707,0.07028833065214701,0.0482156302336683,0.0,0.5692338947608351,0.5692338947608351,True,0.8658143103009487,0.5989393501999951,0.2668749601009536,0.34651773584530154,0.8513609645546887,0.5048432287093871,False,raw_bbox,full-frame semantic union,Evaluation-only; no localization crop used.,,,,,,,,
Cx22-Multi-Test:000086,00565,85,0.10912514398808948,0.17495155760918168,0.04329873036699726,52784,161904,1081,24832,26,26,22,21,2,True,0.020479690815398605,0.153374839411009,0.13289514859561039,0.0,0.652320403519697,0.652320403519697,True,0.7192256688326983,0.35376444464254075,0.3654612241901576,0.10134283028784719,0.6061860589972343,0.5048432287093871,False,raw_bbox,full-frame semantic union,Evaluation-only; no localization crop used.,,,,,,,,
Cx22-Multi-Test:000087,00568,86,0.2899764612054078,0.46029067874374685,0.11966224366706876,38988,96144,1089,3056,18,18,11,9,2,True,0.027931671283471838,0.03178565485105675,0.0038539835675849114,0.0,0.5307312189597448,0.5307312189597448,True,0.8850546283076364,0.6631191121837526,0.22193551612388374,0.41069749782905907,0.9155407265384462,0.5048432287093871,True,raw_bbox,full-frame semantic union,Evaluation-only; no localization crop used.,,,,,,,,
Cx22-Multi-Test:000088,00569,87,0.17633861103183654,0.2232036045302595,0.12947361753341358,36150,142736,1531,14256,17,17,2,4,1,False,0.04235131396957123,0.0998766954377312,0.05752538146815997,0.0,0.5988222595464192,0.5988222595464192,True,0.3962048799522052,0.5370636885415642,0.14085880858935895,0.2846420741868706,0.7894853028962577,0.5048432287093871,True,raw_bbox,full-frame semantic union,Evaluation-only; no localization crop used.,,,,,,,,
Cx22-Multi-Test:000089,00570,88,0.1553613161638517,0.19049036544850498,0.12023226687919845,52941,135184,2094,15472,9,9,6,7,1,False,0.03955346517821726,0.11445141436856433,0.07489794919034706,0.0,0.6133969784772524,0.6133969784772524,True,0.7752199060333549,0.5186779889900396,0.2565419170433153,0.266256374635346,0.7710996033447332,0.5048432287093871,False,raw_bbox,full-frame semantic union,Evaluation-only; no localization crop used.,,,,,,,,
Cx22-Multi-Test:000090,00572,89,0.15002164433159904,0.21647903981777564,0.08356424884542243,48280,134352,1301,17104,10,10,9,9,1,False,0.026946975973487986,0.12730737168036205,0.10036039570687406,0.0,0.6262529357890501,0.6262529357890501,True,0.8002805275343048,0.334603524544276,0.4656770029900288,0.08218191018958243,0.5870251388989696,0.5048432287093871,False,raw_bbox,full-frame semantic union,Evaluation-only; no localization crop used.,,,,,,,,
Cx22-Multi-Test:000091,00575,90,0.3671185633141724,0.3485793359613266,0.3856577906670182,71030,148656,5653,13312,9,9,8,6,3,True,0.07958609038434464,0.08954902593908083,0.009962935554736194,0.0,0.5884945900477689,0.5884945900477689,True,0.8324667146744292,0.24064526398675268,0.5918214506876766,0.0,0.49306687834144625,0.49306687834144625,False,raw_bbox,full-frame semantic union,Evaluation-only; no localization crop used.,,,,,,,,
Cx22-Multi-Test:000092,00576,91,0.12781016487731003,0.18807244736994244,0.06754788238467764,34873,86208,855,17680,9,9,1,0,2,True,0.02451753505577381,0.2050853749072012,0.18056783985142738,0.0,0.7040309390158892,0.7040309390158892,True,0.8182417982490445,0.3219653269694505,0.496276471279594,0.06954371261475695,0.574386941324144,0.5048432287093871,False,raw_bbox,full-frame semantic union,Evaluation-only; no localization crop used.,,,,,,,,
Cx22-Multi-Test:000093,00576,92,0.22611605840029014,0.37227743524356804,0.07995468155701221,46975,124784,837,11520,7,7,4,5,1,False,0.017817988291644493,0.09231952814463393,0.07450153985298943,0.0,0.591265092253322,0.591265092253322,True,0.8299692850854005,0.6261331918802088,0.2038360932051917,0.3737115775255152,0.8785548062349023,0.5048432287093871,True,raw_bbox,full-frame semantic union,Evaluation-only; no localization crop used.,,,,,,,,
Cx22-Multi-Test:000094,00577,93,0.18318084278179242,0.274255737704918,0.09210594785866681,73617,117008,2386,36048,12,12,5,9,2,True,0.032410992026298276,0.30808149870094353,0.27567050667464527,0.0,0.8070270628096317,0.8070270628096317,True,0.8266835442697695,0.29963602538842776,0.5270475188813417,0.047214411033734194,0.5520576397431214,0.5048432287093871,False,raw_bbox,full-frame semantic union,Evaluation-only; no localization crop used.,,,,,,,,
Cx22-Multi-Test:000095,00578,94,0.3757274018593889,0.5224587466972431,0.22899605702153472,37426,82928,1426,5168,10,10,9,4,2,True,0.03810185432586972,0.06231912020065599,0.024217265874786273,0.0,0.5612646843093441,0.5612646843093441,True,0.7803945168993935,0.5110469616838869,0.2693475552155067,0.2586253473291933,0.7634685760385804,0.5048432287093871,False,raw_bbox,full-frame semantic union,Evaluation-only; no localization crop used.,,,,,,,,
Cx22-Multi-Test:000096,00579,95,0.34441485733231775,0.48598540328739,0.2028443113772455,58962,100800,1584,6432,17,17,8,4,1,False,0.026864760354126386,0.06380952380952382,0.036944763455397434,0.0,0.5627550879182119,0.5627550879182119,True,0.8185820856206886,0.32570533745340446,0.4928767481672841,0.0732837230987109,0.578126951808098,0.5048432287093871,False,raw_bbox,full-frame semantic union,Evaluation-only; no localization crop used.,,,,,,,,
Cx22-Multi-Test:000097,00580,96,0.21374840332485562,0.2847083661303215,0.1427884405193897,60127,103760,3161,19712,11,11,2,6,2,True,0.05257205581519118,0.18997686969930608,0.1374048138841149,0.0,0.6889224338079941,0.6889224338079941,True,0.7166241849628461,0.1953216078363517,0.5213025771264944,0.0,0.44774322219104523,0.44774322219104523,False,raw_bbox,full-frame semantic union,Evaluation-only; no localization crop used.,,,,,,,,
Cx22-Multi-Test:000098,00581,97,0.10676621332788949,0.1745985358797142,0.0389338907760648,29626,107248,422,7232,7,7,6,2,2,True,0.0142442449200027,0.06743249291362077,0.05318824799361807,0.0,0.5663780570223088,0.5663780570223088,True,0.8628202946913419,0.555375433186935,0.30744486150440686,0.3029538188322415,0.8077970475416286,0.5048432287093871,False,raw_bbox,full-frame semantic union,Evaluation-only; no localization crop used.,,,,,,,,
Cx22-Multi-Test:000099,00582,98,0.09003108479014145,0.14873057689098787,0.031331592689295036,80551,117216,2388,32848,8,8,4,2,2,True,0.02964581445295527,0.2802347802347802,0.25058896578182493,0.0,0.7791803443434683,0.7791803443434683,True,0.7730139093804278,0.38629896496512,0.3867149444153078,0.13387735061042644,0.6387205793198136,0.5048432287093871,False,raw_bbox,full-frame semantic union,Evaluation-only; no localization crop used.,,,,,,,,
Cx22-Multi-Test:000100,00584,99,0.19329456879376303,0.28852135171486215,0.09806778587266392,49296,141040,1993,13792,13,13,6,11,1,False,0.04042924375202856,0.09778786159954622,0.05735861784751766,0.0,0.5967334257082343,0.5967334257082343,True,0.8017585217479589,0.5712865274422738,0.2304719943056851,0.31886491308758025,0.8237081417969674,0.5048432287093871,True,raw_bbox,full-frame semantic union,Evaluation-only; no localization crop used.,,,,,,,,
Cx22-Multi-Test:000001,00477,0,0.2497083346369886,0.44411965312286855,0.05529701615110868,5722,4541,109,3544,,,,,1,False,0.019049283467319118,0.7804448359392204,0.7613955524719013,0.28149927183053236,1.2793904000479084,0.997891128217376,False,0.7803922306740638,0.6496772582517777,0.13071497242228614,0.3972556438970841,0.9020988726064713,0.5048432287093871,True,scale_normalized,largest matched target instance,Crop centre and scale only; never model input or prediction guidance.,13,11,"[379, 3, 487, 111]",108,0.5057373046875,0.00933837890625,0.4896240234375,0.49896240234375
Cx22-Multi-Test:000002,00478,1,0.7098104673026846,0.7556698144424364,0.6639511201629328,15845,23442,237,254,,,,,3,True,0.014957399810665826,0.010835252964764099,0.004122146845901727,0.0,0.5097808170734521,0.5097808170734521,True,0.7983465045547403,0.7382922197978818,0.06005428475685848,0.4858706054431883,0.9907138341525754,0.5048432287093871,True,scale_normalized,largest matched target instance,Crop centre and scale only; never model input or prediction guidance.,6,5,"[314, 186, 498, 370]",184,0.5057373046875,0.00689697265625,0.4676513671875,0.47454833984375
Cx22-Multi-Test:000003,00478,2,0.9134135373385249,0.9184937413437165,0.9083333333333333,18261,20006,231,249,,,,,1,False,0.012649909643502547,0.012446266120163951,0.0002036435233385963,0.0,0.511391830228852,0.511391830228852,True,0.7458277123603125,0.6902855696620549,0.055542142698257635,0.43786395530736133,0.9427071840167485,0.5048432287093871,True,scale_normalized,largest matched target instance,Crop centre and scale only; never model input or prediction guidance.,8,1,"[118, 234, 310, 426]",192,0.5057373046875,0.006103515625,0.49554443359375,0.50164794921875
Cx22-Multi-Test:000004,00478,3,0.43742961874077224,0.7232187632604251,0.15164047422111937,13715,12208,275,3352,,,,,1,False,0.02005103900838498,0.2745740498034076,0.2545230107950226,0.0,0.7735196139120957,0.7735196139120957,True,0.7836805616312813,0.5645958844890426,0.21908467714223867,0.31217427013434906,0.8170174988437362,0.5048432287093871,True,scale_normalized,largest matched target instance,Crop centre and scale only; never model input or prediction guidance.,3,1,"[334, 150, 501, 317]",167,0.5057373046875,0.0098876953125,0.49169921875,0.5015869140625
Cx22-Multi-Test:000005,00479,4,0.47317733115595556,0.7753240216433874,0.17103064066852366,15299,16489,307,3283,,,,,1,False,0.02006667102424995,0.19910243192431318,0.17903576090006323,0.0,0.6980479960330013,0.6980479960330013,True,0.8079084537604291,0.34514895071623947,0.4627595030441896,0.0927273363615459,0.5975705650709331,0.5048432287093871,False,scale_normalized,largest matched target instance,Crop centre and scale only; never model input or prediction guidance.,6,1,"[100, -23, 276, 153]",176,0.5057373046875,0.0101318359375,0.49224853515625,0.50238037109375
Cx22-Multi-Test:000006,00480,5,0.12595839499484393,0.24064171122994651,0.011275078759741337,14258,5564,68,11994,,,,,1,False,0.004769252349558143,2.1556434219985623,2.150874169649004,1.6566978578898741,2.6545889861072505,0.9978911282173764,False,0.7120283191868536,0.6755618059717879,0.036466513215065666,0.4231401916170944,0.9279834203264815,0.5048432287093871,True,scale_normalized,largest matched target instance,Crop centre and scale only; never model input or prediction guidance.,10,11,"[320, 162, 489, 331]",169,0.5057373046875,0.00244140625,0.49957275390625,0.50201416015625
Cx22-Multi-Test:000007,00480,6,0.34549240161441885,0.6524857778877071,0.0384990253411306,10403,9812,79,4025,,,,,2,True,0.007593963279823128,0.4102119853240929,0.4026180220442698,0.0,0.909157549432781,0.909157549432781,True,0.7086539126157011,0.238827762036484,0.46982615057921706,0.0,0.4912493763911776,0.4912493763911776,False,scale_normalized,largest matched target instance,Crop centre and scale only; never model input or prediction guidance.,6,7,"[193, 101, 338, 246]",145,0.5057373046875,0.0037841796875,0.49468994140625,0.49847412109375
Cx22-Multi-Test:000008,00482,7,0.7294739455474293,0.8559824874704764,0.6029654036243822,18080,16638,424,183,,,,,3,True,0.023451327433628318,0.010998918139199423,0.012452409294428896,0.0,0.5099444822478875,0.5099444822478875,True,0.7666222973913192,0.6529037380491782,0.11371855934214092,0.40048212369448466,0.9053253524038718,0.5048432287093871,True,scale_normalized,largest matched target instance,Crop centre and scale only; never model input or prediction guidance.,2,2,"[97, 171, 289, 363]",192,0.5057373046875,0.0111083984375,0.49029541015625,0.50140380859375
Cx22-Multi-Test:000009,00483,8,0.5906605967502976,0.8798857868020304,0.3014354066985646,14115,17405,185,233,,,,,4,True,0.013106624158696423,0.01338695777075553,0.0002803336120591072,0.0,0.5123325218794436,0.5123325218794436,True,0.7737818033181993,0.6692739209346286,0.10450788238357078,0.416852306579935,0.9216955352893221,0.5048432287093871,True,scale_normalized,largest matched target instance,Crop centre and scale only; never model input or prediction guidance.,7,5,"[237, 243, 406, 412]",169,0.5057373046875,0.00665283203125,0.49365234375,0.50030517578125
Cx22-Multi-Test:000010,00485,9,0.8484274777414985,0.8370763576970192,0.8597785977859779,11337,15602,307,235,,,,,2,True,0.02707947428773044,0.015062171516472248,0.012017302771258192,0.0,0.5140077356251603,0.5140077356251603,True,0.7922617141760183,0.8053268605866952,0.013065146410676909,0.5529052462320017,1.0,0.44709475376799834,True,scale_normalized,largest matched target instance,Crop centre and scale only; never model input or prediction guidance.,0,1,"[204, 74, 356, 226]",152,0.5057373046875,0.01312255859375,0.49017333984375,0.5032958984375
Cx22-Multi-Test:000011,00485,10,0.8715473967921488,0.9240471745366786,0.819047619047619,20491,23431,177,243,,,,,1,False,0.008637938607193403,0.010370876189663267,0.0017329375824698644,0.0,0.5093164402983513,0.5093164402983513,True,0.7803501634546878,0.7434742809372067,0.036875882517481084,0.4910526665825131,0.9958958952919003,0.5048432287093871,True,scale_normalized,largest matched target instance,Crop centre and scale only; never model input or prediction guidance.,1,0,"[-8, 8, 195, 211]",203,0.5057373046875,0.00439453125,0.49725341796875,0.50164794921875
Cx22-Multi-Test:000012,00487,11,0.8393354208221437,0.8879731672256828,0.7906976744186046,4687,5748,70,102,,,,,1,False,0.014934926392148495,0.017745302713987474,0.002810376321838979,0.0,0.5166908668226755,0.5166908668226755,True,0.780144673267672,0.7979331457011438,0.017788472433471814,0.5455115313464503,1.0,0.45448846865354975,True,scale_normalized,largest matched target instance,Crop centre and scale only; never model input or prediction guidance.,2,3,"[252, 37, 349, 134]",97,0.5057373046875,0.0069580078125,0.498291015625,0.5052490234375
Cx22-Multi-Test:000013,00488,12,0.7554574779843166,0.8611385029134917,0.6497764530551415,9805,12505,258,413,,,,,1,False,0.026313105558388578,0.03302678928428628,0.006713683725897705,0.0,0.5319723533929743,0.5319723533929743,True,0.8034814299816008,0.7199129953961175,0.08356843458548324,0.46749138104142396,0.9723346097508111,0.5048432287093871,True,scale_normalized,largest matched target instance,Crop centre and scale only; never model input or prediction guidance.,0,2,"[154, -9, 296, 133]",142,0.5057373046875,0.0123291015625,0.48516845703125,0.49749755859375
Cx22-Multi-Test:000014,00488,13,0.8503911395123014,0.825184192900201,0.8755980861244019,8127,11282,233,185,,,,,1,False,0.028669865879168206,0.016397801808190036,0.01227206407097817,0.0,0.5153433659168781,0.5153433659168781,True,0.7239864386433409,0.810089777410048,0.08610333876670706,0.5576681630553544,1.0,0.4423318369446456,True,scale_normalized,largest matched target instance,Crop centre and scale only; never model input or prediction guidance.,4,4,"[211, -14, 341, 116]",130,0.5057373046875,0.01422119140625,0.4803466796875,0.49456787109375
Cx22-Multi-Test:000015,00489,14,0.8377946930523164,0.8700014932059131,0.8055878928987195,14748,18737,386,473,,,,,2,True,0.02617304041225929,0.025244169290708225,0.0009288711215510656,0.0,0.5241897333993963,0.5241897333993963,True,0.8298487698673568,0.6210129554213606,0.2088358144459962,0.368591341066667,0.8734345697760542,0.5048432287093871,True,scale_normalized,largest matched target instance,Crop centre and scale only; never model input or prediction guidance.,3,3,"[205, 285, 378, 458]",173,0.5057373046875,0.012939453125,0.49432373046875,0.50726318359375
Cx22-Multi-Test:000016,00489,15,0.8863728382588961,0.8949560909705021,0.8777895855472901,7982,9782,508,433,,,,,2,True,0.06364319719368579,0.04426497648742588,0.019378220706259906,0.0,0.543210540596114,0.543210540596114,True,0.813568255535554,0.846462404426713,0.03289414889115905,0.5940407900720195,1.0,0.4059592099279805,True,scale_normalized,largest matched target instance,Crop centre and scale only; never model input or prediction guidance.,8,8,"[318, 163, 448, 293]",130,0.5057373046875,0.031005859375,0.46783447265625,0.49884033203125
Cx22-Multi-Test:000017,00490,16,0.6391988028087947,0.8972211350293542,0.3811764705882353,6003,6772,87,338,,,,,1,False,0.014492753623188406,0.04991139988186651,0.035418646258678105,0.0,0.5488569639905546,0.5488569639905546,True,0.7920177726271909,0.6901871312825456,0.10183064134464526,0.43776551692785204,0.9426087456372392,0.5048432287093871,True,scale_normalized,largest matched target instance,Crop centre and scale only; never model input or prediction guidance.,9,2,"[221, 16, 331, 126]",110,0.5057373046875,0.0072021484375,0.497314453125,0.5045166015625
Cx22-Multi-Test:000018,00490,17,0.8244340152997401,0.8607492187182921,0.7881188118811882,10637,14002,273,232,,,,,1,False,0.025665131145999814,0.016569061562633908,0.009096069583365906,0.0,0.515514625671322,0.515514625671322,True,0.671765690342841,0.6791171263118987,0.00735143596905774,0.4266955119572051,0.9315387406665923,0.5048432287093871,True,scale_normalized,largest matched target instance,Crop centre and scale only; never model input or prediction guidance.,0,3,"[-9, 33, 138, 180]",147,0.5057373046875,0.01239013671875,0.4913330078125,0.50372314453125
Cx22-Multi-Test:000019,00491,18,0.8001850986176642,0.8978612366618517,0.7025089605734767,20165,22757,362,196,,,,,2,True,0.01795189685097942,0.008612734543217471,0.00933916230776195,0.0,0.5075582986519055,0.5075582986519055,True,0.7831129449269728,0.7111507168530324,0.07196222807394037,0.45872910249833887,0.963572331207726,0.5048432287093871,True,scale_normalized,largest matched target instance,Crop centre and scale only; never model input or prediction guidance.,7,5,"[223, 142, 425, 344]",202,0.5057373046875,0.0089111328125,0.49432373046875,0.50323486328125
Cx22-Multi-Test:000020,00492,19,0.634599012269185,0.8792053828900993,0.3899926416482708,13652,14437,266,1093,,,,,4,True,0.01948432464107823,0.07570824963635105,0.05622392499527282,0.0,0.5746538137450391,0.5746538137450391,True,0.8215204101464962,0.26001087727786204,0.5615095328686341,0.007589262923168472,0.5124324916325556,0.5048432287093871,False,scale_normalized,largest matched target instance,Crop centre and scale only; never model input or prediction guidance.,4,4,"[174, 298, 340, 464]",166,0.5057373046875,0.0096435546875,0.4952392578125,0.5048828125
Cx22-Multi-Test:000021,00493,20,0.42148948187713003,0.7430270175745388,0.0999519461797213,6123,5314,104,1977,,,,,1,False,0.016985138004246284,0.3720361309747836,0.3550509929705373,0.0,0.8709816950834717,0.8709816950834717,True,0.7428451781348111,0.22482946874799462,0.5180157093868165,0.0,0.47725108310268816,0.47725108310268816,False,scale_normalized,largest matched target instance,Crop centre and scale only; never model input or prediction guidance.,5,2,"[2, 81, 113, 192]",111,0.5057373046875,0.008056640625,0.49676513671875,0.50482177734375
Cx22-Multi-Test:000022,00493,21,0.3575171976910335,0.5946080052927556,0.12042639008931144,6811,5281,215,3256,,,,,1,False,0.03156658346791954,0.6165498958530581,0.5849833123851386,0.11760433174437002,1.1154954599617461,0.9978911282173761,False,0.7763701535268707,0.4271526439790684,0.3492175095478023,0.1747310296243748,0.679574258333762,0.5048432287093871,False,scale_normalized,largest matched target instance,Crop centre and scale only; never model input or prediction guidance.,5,4,"[9, 362, 148, 501]",139,0.5057373046875,0.0108642578125,0.3558349609375,0.36669921875
Cx22-Multi-Test:000023,00494,22,0.5153809454666142,0.833578792341679,0.19718309859154928,2884,3227,38,104,,,,,1,False,0.013176144244105409,0.03222807561202355,0.01905193136791814,0.0,0.5311736397207116,0.5311736397207116,True,0.8384632543695658,0.7106922624086679,0.12777099196089792,0.4582706480539743,0.9631138767633615,0.5048432287093871,True,scale_normalized,largest matched target instance,Crop centre and scale only; never model input or prediction guidance.,7,7,"[72, 116, 149, 193]",77,0.5057373046875,0.0064697265625,0.484619140625,0.4910888671875
Cx22-Multi-Test:000024,00496,23,0.4133831834149445,0.6958354358989581,0.13093093093093094,19164,14525,457,6203,,,,,1,False,0.023846796075975788,0.42705679862306367,0.4032100025470879,0.0,0.9260023627317517,0.9260023627317517,True,0.8148802204805685,0.26995882280583355,0.5449213976747349,0.017537208451139985,0.5223804371605272,0.5048432287093871,False,scale_normalized,largest matched target instance,Crop centre and scale only; never model input or prediction guidance.,2,4,"[225, 202, 422, 399]",197,0.5057373046875,0.011962890625,0.493896484375,0.505859375
Cx22-Multi-Test:000025,00497,24,0.07802082179679248,0.12461320268179474,0.031428440911790236,22522,8502,344,21547,,,,,2,True,0.015273954355741054,2.5343448600329332,2.519070905677192,2.035399295924245,3.0332904241416214,0.9978911282173764,False,0.7894964111518215,0.6445529565937737,0.1449434545580478,0.3921313422390801,0.8969745709484672,0.5048432287093871,True,scale_normalized,largest matched target instance,Crop centre and scale only; never model input or prediction guidance.,5,5,"[181, 149, 394, 362]",213,0.5057373046875,0.0074462890625,0.497314453125,0.5047607421875
Cx22-Multi-Test:000026,00498,25,0.6614672393844138,0.8819895968790638,0.4409448818897638,5562,6742,65,189,,,,,1,False,0.011686443725278677,0.028033224562444378,0.016346780837165703,0.0,0.5269787886711325,0.5269787886711325,True,0.8250857979945132,0.5393218758353538,0.28576392215915936,0.2869002614806603,0.7917434901900474,0.5048432287093871,False,scale_normalized,largest matched target instance,Crop centre and scale only; never model input or prediction guidance.,2,2,"[16, 101, 122, 207]",106,0.5057373046875,0.00567626953125,0.49627685546875,0.501953125
Cx22-Multi-Test:000027,00499,26,0.3433405367201876,0.6236351182561747,0.06304595518420053,13179,11640,166,5100,,,,,3,True,0.012595796342666363,0.4381443298969072,0.4255485335542408,0.0,0.9370898940055953,0.9370898940055953,True,0.8146119618061203,0.23611213628490269,0.5784998255212176,0.0,0.48853375063959625,0.48853375063959625,False,scale_normalized,largest matched target instance,Crop centre and scale only; never model input or prediction guidance.,7,7,"[233, -22, 399, 144]",166,0.5057373046875,0.005859375,0.47882080078125,0.48468017578125
Cx22-Multi-Test:000028,00500,27,0.4873044104642406,0.8482071899396942,0.12640163098878696,9919,11472,63,918,,,,,3,True,0.006351446718419196,0.08002092050209204,0.07366947378367285,0.0,0.5789664846107802,0.5789664846107802,True,0.793351728840878,0.46006811602386066,0.33328361281701735,0.2076465016691671,0.7124897303785542,0.5048432287093871,False,scale_normalized,largest matched target instance,Crop centre and scale only; never model input or prediction guidance.,14,14,"[386, 266, 527, 407]",141,0.5057373046875,0.00323486328125,0.49725341796875,0.50048828125
Cx22-Multi-Test:000029,00501,28,0.5445080621584546,0.7961859356376639,0.29283018867924526,9956,12697,194,1131,,,,,1,False,0.019485737243873043,0.08907615972276915,0.0695904224788961,0.0,0.5880217238314572,0.5880217238314572,True,0.7761923967365711,0.5823309026522362,0.19386149408433495,0.3299092882975426,0.8347525170069298,0.5048432287093871,True,scale_normalized,largest matched target instance,Crop centre and scale only; never model input or prediction guidance.,2,1,"[222, 83, 364, 225]",142,0.5057373046875,0.01007080078125,0.49298095703125,0.5030517578125
Cx22-Multi-Test:000030,00501,29,0.7200385801783222,0.8702141466580143,0.5698630136986301,4214,5032,110,255,,,,,1,False,0.026103464641670623,0.05067567567567568,0.024572211034005056,0.0,0.5496212397843637,0.5496212397843637,True,0.788921117312451,0.8400943789759613,0.05117326166351033,0.5876727646212677,1.0,0.4123272353787323,True,scale_normalized,largest matched target instance,Crop centre and scale only; never model input or prediction guidance.,2,0,"[-4, 133, 89, 226]",93,0.5057373046875,0.0123291015625,0.48748779296875,0.49981689453125
Cx22-Multi-Test:000031,00502,30,0.5367266918072287,0.8122161784520185,0.2612372051624388,19667,20411,590,3904,,,,,2,True,0.029999491534041797,0.19126941355151633,0.16126992201747453,0.0,0.6902149776602045,0.6902149776602045,True,0.7967218586592105,0.4524590023714343,0.3442628562877762,0.20003738801674076,0.7048806167261279,0.5048432287093871,False,scale_normalized,largest matched target instance,Crop centre and scale only; never model input or prediction guidance.,8,8,"[293, 269, 494, 470]",201,0.5057373046875,0.0145263671875,0.487060546875,0.5015869140625
Cx22-Multi-Test:000032,00502,31,0.8468593745455315,0.913471835510816,0.7802469135802469,8693,9983,169,236,,,,,2,True,0.019440929483492464,0.023640188320144244,0.00419925883665178,0.0,0.5225857524288323,0.5225857524288323,True,0.8030940594508736,0.8514205943243266,0.04832653487345295,0.598998979969633,1.0,0.401001020030367,True,scale_normalized,largest matched target instance,Crop centre and scale only; never model input or prediction guidance.,2,2,"[109, 158, 242, 291]",133,0.5057373046875,0.00946044921875,0.4912109375,0.50067138671875
Cx22-Multi-Test:000033,00503,32,0.8932347174845052,0.8952874462260462,0.8911819887429644,9326,11130,520,546,,,,,3,True,0.05575809564657946,0.04905660377358491,0.006701491872994549,0.0,0.548002167882273,0.548002167882273,True,0.8146202957681649,0.86371601011893,0.049095714350765096,0.6112943957642364,1.0,0.3887056042357636,True,scale_normalized,largest matched target instance,Crop centre and scale only; never model input or prediction guidance.,4,4,"[58, 38, 198, 178]",140,0.5057373046875,0.02642822265625,0.4769287109375,0.50335693359375
Cx22-Multi-Test:000034,00505,33,0.5888667698242347,0.8495850198291017,0.32814851981936777,12588,11871,327,1666,,,,,1,False,0.025977121067683507,0.1403420099401904,0.11436488887250688,0.0,0.6392875740488785,0.6392875740488785,True,0.7293137638999073,0.3059092082099234,0.4234045556899839,0.05348759385522983,0.558330822564617,0.5048432287093871,False,scale_normalized,largest matched target instance,Crop centre and scale only; never model input or prediction guidance.,3,3,"[133, 158, 293, 318]",160,0.5057373046875,0.0126953125,0.4925537109375,0.5052490234375
Cx22-Multi-Test:000035,00505,34,0.14046740818404074,0.23997959248748446,0.04095522388059702,19812,11549,343,16407,,,,,2,True,0.017312739753684636,1.4206424798683868,1.4033297401147022,0.9216969157596987,1.919588043977075,0.9978911282173762,False,0.8408588636677646,0.49289653511787235,0.3479623285498923,0.24047492076317878,0.7453181494725659,0.5048432287093871,False,scale_normalized,largest matched target instance,Crop centre and scale only; never model input or prediction guidance.,1,3,"[155, 32, 355, 232]",200,0.5057373046875,0.0087890625,0.4952392578125,0.5040283203125
Cx22-Multi-Test:000036,00507,35,0.8464749330122714,0.8323729429476198,0.8605769230769231,16391,22135,237,179,,,,,2,True,0.014459154414007688,0.008086740456290943,0.006372413957716745,0.0,0.507032304564979,0.507032304564979,True,0.8409528396958356,0.7117917648176433,0.12916107487819228,0.4593701504629497,0.9642133791723368,0.5048432287093871,True,scale_normalized,largest matched target instance,Crop centre and scale only; never model input or prediction guidance.,2,9,"[-9, 134, 173, 316]",182,0.5057373046875,0.00732421875,0.4952392578125,0.5025634765625
Cx22-Multi-Test:000037,00508,36,0.5864372740661401,0.8144329896907216,0.35844155844155845,2728,3286,69,316,,,,,2,True,0.025293255131964808,0.09616555082166768,0.07087229568970288,0.0,0.5951111149303557,0.5951111149303557,True,0.838463273094176,0.32635453133944115,0.5121087417547349,0.07393291698474758,0.5787761456941347,0.5048432287093871,False,scale_normalized,largest matched target instance,Crop centre and scale only; never model input or prediction guidance.,35,15,"[241, 145, 316, 220]",75,0.5057373046875,0.0123291015625,0.48541259765625,0.49774169921875
Cx22-Multi-Test:000038,00510,37,0.6610561025042512,0.8792550621513594,0.44285714285714284,11439,11328,174,526,,,,,2,True,0.015211119853134015,0.04643361581920904,0.03122249596607502,0.0,0.5453791799278971,0.5453791799278971,True,0.8476427175665993,0.33423491128899235,0.5134078062776068,0.08181329693429878,0.586656525643686,0.5048432287093871,False,scale_normalized,largest matched target instance,Crop centre and scale only; never model input or prediction guidance.,8,4,"[87, 118, 239, 270]",152,0.5057373046875,0.00762939453125,0.49365234375,0.50128173828125
Cx22-Multi-Test:000039,00513,38,0.0869246456060565,0.12578616352201258,0.04806312769010043,2892,1242,67,2721,,,,,1,False,0.023167358229598894,2.1908212560386473,2.1676538978090485,1.6918756919299591,2.6897668201473355,0.9978911282173764,False,0.8500323048667164,0.8224402523312588,0.0275920525354576,0.5700186379765653,1.0,0.42998136202343473,True,scale_normalized,largest matched target instance,Crop centre and scale only; never model input or prediction guidance.,2,7,"[231, 37, 308, 114]",77,0.5057373046875,0.01092529296875,0.486572265625,0.49749755859375
Cx22-Multi-Test:000040,00514,39,0.32761061532302377,0.543189844421113,0.11203138622493461,9814,11140,257,4331,,,,,3,True,0.026187079682086816,0.38877917414721724,0.3625920944651304,0.0,0.8877247382559053,0.8877247382559053,True,0.8176145461852959,0.7032972890022245,0.1143172571830714,0.450875674647531,0.9557189033569181,0.5048432287093871,True,scale_normalized,largest matched target instance,Crop centre and scale only; never model input or prediction guidance.,7,8,"[341, -8, 483, 134]",142,0.5057373046875,0.0126953125,0.48785400390625,0.50054931640625
Cx22-Multi-Test:000041,00515,40,0.3166406497672876,0.5939001462293713,0.03938115330520394,5603,3971,56,2788,,,,,1,False,0.009994645725504195,0.7020901536136993,0.6920955078881951,0.20314458950501124,1.2010357177223874,0.9978911282173761,False,0.7703163964362449,0.52297740519099,0.24733899124525494,0.27055579083629644,0.7753990195456836,0.5048432287093871,True,scale_normalized,largest matched target instance,Crop centre and scale only; never model input or prediction guidance.,2,3,"[-15, 340, 91, 446]",106,0.5057373046875,0.0047607421875,0.49951171875,0.5042724609375
Cx22-Multi-Test:000042,00517,41,0.5735437322534097,0.8981985756179305,0.24888888888888888,9107,9989,111,564,,,,,1,False,0.012188426485121336,0.056462108319151064,0.04427368183402973,0.0,0.5554076724278392,0.5554076724278392,True,0.7805637211630047,0.353263492834122,0.42730022832888265,0.10084187847942844,0.6056851071888156,0.5048432287093871,False,scale_normalized,largest matched target instance,Crop centre and scale only; never model input or prediction guidance.,12,4,"[31, 126, 167, 262]",136,0.5057373046875,0.00640869140625,0.49200439453125,0.4984130859375
Cx22-Multi-Test:000043,00517,42,0.38579618960184914,0.7274320073268825,0.044160371876815804,12456,12657,79,3363,,,,,1,False,0.006342324983943481,0.2657027731689974,0.2593604481850539,0.0,0.7646483372776854,0.7646483372776854,True,0.8515791872517922,0.1631087380245043,0.6884704492272878,0.0,0.4155303523791979,0.4155303523791979,False,scale_normalized,largest matched target instance,Crop centre and scale only; never model input or prediction guidance.,7,1,"[258, 45, 416, 203]",158,0.5057373046875,0.0032958984375,0.49884033203125,0.50213623046875
Cx22-Multi-Test:000044,00517,43,0.4469418599367013,0.74791215589236,0.14597156398104266,4539,5160,80,975,,,,,2,True,0.01762502753910553,0.18895348837209303,0.1713284608329875,0.0,0.6878990524807811,0.6878990524807811,True,0.7965296917720049,0.45438487299052893,0.342144818781476,0.20196325863583536,0.7068064873452224,0.5048432287093871,False,scale_normalized,largest matched target instance,Crop centre and scale only; never model input or prediction guidance.,4,1,"[31, 0, 127, 96]",96,0.5057373046875,0.008544921875,0.4921875,0.500732421875
Cx22-Multi-Test:000045,00518,44,0.2283941038921813,0.4225181598062954,0.03427004797806717,2063,1241,25,1434,,,,,2,True,0.012118274357731459,1.1555197421434327,1.1434014677857012,0.6565741780347446,1.6544653062521206,0.997891128217376,False,0.786078765420955,0.7107392169430954,0.07533954847785962,0.4583176025884018,0.963160831297789,0.5048432287093871,True,scale_normalized,largest matched target instance,Crop centre and scale only; never model input or prediction guidance.,10,29,"[175, 174, 240, 239]",65,0.5057373046875,0.006103515625,0.48565673828125,0.49176025390625
Cx22-Multi-Test:000046,00520,45,0.3058400014921754,0.5576259489302967,0.05405405405405406,1577,1321,22,792,,,,,1,False,0.013950538998097653,0.5995457986373959,0.5855952596392983,0.10060023452870781,1.098491362746084,0.9978911282173761,False,0.8982491906543908,0.1807831826462506,0.7174660080081402,0.0,0.43320479700094416,0.43320479700094416,False,scale_normalized,largest matched target instance,Crop centre and scale only; never model input or prediction guidance.,32,36,"[380, 120, 437, 177]",57,0.5057373046875,0.00714111328125,0.48675537109375,0.493896484375
Cx22-Multi-Test:000047,00521,46,0.4236624775925764,0.7744196233026719,0.07290533188248095,8319,7662,67,1771,,,,,1,False,0.00805385262651761,0.2311406943356826,0.22308684170916498,0.0,0.7300862584443707,0.7300862584443707,True,0.7750758579430699,0.554412167149147,0.2206636907939229,0.3019905527944534,0.8068337815038406,0.5048432287093871,True,scale_normalized,largest matched target instance,Crop centre and scale only; never model input or prediction guidance.,4,4,"[365, 73, 494, 202]",129,0.5057373046875,0.00408935546875,0.49737548828125,0.50146484375
Cx22-Multi-Test:000048,00522,47,0.44637184878109193,0.7139896737030663,0.1787540238591176,15170,13301,472,4809,,,,,2,True,0.031114040870138433,0.3615517630253364,0.330437722155198,0.0,0.8604973271340245,0.8604973271340245,True,0.8228819745008793,0.23524622454916266,0.5876357499517166,0.0,0.48766783890385623,0.48766783890385623,False,scale_normalized,largest matched target instance,Crop centre and scale only; never model input or prediction guidance.,6,1,"[99, 28, 275, 204]",176,0.5057373046875,0.01519775390625,0.49029541015625,0.5054931640625
Cx22-Multi-Test:000049,00523,48,0.6318007518586192,0.8739166899636567,0.38968481375358166,3325,3829,69,280,,,,,1,False,0.02075187969924812,0.07312614259597806,0.052374262896729945,0.0,0.5720717067046661,0.5720717067046661,True,0.7660880124880742,0.2393703066416256,0.5267177058464486,0.0,0.4917919209963192,0.4917919209963192,False,scale_normalized,largest matched target instance,Crop centre and scale only; never model input or prediction guidance.,0,5,"[354, 185, 436, 267]",82,0.5057373046875,0.01019287109375,0.49627685546875,0.5064697265625
Cx22-Multi-Test:000050,00524,49,0.6131632247361047,0.8718960697253741,0.35443037974683544,2709,3372,38,41,,,,,3,True,0.014027316352897749,0.012158956109134046,0.0018683602437637031,0.0,0.5111045202178222,0.5111045202178222,True,0.8384632543695658,0.8031141418478369,0.0353491125217289,0.5506925274931433,1.0,0.44930747250685665,True,scale_normalized,largest matched target instance,Crop centre and scale only; never model input or prediction guidance.,18,6,"[425, 8, 499, 82]",74,0.5057373046875,0.007080078125,0.49530029296875,0.50238037109375
Cx22-Multi-Test:000051,00526,50,0.18526913699776296,0.3343866704969836,0.036151603498542274,2235,1246,31,1684,,,,,1,False,0.013870246085011185,1.3515248796147672,1.337654633529756,0.8525793155060791,1.8504704437234554,0.9978911282173762,False,0.8867595726417237,0.6221248626345509,0.26463471000717276,0.36970324827985734,0.8745464769892445,0.5048432287093871,False,scale_normalized,largest matched target instance,Crop centre and scale only; never model input or prediction guidance.,5,12,"[195, 314, 262, 381]",67,0.5057373046875,0.0068359375,0.49920654296875,0.50604248046875
Cx22-Multi-Test:000052,00527,51,0.7946747085127133,0.8480052215060782,0.7413441955193483,5298,6959,217,274,,,,,2,True,0.04095885239713099,0.03937347320017244,0.0015853791969585515,0.0,0.5383190373088605,0.5383190373088605,True,0.803470202918745,0.6772432473787726,0.12622695553997243,0.42482163302407905,0.9296648617334662,0.5048432287093871,True,scale_normalized,largest matched target instance,Crop centre and scale only; never model input or prediction guidance.,4,4,"[243, 171, 348, 276]",105,0.5057373046875,0.01953125,0.48028564453125,0.49981689453125
Cx22-Multi-Test:000053,00527,52,0.4238776405893897,0.7515904271432899,0.09616485403548941,6559,6645,91,1656,,,,,1,False,0.013874066168623266,0.2492099322799097,0.23533586611128643,0.0,0.7481554963885978,0.7481554963885978,True,0.7762623915045705,0.5278250093304809,0.24843738217408962,0.27540339497578736,0.7802466236851745,0.5048432287093871,True,scale_normalized,largest matched target instance,Crop centre and scale only; never model input or prediction guidance.,3,3,"[280, 250, 395, 365]",115,0.5057373046875,0.00677490234375,0.4962158203125,0.50299072265625
Cx22-Multi-Test:000054,00528,53,0.13355445347662,0.15126632370399684,0.1158425832492432,14557,5659,861,14004,,,,,1,False,0.059146802225733326,2.4746421629263122,2.4154953607005787,1.975696598817624,2.9735877270350004,0.9978911282173764,False,0.7820797403446273,0.6813281811375772,0.10075155920705015,0.42890656678288364,0.9337497954922708,0.5048432287093871,True,scale_normalized,largest matched target instance,Crop centre and scale only; never model input or prediction guidance.,2,2,"[284, 173, 459, 348]",175,0.5057373046875,0.02813720703125,0.47540283203125,0.5035400390625
Cx22-Multi-Test:000055,00529,54,0.6643903875822685,0.8562069355020897,0.47257383966244726,4011,4842,166,308,,,,,3,True,0.04138618798304662,0.06361007847996696,0.022223890496920334,0.0,0.562555642588655,0.562555642588655,True,0.8380986914472578,0.41674680239020184,0.42135188905705595,0.16432518803550827,0.6691684167448955,0.5048432287093871,False,scale_normalized,largest matched target instance,Crop centre and scale only; never model input or prediction guidance.,17,15,"[351, 80, 445, 174]",94,0.5057373046875,0.01904296875,0.453369140625,0.472412109375
Cx22-Multi-Test:000056,00529,55,0.5339998309386786,0.5844175723251186,0.4835820895522388,2120,4413,117,218,,,,,2,True,0.05518867924528302,0.049399501472920916,0.005789177772362104,0.0,0.548345065581609,0.548345065581609,True,0.8486232453778072,0.803643759745167,0.044979485632640204,0.5512221453904734,1.0,0.44877785460952657,True,scale_normalized,largest matched target instance,Crop centre and scale only; never model input or prediction guidance.,13,19,"[324, 53, 409, 138]",85,0.5057373046875,0.0162353515625,0.29132080078125,0.30755615234375
Cx22-Multi-Test:000057,00531,56,0.7033067424838964,0.8780302206761604,0.5285832642916322,8840,9558,334,873,,,,,1,False,0.03778280542986425,0.09133709981167608,0.05355429438181183,0.0,0.5902826639203641,0.5902826639203641,True,0.827595239929822,0.624394530827158,0.20320070910266397,0.37197291647246444,0.8768161451818516,0.5048432287093871,True,scale_normalized,largest matched target instance,Crop centre and scale only; never model input or prediction guidance.,5,10,"[186, 18, 321, 153]",135,0.5057373046875,0.0179443359375,0.48712158203125,0.50506591796875
Cx22-Multi-Test:000058,00532,57,0.5490477727101013,0.7922934976386325,0.30580204778156994,16254,15719,673,3722,,,,,2,True,0.041405192567983265,0.23678351040142503,0.19537831783344178,0.0,0.735729074510113,0.735729074510113,True,0.7891101374756009,0.3848797491897609,0.40423038828583996,0.13245813483506735,0.6373013635444544,0.5048432287093871,False,scale_normalized,largest matched target instance,Crop centre and scale only; never model input or prediction guidance.,1,0,"[168, 61, 351, 244]",183,0.5057373046875,0.019775390625,0.4859619140625,0.5057373046875
Cx22-Multi-Test:000059,00532,58,0.5564744387002867,0.829740857350448,0.2832080200501253,8006,8510,230,1366,,,,,1,False,0.028728453659755182,0.16051703877790835,0.13178858511815317,0.0,0.6594626028865964,0.6594626028865964,True,0.8577305208567262,0.5281438212729788,0.3295866995837474,0.2757222069182852,0.7805654356276723,0.5048432287093871,False,scale_normalized,largest matched target instance,Crop centre and scale only; never model input or prediction guidance.,0,4,"[106, 110, 234, 238]",128,0.5057373046875,0.0140380859375,0.4886474609375,0.502685546875
Cx22-Multi-Test:000060,00533,59,0.8334203372801945,0.817370709896078,0.8494699646643109,20338,28641,790,625,,,,,2,True,0.03884354410463172,0.021821863761740164,0.017021680342891556,0.0,0.5207674278704282,0.5207674278704282,True,0.8200514894979472,0.7515232631634353,0.06852822633451183,0.49910164880874175,1.0,0.5008983511912583,True,scale_normalized,largest matched target instance,Crop centre and scale only; never model input or prediction guidance.,1,0,"[20, -14, 225, 191]",205,0.5057373046875,0.01885986328125,0.48504638671875,0.50390625
Cx22-Multi-Test:000061,00534,60,0.5425358539765319,0.7966101694915254,0.28846153846153844,2369,2705,75,445,,,,,1,False,0.031658927817644573,0.1645101663585952,0.13285123854095063,0.0,0.6634557304672832,0.6634557304672832,True,0.7689393938672696,0.45331613852408853,0.3156232553431811,0.20089452416939496,0.705737752878782,0.5048432287093871,False,scale_normalized,largest matched target instance,Crop centre and scale only; never model input or prediction guidance.,10,0,"[95, 29, 165, 99]",70,0.5057373046875,0.01495361328125,0.48516845703125,0.5001220703125
Cx22-Multi-Test:000062,00536,61,0.5368434706657138,0.842150015183723,0.2315369261477046,7762,8703,122,880,,,,,3,True,0.01571759855707292,0.10111455819832242,0.0853969596412495,0.0,0.6000601223070104,0.6000601223070104,True,0.7710867473448841,0.3033339227203391,0.46775282462454504,0.05091230836564553,0.5557555370750327,0.5048432287093871,False,scale_normalized,largest matched target instance,Crop centre and scale only; never model input or prediction guidance.,12,15,"[257, 402, 382, 527]",125,0.5057373046875,0.00799560546875,0.4998779296875,0.50787353515625
Cx22-Multi-Test:000063,00536,62,0.4525682214711972,0.8054800855540782,0.09965635738831616,8936,8363,91,1655,,,,,2,True,0.010183527305282006,0.19789549204830803,0.18771196474302604,0.0,0.6968410561569961,0.6968410561569961,True,0.7354101009334962,0.7549370979613935,0.019526997027897286,0.5025154836067,1.0,0.49748451639330005,True,scale_normalized,largest matched target instance,Crop centre and scale only; never model input or prediction guidance.,5,3,"[138, 199, 272, 333]",134,0.5057373046875,0.00555419921875,0.49658203125,0.50213623046875
Cx22-Multi-Test:000064,00538,63,0.4273177832832237,0.774433061903511,0.08020250466293631,29618,27487,301,7205,,,,,2,True,0.01016273887500844,0.26212391312256705,0.2519611742475586,0.0,0.7610694772312552,0.7610694772312552,True,0.8017043368079986,0.5348427064315188,0.2668616303764798,0.2824210920768252,0.7872643207862123,0.5048432287093871,False,scale_normalized,largest matched target instance,Crop centre and scale only; never model input or prediction guidance.,3,0,"[-36, 241, 208, 485]",244,0.5057373046875,0.00518798828125,0.49713134765625,0.5023193359375
Cx22-Multi-Test:000065,00539,64,0.8467008868324658,0.8831453634085213,0.8102564102564103,5782,6986,84,111,,,,,2,True,0.014527845036319613,0.01588892069853994,0.0013610756622203252,0.0,0.514834484807228,0.514834484807228,True,0.7280614607524778,0.8090594231490545,0.08099796239657675,0.556637808794361,1.0,0.443362191205639,True,scale_normalized,largest matched target instance,Crop centre and scale only; never model input or prediction guidance.,4,2,"[174, 309, 283, 418]",109,0.5057373046875,0.0068359375,0.4869384765625,0.4937744140625
Cx22-Multi-Test:000066,00540,65,0.7577537726858592,0.814777618364419,0.7007299270072993,5957,7983,112,162,,,,,5,True,0.01880141010575793,0.020293122886133032,0.0014917127803751005,0.0,0.5192386869948211,0.5192386869948211,True,0.8419279785611757,0.8596194268339203,0.017691448272744603,0.6071978124792268,1.0,0.3928021875207732,True,scale_normalized,largest matched target instance,Crop centre and scale only; never model input or prediction guidance.,15,10,"[75, 163, 185, 273]",110,0.5057373046875,0.00958251953125,0.49200439453125,0.5015869140625
Cx22-Multi-Test:000067,00542,66,0.488431178666871,0.7568281107583996,0.22003424657534246,13910,17907,257,2079,,,,,2,True,0.01847591660675773,0.11609984922097503,0.09762393261421731,0.0,0.6150454133296631,0.6150454133296631,True,0.7874829313836107,0.5538115209658675,0.2336714104177432,0.30138990661117393,0.8062331353205611,0.5048432287093871,True,scale_normalized,largest matched target instance,Crop centre and scale only; never model input or prediction guidance.,3,6,"[360, 214, 528, 382]",168,0.5057373046875,0.0093994140625,0.49407958984375,0.50347900390625
Cx22-Multi-Test:000068,00544,67,0.39867225160367703,0.5720885305111083,0.22525597269624573,8008,15803,166,1299,,,,,2,True,0.020729270729270728,0.08219958235778017,0.061470311628509446,0.0,0.5811451464664682,0.5811451464664682,True,0.7246108625959067,0.2875360939680017,0.43707476862790495,0.03511447961330816,0.5399577083226953,0.5048432287093871,False,scale_normalized,largest matched target instance,Crop centre and scale only; never model input or prediction guidance.,6,13,"[391, 141, 564, 314]",173,0.5057373046875,0.0054931640625,0.27117919921875,0.27667236328125
Cx22-Multi-Test:000069,00546,68,0.7941272704434456,0.8929420408868911,0.6953125,10621,12516,268,500,,,,,2,True,0.025233028904999528,0.039948865452221156,0.014715836547221629,0.0,0.5388944295609093,0.5388944295609093,True,0.6980555285377728,0.6659926566914276,0.03206287184634515,0.41357104233673403,0.9184142710461212,0.5048432287093871,True,scale_normalized,largest matched target instance,Crop centre and scale only; never model input or prediction guidance.,0,2,"[82, 98, 229, 245]",147,0.5057373046875,0.01287841796875,0.4892578125,0.50213623046875
Cx22-Multi-Test:000070,00546,69,0.5694106108705536,0.8081264108352144,0.3306948109058927,5049,5140,189,948,,,,,1,False,0.0374331550802139,0.18443579766536966,0.14700264258515577,0.0,0.6833813617740577,0.6833813617740577,True,0.7440263236987318,0.6334386562141535,0.11058766748457827,0.38101704185945995,0.8858602705688471,0.5048432287093871,True,scale_normalized,largest matched target instance,Crop centre and scale only; never model input or prediction guidance.,0,8,"[336, 268, 451, 383]",115,0.5057373046875,0.013916015625,0.38275146484375,0.39666748046875
Cx22-Multi-Test:000071,00547,70,0.8101992199846291,0.8294379879918571,0.7909604519774012,17052,21755,260,271,,,,,2,True,0.015247478301665493,0.012456906458285451,0.0027905718433800415,0.0,0.5114024705669735,0.5114024705669735,True,0.7885430369690016,0.7693451690388405,0.019197867930161094,0.516923554684147,1.0,0.48307644531585303,True,scale_normalized,largest matched target instance,Crop centre and scale only; never model input or prediction guidance.,2,2,"[168, 258, 357, 447]",189,0.5057373046875,0.00732421875,0.47918701171875,0.48651123046875
Cx22-Multi-Test:000072,00549,71,0.6153479088920681,0.809242793820652,0.4214530239634842,16908,21219,554,2075,,,,,2,True,0.032765554766974216,0.09778971676327819,0.06502416199630398,0.0,0.5967352808719663,0.5967352808719663,True,0.8351970460854043,0.5971997297831734,0.23799731630223098,0.3447781154284798,0.8496213441378669,0.5048432287093871,True,scale_normalized,largest matched target instance,Crop centre and scale only; never model input or prediction guidance.,0,3,"[30, 336, 216, 522]",186,0.5057373046875,0.016357421875,0.48828125,0.504638671875
Cx22-Multi-Test:000073,00550,72,0.8890011001564757,0.8802986512524085,0.8977035490605428,3772,4532,243,236,,,,,2,True,0.0644220572640509,0.05207413945278023,0.012347917811270669,0.0,0.5510197035614683,0.5510197035614683,True,0.8260402075990816,0.8178895050986352,0.00815070250044636,0.5654678907439417,1.0,0.43453210925605834,True,scale_normalized,largest matched target instance,Crop centre and scale only; never model input or prediction guidance.,15,2,"[-7, 355, 83, 445]",90,0.5057373046875,0.02996826171875,0.4671630859375,0.49713134765625
Cx22-Multi-Test:000074,00551,73,0.5845507751206134,0.863073729530253,0.30602782071097373,6109,6898,99,548,,,,,3,True,0.016205598297593715,0.07944331690345027,0.06323771860585656,0.0,0.5783888810121384,0.5783888810121384,True,0.7212126553298833,0.6478241101650485,0.07338854516483484,0.3954024958103549,0.900245724519742,0.5048432287093871,True,scale_normalized,largest matched target instance,Crop centre and scale only; never model input or prediction guidance.,8,9,"[-7, 108, 104, 219]",111,0.5057373046875,0.0079345703125,0.496337890625,0.5042724609375
Cx22-Multi-Test:000075,00552,74,0.8705303385642637,0.9028643906563788,0.8381962864721485,8782,10140,216,161,,,,,2,True,0.02459576406285584,0.015877712031558185,0.008718052031297656,0.0,0.5148232761402463,0.5148232761402463,True,0.8389122595623711,0.8147664628143566,0.024145796748014536,0.562344848459663,1.0,0.43765515154033696,True,scale_normalized,largest matched target instance,Crop centre and scale only; never model input or prediction guidance.,3,3,"[121, 324, 255, 458]",134,0.5057373046875,0.012939453125,0.48895263671875,0.50189208984375
Cx22-Multi-Test:000076,00552,75,0.8524480270127119,0.8447265625,0.8601694915254238,8400,7984,239,233,,,,,3,True,0.02845238095238095,0.029183366733466935,0.0007309857810859841,0.0,0.528128930842155,0.528128930842155,True,0.8435807390864695,0.8971375682555822,0.05355682916911275,0.6447159539008886,1.0,0.35528404609911135,True,scale_normalized,largest matched target instance,Crop centre and scale only; never model input or prediction guidance.,9,9,"[116, 208, 247, 339]",131,0.5057373046875,0.01458740234375,0.48699951171875,0.5015869140625
Cx22-Multi-Test:000077,00553,76,0.8980080525535071,0.8626827717736809,0.9333333333333333,4246,5192,77,73,,,,,1,False,0.018134715025906734,0.014060092449922958,0.004074622575983776,0.0,0.5130056565586111,0.5130056565586111,True,0.7263842807688838,0.7785730219145969,0.052188741145713036,0.5261514075599033,1.0,0.4738485924400967,True,scale_normalized,largest matched target instance,Crop centre and scale only; never model input or prediction guidance.,1,1,"[82, 40, 175, 133]",93,0.5057373046875,0.0091552734375,0.48870849609375,0.49786376953125
Cx22-Multi-Test:000078,00553,77,0.31221139483287885,0.5815030375122138,0.042919752153543905,13396,10143,143,6474,,,,,1,False,0.0106748283069573,0.6382727003845017,0.6275978720775444,0.1393271362758136,1.1372182644931899,0.9978911282173762,False,0.748058444036921,0.5860110569028016,0.16204738713411937,0.3335894425481081,0.8384326712574952,0.5048432287093871,True,scale_normalized,largest matched target instance,Crop centre and scale only; never model input or prediction guidance.,2,2,"[46, 321, 210, 485]",164,0.5057373046875,0.00537109375,0.49786376953125,0.50323486328125
Cx22-Multi-Test:000079,00556,78,0.8275969188383796,0.9171656686626747,0.7380281690140845,5683,6341,134,221,,,,,1,False,0.02357909554812599,0.03485254691689008,0.011273451368764092,0.0,0.5337981110255782,0.5337981110255782,True,0.8393176531964956,0.866334711012503,0.027017057816007384,0.6139130966578095,1.0,0.38608690334219053,True,scale_normalized,largest matched target instance,Crop centre and scale only; never model input or prediction guidance.,2,2,"[270, 22, 378, 130]",108,0.5057373046875,0.011474609375,0.4879150390625,0.4993896484375
Cx22-Multi-Test:000080,00557,79,0.7408467016382976,0.8492147707979627,0.6324786324786325,8368,10480,96,138,,,,,1,False,0.011472275334608031,0.01316793893129771,0.0016956635966896786,0.0,0.5121135030399858,0.5121135030399858,True,0.8624193473515535,0.8713695604969054,0.008950213145351937,0.6189479461422118,1.0,0.3810520538577882,True,scale_normalized,largest matched target instance,Crop centre and scale only; never model input or prediction guidance.,11,11,"[330, 283, 460, 413]",130,0.5057373046875,0.005859375,0.490966796875,0.496826171875
Cx22-Multi-Test:000081,00557,80,0.44813327074795545,0.7743153219837158,0.12195121951219512,12045,14975,110,1694,,,,,2,True,0.0091324200913242,0.11312186978297162,0.10398944969164742,0.0,0.6120674338916596,0.6120674338916596,True,0.8484521784815439,0.24916086359934672,0.5992913148821971,0.0,0.5015824779540403,0.5015824779540403,False,scale_normalized,largest matched target instance,Crop centre and scale only; never model input or prediction guidance.,5,5,"[152, -10, 308, 146]",156,0.5057373046875,0.00457763671875,0.49462890625,0.49920654296875
Cx22-Multi-Test:000082,00558,81,0.6533436693241542,0.9023746701846965,0.40431266846361186,3585,3995,90,281,,,,,2,True,0.02510460251046025,0.07033792240300375,0.045233319892543505,0.0,0.5692834865116918,0.5692834865116918,True,0.8250185131533239,0.7336304750019884,0.09138803815133545,0.48120886064729484,0.986052089356682,0.5048432287093871,True,scale_normalized,largest matched target instance,Crop centre and scale only; never model input or prediction guidance.,9,9,"[258, 23, 344, 109]",86,0.5057373046875,0.01251220703125,0.48651123046875,0.4990234375
Cx22-Multi-Test:000083,00562,82,0.6488709220031332,0.9284472381971379,0.36929460580912865,3788,3689,89,393,,,,,2,True,0.023495248152059132,0.10653293575494714,0.08303768760288802,0.0,0.6054784998636352,0.6054784998636352,True,0.8623038944754892,0.26015426678536624,0.6021496276901229,0.007732652430672671,0.5125758811400598,0.5048432287093871,False,scale_normalized,largest matched target instance,Crop centre and scale only; never model input or prediction guidance.,3,11,"[95, 63, 183, 151]",88,0.5057373046875,0.01141357421875,0.48907470703125,0.50048828125
Cx22-Multi-Test:000084,00563,83,0.9403954427555699,0.9752790744875177,0.905511811023622,12231,12404,123,131,,,,,1,False,0.010056414029923964,0.010561109319574331,0.0005046952896503674,0.0,0.5095066734282624,0.5095066734282624,True,0.7192256688326983,0.7319294267812263,0.01270375794852796,0.47950781242653273,0.9843510411359199,0.5048432287093871,True,scale_normalized,largest matched target instance,Crop centre and scale only; never model input or prediction guidance.,1,3,"[336, 71, 493, 228]",157,0.5057373046875,0.0048828125,0.495849609375,0.500732421875
Cx22-Multi-Test:000085,00564,84,0.7658902381665027,0.8971650917176209,0.6346153846153846,4064,4931,71,33,,,,,2,True,0.017470472440944882,0.006692354491989455,0.010778117948955428,0.0,0.5056379186006775,0.5056379186006775,True,0.7129922669356821,0.7480139018846566,0.03502163494897448,0.495592287529963,1.0,0.504407712470037,True,scale_normalized,largest matched target instance,Crop centre and scale only; never model input or prediction guidance.,14,1,"[26, 112, 117, 203]",91,0.5057373046875,0.0087890625,0.490478515625,0.499267578125
Cx22-Multi-Test:000086,00565,85,0.5106905424291107,0.8322557893499472,0.18912529550827423,3937,4570,41,382,,,,,2,True,0.010414020828041656,0.08358862144420132,0.07317460061615966,0.0,0.5825341855528894,0.5825341855528894,True,0.7991743054141817,0.33541873211810314,0.4637555732960785,0.08299711776340957,0.5878403464727967,0.5048432287093871,False,scale_normalized,largest matched target instance,Crop centre and scale only; never model input or prediction guidance.,22,21,"[416, 165, 505, 254]",89,0.5057373046875,0.00506591796875,0.49627685546875,0.5013427734375
Cx22-Multi-Test:000087,00568,86,0.7276417746518611,0.8687450877652607,0.5865384615384616,3424,4210,62,146,,,,,2,True,0.018107476635514017,0.03467933491686461,0.016571858281350594,0.0,0.5336248990255527,0.5336248990255527,True,0.9273260897727249,0.640948171326721,0.2863779184460039,0.3885265569720274,0.8933697856814146,0.5048432287093871,False,scale_normalized,largest matched target instance,Crop centre and scale only; never model input or prediction guidance.,11,9,"[288, 122, 372, 206]",84,0.5057373046875,0.00836181640625,0.48590087890625,0.4942626953125
Cx22-Multi-Test:000088,00569,87,0.8344218851685301,0.9454395150179112,0.723404255319149,3592,3666,64,77,,,,,1,False,0.017817371937639197,0.021003818876159302,0.0031864469385201044,0.0,0.5199493829848474,0.5199493829848474,True,0.77435275056413,0.809690844022618,0.03533809345848804,0.5572692296679245,1.0,0.44273077033207553,True,scale_normalized,largest matched target instance,Crop centre and scale only; never model input or prediction guidance.,2,4,"[72, 251, 166, 345]",94,0.5057373046875,0.0074462890625,0.40765380859375,0.41510009765625
Cx22-Multi-Test:000089,00570,88,0.7892254295460214,0.8928774928774929,0.6855733662145499,8444,9106,279,532,,,,,1,False,0.03304121269540502,0.058423017790467824,0.025381805095062805,0.0,0.5573685818991558,0.5573685818991558,True,0.7991385160036769,0.822852654058159,0.02371413805448208,0.5704310397034654,1.0,0.4295689602965346,True,scale_normalized,largest matched target instance,Crop centre and scale only; never model input or prediction guidance.,6,7,"[259, 400, 391, 532]",132,0.5057373046875,0.01654052734375,0.4854736328125,0.50201416015625
Cx22-Multi-Test:000090,00572,89,0.8503716166356086,0.8592989632555187,0.8414442700156985,6301,7878,299,338,,,,,1,False,0.04745278527217902,0.0429042904290429,0.004548494843136117,0.0,0.5418498545377309,0.5418498545377309,True,0.8002805275343048,0.87593183723348,0.07565130969917522,0.6235102228787864,1.0,0.37648977712121356,True,scale_normalized,largest matched target instance,Crop centre and scale only; never model input or prediction guidance.,9,9,"[320, 197, 435, 312]",115,0.5057373046875,0.02227783203125,0.47613525390625,0.4984130859375
Cx22-Multi-Test:000091,00575,90,0.8399811652282594,0.8145535254250723,0.8654088050314466,10526,14705,751,839,,,,,3,True,0.07134714041421243,0.05705542332539952,0.01429171708881291,0.0,0.5560009874340875,0.5560009874340875,True,0.8309563345931288,0.8338056646876273,0.0028493300944985034,0.5813840503329337,1.0,0.4186159496670663,True,scale_normalized,largest matched target instance,Crop centre and scale only; never model input or prediction guidance.,8,6,"[298, 49, 448, 199]",150,0.5057373046875,0.03338623046875,0.46728515625,0.50067138671875
Cx22-Multi-Test:000092,00576,91,0.830047438743091,0.9694041867954911,0.6906906906906907,7624,7280,230,436,,,,,1,False,0.030167890870933894,0.05989010989010989,0.029722219019176,0.0,0.558835673998798,0.558835673998798,True,0.8182417982490445,0.7069054640094634,0.11133633423958111,0.45448384965476984,0.959327078364157,0.5048432287093871,True,scale_normalized,largest matched target instance,Crop centre and scale only; never model input or prediction guidance.,1,0,"[117, 177, 245, 305]",128,0.5057373046875,0.0140380859375,0.46533203125,0.4793701171875
Cx22-Multi-Test:000093,00576,92,0.944569903362074,0.9709579885423297,0.9181818181818182,12448,12688,108,112,,,,,1,False,0.008676092544987147,0.008827238335435058,0.00015114579044791035,0.0,0.5077728024441232,0.5077728024441232,True,0.8303034741010151,0.8119470551706076,0.018356418930407514,0.559525440815914,1.0,0.44047455918408596,True,scale_normalized,largest matched target instance,Crop centre and scale only; never model input or prediction guidance.,4,5,"[231, 324, 389, 482]",158,0.5057373046875,0.0042724609375,0.49951171875,0.5037841796875
Cx22-Multi-Test:000094,00577,93,0.80761474959739,0.9283608123260932,0.6868686868686869,11465,12614,130,68,,,,,1,False,0.0113388573920628,0.005390835579514825,0.005948021812547975,0.0,0.5043363996882029,0.5043363996882029,True,0.8591111880164324,0.6792297979160882,0.1798813901003442,0.4268081835613946,0.9316514122707817,0.5048432287093871,True,scale_normalized,largest matched target instance,Crop centre and scale only; never model input or prediction guidance.,5,9,"[341, 99, 493, 251]",152,0.5057373046875,0.00537109375,0.49713134765625,0.50250244140625
Cx22-Multi-Test:000095,00578,94,0.8376719824890557,0.9312963459304923,0.7440476190476191,5436,5757,157,179,,,,,1,False,0.028881530537159677,0.031092582942504776,0.0022110524053450993,0.0,0.5300381470511928,0.5300381470511928,True,0.791403987661704,0.8025054754247195,0.01110148776301556,0.5500838610700259,1.0,0.44991613892997406,True,scale_normalized,largest matched target instance,Crop centre and scale only; never model input or prediction guidance.,9,4,"[395, 314, 501, 420]",106,0.5057373046875,0.01361083984375,0.48077392578125,0.494384765625
Cx22-Multi-Test:000096,00579,95,0.5940886426412129,0.9094887606922618,0.2786885245901639,5325,4729,68,420,,,,,1,False,0.012769953051643192,0.0888137026855572,0.07604374963391401,0.0,0.5877592667942453,0.5877592667942453,True,0.7468881888038891,0.5026382818006975,0.2442499070031916,0.2502166674460039,0.755059896155391,0.5048432287093871,True,scale_normalized,largest matched target instance,Crop centre and scale only; never model input or prediction guidance.,8,4,"[66, 214, 170, 318]",104,0.5057373046875,0.00604248046875,0.49371337890625,0.499755859375
Cx22-Multi-Test:000097,00580,96,0.8998326844642195,0.8594354838709677,0.9402298850574713,10757,14043,438,432,,,,,3,True,0.04071767221344241,0.03076265755180517,0.009955014661637243,0.0,0.5297082216604933,0.5297082216604933,True,0.7166241849628461,0.7090696743130186,0.007554510649827484,0.456648059958325,0.9614912886677122,0.5048432287093871,True,scale_normalized,largest matched target instance,Crop centre and scale only; never model input or prediction guidance.,2,6,"[161, 123, 310, 272]",149,0.5057373046875,0.02008056640625,0.48419189453125,0.5042724609375
Cx22-Multi-Test:000098,00581,97,0.15167319586368747,0.27848451327433627,0.024861878453038673,5116,2116,54,4290,,,,,2,True,0.01055512118842846,2.0274102079395084,2.01685508675108,1.5284646438308203,2.5263557720481966,0.9978911282173764,False,0.7300079323324363,0.7430755201678642,0.01306758783542783,0.4906539058131706,0.9954971345225577,0.5048432287093871,True,scale_normalized,largest matched target instance,Crop centre and scale only; never model input or prediction guidance.,6,2,"[427, -1, 529, 101]",102,0.5057373046875,0.005126953125,0.4930419921875,0.4981689453125
Cx22-Multi-Test:000099,00582,98,0.14906174015089757,0.2779680923950279,0.020155387906767255,21991,8660,179,17583,,,,,1,False,0.008139693510981766,2.0303695150115475,2.0222298215005656,1.5314239509028593,2.5293150791202357,0.9978911282173764,False,0.8287140978503651,0.5686383711083053,0.2600757267420598,0.3162167567536117,0.8210599854629989,0.5048432287093871,False,scale_normalized,largest matched target instance,Crop centre and scale only; never model input or prediction guidance.,4,2,"[141, 141, 351, 351]",210,0.5057373046875,0.00396728515625,0.4998779296875,0.50384521484375
Cx22-Multi-Test:000100,00584,99,0.8866191862223234,0.8646838001732602,0.9085545722713865,7516,9799,178,161,,,,,1,False,0.02368281000532198,0.01643024798448821,0.007252562020833769,0.0,0.5153758120931763,0.5153758120931763,True,0.8122156957434884,0.8147664670022708,0.002550771258782447,0.5623448526475773,1.0,0.4376551473524227,True,scale_normalized,largest matched target instance,Crop centre and scale only; never model input or prediction guidance.,6,11,"[285, 257, 409, 381]",124,0.5057373046875,0.01129150390625,0.48944091796875,0.500732421875
